sp_rms,axy_absmean,axx_absmean,fx_mean,fres_mean,fy_mean,fz_mean,tool,run
False,False,False,False,False,False,False,1,1
False,False,False,False,False,False,False,1,2
False,False,False,False,False,False,False,1,3
False,False,False,False,False,False,False,1,4
False,False,False,False,False,False,False,1,5
False,False,False,False,False,False,False,1,6
False,False,False,False,False,False,False,1,7
False,False,False,False,False,False,False,1,8
False,False,False,False,False,False,False,1,9
False,False,False,False,False,False,False,1,10
False,False,False,False,False,False,False,1,11
False,False,False,False,False,False,False,1,12
False,False,False,False,False,False,False,1,13
False,False,False,False,False,False,False,1,14
False,False,False,False,False,False,False,1,15
False,False,False,False,False,False,False,1,16
False,False,False,False,False,False,False,1,17
False,False,False,False,False,False,False,1,18
False,False,False,False,False,False,False,1,19
False,False,False,False,False,False,False,1,20
False,False,False,False,False,False,False,1,21
False,False,False,False,False,False,False,1,22
False,False,False,False,False,False,False,1,23
False,False,False,False,False,False,False,1,24
False,False,False,False,False,False,False,1,25
False,False,False,False,False,False,False,1,26
False,False,False,False,False,False,False,1,27
False,False,False,False,False,False,False,1,28
False,False,False,False,False,False,False,1,29
False,False,False,False,False,False,False,1,30
False,False,False,False,False,False,False,1,31
False,False,False,False,False,False,False,1,32
False,False,False,False,False,False,False,1,33
False,False,False,False,False,False,False,1,34
False,False,False,False,False,False,False,1,35
False,False,False,False,False,False,False,1,36
False,False,False,False,False,False,False,1,37
False,False,False,False,False,False,False,1,38
False,False,False,False,False,False,False,1,39
False,False,False,False,False,False,False,1,40
False,False,False,False,False,False,False,1,41
False,False,False,False,False,False,False,1,42
False,False,False,False,False,False,False,1,43
False,False,False,False,False,False,False,1,44
False,False,False,False,False,False,False,1,45
False,False,False,False,False,False,False,1,46
False,False,False,False,False,False,False,1,47
False,False,False,False,False,False,False,1,48
False,False,False,False,False,False,False,1,49
False,False,False,False,False,False,False,1,50
False,False,False,False,False,False,False,1,51
False,False,False,False,False,False,False,1,52
False,False,False,False,False,False,False,1,53
False,False,False,False,False,False,False,1,54
False,False,False,False,False,False,False,1,55
False,False,False,False,False,False,False,1,56
False,False,False,False,False,False,False,1,57
False,False,False,False,False,False,False,1,58
False,False,False,False,False,False,False,1,59
False,False,False,False,False,False,False,1,60
False,False,False,False,False,False,False,1,61
False,False,False,False,False,False,False,1,62
False,False,False,False,False,False,False,1,63
False,False,False,False,False,False,False,1,64
False,False,False,False,False,False,False,1,65
False,False,False,False,False,False,False,1,66
False,False,False,False,False,False,False,1,67
False,False,False,False,False,False,False,1,68
False,False,False,False,False,False,False,1,69
False,False,False,False,False,False,False,1,70
False,False,False,False,False,False,False,1,71
False,False,False,False,False,False,False,1,72
False,False,False,False,False,False,False,1,73
False,False,False,False,False,False,False,1,74
False,False,False,False,False,False,False,1,75
False,False,False,False,False,False,False,1,76
False,False,False,False,False,False,False,1,77
False,False,False,False,False,False,False,1,78
False,False,False,False,False,False,False,1,79
False,False,False,False,False,False,False,1,80
False,False,False,False,False,False,False,1,81
False,False,False,False,False,False,False,1,82
False,False,False,False,False,False,False,1,83
False,False,False,False,False,False,False,1,84
False,False,False,False,False,False,False,1,85
False,False,False,False,False,False,False,1,86
False,False,False,False,False,False,False,1,87
False,False,False,False,False,False,False,1,88
False,False,False,False,False,False,False,1,89
False,False,False,False,False,False,False,1,90
False,False,False,False,False,False,False,1,91
False,False,False,False,False,False,False,1,92
False,False,False,False,False,False,False,1,93
False,False,False,False,False,False,False,1,94
False,False,False,False,False,False,False,1,95
False,False,False,False,False,False,False,1,96
False,False,False,False,False,False,False,1,97
False,False,False,False,False,False,False,1,98
False,False,False,False,False,False,False,1,99
False,False,False,False,False,False,False,1,100
False,False,False,False,False,False,False,1,101
False,False,False,False,False,False,False,1,102
False,False,False,False,False,False,False,1,103
False,False,False,False,False,False,False,1,104
False,False,False,False,False,False,False,1,105
False,False,False,False,False,False,False,1,106
False,False,False,False,False,False,False,1,107
False,False,False,False,False,False,False,1,108
False,False,False,False,False,False,False,1,109
False,False,False,False,False,False,False,1,110
False,False,False,False,False,False,False,1,111
False,False,False,False,False,False,False,1,112
False,False,False,False,False,False,False,1,113
False,False,False,False,False,False,False,1,114
False,False,False,False,False,False,False,1,115
False,False,False,False,False,False,False,1,116
False,False,False,False,False,False,False,1,117
False,False,False,False,False,False,False,1,118
False,False,False,False,False,False,False,1,119
False,False,False,False,False,False,False,1,120
False,False,False,False,False,False,False,1,121
False,False,False,False,False,False,False,1,122
False,False,False,False,False,False,False,1,123
False,False,False,False,False,False,False,1,124
False,False,False,False,False,False,False,1,125
False,False,False,False,False,False,False,1,126
False,False,False,False,False,False,False,1,127
False,False,False,False,False,False,False,1,128
False,False,False,False,False,False,False,1,129
False,False,False,False,False,False,False,1,130
False,False,False,False,False,False,False,1,131
False,False,False,False,False,False,False,1,132
False,False,False,False,False,False,False,1,133
False,False,False,False,False,False,False,1,134
False,False,False,False,False,False,False,1,135
False,False,False,False,False,False,False,1,136
False,False,False,False,False,False,False,1,137
False,False,False,False,False,False,False,1,138
False,False,False,False,False,False,False,1,139
False,False,False,False,False,False,False,1,140
False,False,False,False,False,False,False,1,141
False,False,False,False,False,False,False,1,142
False,False,False,False,False,False,False,1,143
False,False,False,False,False,False,False,1,144
False,False,False,False,False,False,False,1,145
False,False,False,False,False,False,False,1,146
False,False,False,False,False,False,False,1,147
False,False,False,False,False,False,False,1,148
False,False,False,False,False,False,False,1,149
False,False,False,False,False,False,False,1,150
False,False,False,False,False,False,False,1,151
False,False,False,False,False,False,False,1,152
False,False,False,False,False,False,False,1,153
False,False,False,False,False,False,False,1,154
False,False,False,False,False,False,False,1,155
False,False,False,False,False,False,False,1,156
False,False,False,False,False,False,False,1,157
False,False,False,False,False,False,False,1,158
False,False,False,False,False,False,False,1,159
False,False,False,False,False,False,False,1,160
False,False,False,False,False,False,False,1,161
False,False,False,False,False,False,False,1,162
False,False,False,False,False,False,False,1,163
False,False,False,False,False,False,False,1,164
False,False,False,False,False,False,False,1,165
False,False,False,False,False,False,False,1,166
False,False,False,False,False,False,False,1,167
False,False,False,False,False,False,False,1,168
False,False,False,False,False,False,False,1,169
False,False,False,False,False,False,False,1,170
False,False,False,False,False,False,False,1,171
False,False,False,False,False,False,False,1,172
False,False,False,False,False,False,False,1,173
False,False,False,False,False,False,False,1,174
False,False,False,False,False,False,False,1,175
False,False,False,False,False,False,False,1,176
False,False,False,False,False,False,False,1,177
False,False,False,False,False,False,False,1,178
False,False,False,False,False,False,False,1,179
False,False,False,False,False,False,False,1,180
False,False,False,False,False,False,False,1,181
False,False,False,False,False,False,False,1,182
False,False,False,False,False,False,False,1,183
False,False,False,False,False,False,False,1,184
False,False,False,False,False,False,False,1,185
False,False,False,False,False,False,False,1,186
False,False,False,False,False,False,False,1,187
False,False,False,False,False,False,False,1,188
False,False,False,False,False,False,False,1,189
False,False,False,False,False,False,False,1,190
False,False,False,False,False,False,False,1,191
False,False,False,False,False,False,False,1,192
False,False,False,False,False,False,False,1,193
False,False,False,False,False,False,False,1,194
False,False,False,False,False,False,False,1,195
False,False,False,False,False,False,False,1,196
False,False,False,False,False,False,False,1,197
False,False,False,False,False,False,False,1,198
False,False,False,False,False,False,False,1,199
False,False,False,False,False,False,False,1,200
False,False,False,False,False,False,False,1,201
False,False,False,False,False,False,False,1,202
False,False,False,False,False,False,False,1,203
False,False,False,False,False,False,False,1,204
False,False,False,False,False,False,False,1,205
False,False,False,False,False,False,False,1,206
False,False,False,False,False,False,False,1,207
False,False,False,False,False,False,False,1,208
False,False,False,False,False,False,False,1,209
False,False,False,False,False,False,False,1,210
False,False,False,False,False,False,False,1,211
False,False,False,False,False,False,False,1,212
False,False,False,False,False,False,False,1,213
False,False,False,False,False,False,False,1,214
False,False,False,False,False,False,False,1,215
False,False,False,False,False,False,False,1,216
False,False,False,False,False,False,False,1,217
False,False,False,False,False,False,False,1,218
False,False,False,False,False,False,False,1,219
False,False,False,False,False,False,False,1,220
False,False,False,False,False,False,False,1,221
False,False,False,False,False,False,False,1,222
False,False,False,False,False,False,False,1,223
False,False,False,False,False,False,False,1,224
False,False,False,False,False,False,False,1,225
False,False,False,False,False,False,False,1,226
False,False,False,False,False,False,False,1,227
False,False,False,False,False,False,False,1,228
False,False,False,False,False,False,False,1,229
False,False,False,False,False,False,False,1,230
False,False,False,False,False,False,False,1,231
False,False,False,False,False,False,False,1,232
False,False,False,False,False,False,False,1,233
False,False,False,False,False,False,False,1,234
False,False,False,False,False,False,False,1,235
False,False,False,False,False,False,False,1,236
False,False,False,False,False,False,False,1,237
False,False,False,False,False,False,False,1,238
False,False,False,False,False,False,False,1,239
False,False,False,False,False,False,False,1,240
False,False,False,False,False,False,False,1,241
False,False,False,False,False,False,False,1,242
False,False,False,False,False,False,False,1,243
False,False,False,False,False,False,False,1,244
False,False,False,False,False,False,False,1,245
False,False,False,False,False,False,False,1,246
False,False,False,False,False,False,False,1,247
False,False,False,False,False,False,False,1,248
False,False,False,False,False,False,False,1,249
False,False,False,False,False,False,False,1,250
False,False,False,False,False,False,False,1,251
False,False,False,False,False,False,False,1,252
False,False,False,False,False,False,False,1,253
False,False,False,False,False,False,False,1,254
False,False,False,False,False,False,False,1,255
False,False,False,False,False,False,False,1,256
False,False,False,False,False,False,False,1,257
False,False,False,False,False,False,False,1,258
False,False,False,False,False,False,False,1,259
False,False,False,False,False,False,False,1,260
False,False,False,False,False,False,False,1,261
False,False,False,False,False,False,False,1,262
False,False,False,False,False,False,False,1,263
False,False,False,False,False,False,False,1,264
False,False,False,False,False,False,False,1,265
False,False,False,False,False,False,False,1,266
False,False,False,False,False,False,False,1,267
False,False,False,False,False,False,False,1,268
False,False,False,False,False,False,False,1,269
False,False,False,False,False,False,False,1,270
False,False,False,False,False,False,False,1,271
False,False,False,False,False,False,False,1,272
False,False,False,False,False,False,False,1,273
False,False,False,False,False,False,False,1,274
False,False,False,False,False,False,False,1,275
False,False,False,False,False,False,False,1,276
False,False,False,False,False,False,False,1,277
False,False,False,False,False,False,False,1,278
False,False,False,False,False,False,False,1,279
False,False,False,False,False,False,False,1,280
False,False,False,False,False,False,False,1,281
False,False,False,False,False,False,False,1,282
False,False,False,False,False,False,False,1,283
False,False,False,False,False,False,False,1,284
False,False,False,False,False,False,False,1,285
False,False,False,False,False,False,False,1,286
False,False,False,False,False,False,False,1,287
False,False,False,False,False,False,False,1,288
False,False,False,False,False,False,False,1,289
False,False,False,False,False,False,False,1,290
False,False,False,False,False,False,False,1,291
False,False,False,False,False,False,False,1,292
False,False,False,False,False,False,False,1,293
False,False,False,False,False,False,False,1,294
False,False,False,False,False,False,False,1,295
False,False,False,False,False,False,False,1,296
False,False,False,False,False,False,False,1,297
False,False,False,False,False,False,False,1,298
False,False,False,False,False,False,False,1,299
False,False,False,False,False,False,False,1,300
False,False,False,False,False,False,False,1,301
False,False,False,False,False,False,False,1,302
False,False,False,False,False,False,False,1,303
False,False,False,False,False,False,False,1,304
False,False,False,False,False,False,False,1,305
False,False,False,False,False,False,False,1,306
False,False,False,False,False,False,False,1,307
False,False,False,False,False,False,False,1,308
False,False,False,False,False,False,False,1,309
False,False,False,False,False,False,False,1,310
False,False,False,False,False,False,False,1,311
False,False,False,False,False,False,False,1,312
False,False,False,False,False,False,False,1,313
False,False,False,False,False,False,False,1,314
False,False,False,False,False,False,False,1,315
False,False,False,False,False,False,False,1,316
False,False,False,False,False,False,False,1,317
False,False,False,False,False,False,False,1,318
False,False,False,False,False,False,False,1,319
False,False,False,False,False,False,False,1,320
False,False,False,False,False,False,False,1,321
False,False,False,False,False,False,False,1,322
False,False,False,False,False,False,False,1,323
False,False,False,False,False,False,False,1,324
False,False,False,False,False,False,False,1,325
False,False,False,False,False,False,False,1,326
False,False,False,False,False,False,False,1,327
False,False,False,False,False,False,False,1,328
False,False,False,False,False,False,False,1,329
False,False,False,False,False,False,False,1,330
False,False,False,False,False,False,False,1,331
False,False,False,False,False,False,False,1,332
False,False,False,False,False,False,False,1,333
False,False,False,False,False,False,False,1,334
False,False,False,False,False,False,False,1,335
False,False,False,False,False,False,False,1,336
False,False,False,False,False,False,False,1,337
False,False,False,False,False,False,False,1,338
False,False,False,False,False,False,False,1,339
False,False,False,False,False,False,False,1,340
False,False,False,False,False,False,False,1,341
False,False,False,False,False,False,False,1,342
False,False,False,False,False,False,False,1,343
False,False,False,False,False,False,False,1,344
False,False,False,False,False,False,False,1,345
False,False,False,False,False,False,False,1,346
False,False,False,False,False,False,False,1,347
False,False,False,False,False,False,False,1,348
False,False,False,False,False,False,False,1,349
False,False,False,False,False,False,False,1,350
False,False,False,False,False,False,False,1,351
False,False,False,False,False,False,False,1,352
False,False,False,False,False,False,False,1,353
False,False,False,False,False,False,False,1,354
False,False,False,False,False,False,False,1,355
False,False,False,False,False,False,False,1,356
False,False,False,False,False,False,False,1,357
False,False,False,False,False,False,False,1,358
False,False,False,False,False,False,False,1,359
False,False,False,False,False,False,False,1,360
False,False,False,False,False,False,False,1,361
False,False,False,False,False,False,False,1,362
False,False,False,False,False,False,False,1,363
False,False,False,False,False,False,False,1,364
False,False,False,False,False,False,False,1,365
False,False,False,False,False,False,False,1,366
False,False,False,False,False,False,False,1,367
False,False,False,False,False,False,False,1,368
False,False,False,False,False,False,False,1,369
False,False,False,False,False,False,False,1,370
False,False,False,False,False,False,False,1,371
False,False,False,False,False,False,False,1,372
False,False,False,False,False,False,False,1,373
False,False,False,False,False,False,False,1,374
False,False,False,False,False,False,False,1,375
False,False,False,False,False,False,False,1,376
False,False,False,False,False,False,False,1,377
False,False,False,False,False,False,False,1,378
False,False,False,False,False,False,False,1,379
False,False,False,False,False,False,False,1,380
False,False,False,False,False,False,False,1,381
False,False,False,False,False,False,False,1,382
False,False,False,False,False,False,False,1,383
False,False,False,False,False,False,False,1,384
False,False,False,False,False,False,False,1,385
False,False,False,False,False,False,False,1,386
False,False,False,False,False,False,False,1,387
False,False,False,False,False,False,False,1,388
False,False,False,False,False,False,False,1,389
False,False,False,False,False,False,False,1,390
False,False,False,False,False,False,False,1,391
False,False,False,False,False,False,False,1,392
False,False,False,False,False,False,False,1,393
False,False,False,False,False,False,False,1,394
False,False,False,False,False,False,False,1,395
False,False,False,False,False,False,False,1,396
False,False,False,False,False,False,False,1,397
False,False,False,False,False,False,False,1,398
False,False,False,False,False,False,False,1,399
False,False,False,False,False,False,False,1,400
False,False,False,False,False,False,False,1,401
False,False,False,False,False,False,False,1,402
False,False,False,False,False,False,False,1,403
False,False,False,False,False,False,False,1,404
False,False,False,False,False,False,False,1,405
False,False,False,False,False,False,False,1,406
False,False,False,False,False,False,False,1,407
False,False,False,False,False,False,False,1,408
False,False,False,False,False,False,False,1,409
False,False,False,False,False,False,False,1,410
False,False,False,False,False,False,False,1,411
False,False,False,False,False,False,False,1,412
False,False,False,False,False,False,False,1,413
False,False,False,False,False,False,False,1,414
False,False,False,False,False,False,False,1,415
False,False,False,False,False,False,False,1,416
False,False,False,False,False,False,False,1,417
False,False,False,False,False,False,False,1,418
False,False,False,False,False,False,False,1,419
False,False,False,False,False,False,False,1,420
False,False,False,False,False,False,False,1,421
False,False,False,False,False,False,False,1,422
False,False,False,False,False,False,False,1,423
False,False,False,False,False,False,False,1,424
False,False,False,False,False,False,False,1,425
False,False,False,False,False,False,False,1,426
False,False,False,False,False,False,False,1,427
False,False,False,False,False,False,False,1,428
False,False,False,False,False,False,False,1,429
False,False,False,False,False,False,False,1,430
False,False,False,False,False,False,False,1,431
False,False,False,False,False,False,False,1,432
False,False,False,False,False,False,False,1,433
False,False,False,False,False,False,False,1,434
False,False,False,False,False,False,False,1,435
False,False,False,False,False,False,False,1,436
False,False,False,False,False,False,False,1,437
False,False,False,False,False,False,False,1,438
False,False,False,False,False,False,False,1,439
False,False,False,False,False,False,False,1,440
False,False,False,False,False,False,False,1,441
False,False,False,False,False,False,False,1,442
False,False,False,False,False,False,False,1,443
False,False,False,False,False,False,False,1,444
False,False,False,False,False,False,False,1,445
False,False,False,False,False,False,False,1,446
False,False,False,False,False,False,False,1,447
False,False,False,False,False,False,False,1,448
False,False,False,False,False,False,False,1,449
False,False,False,False,False,False,False,1,450
False,False,False,False,False,False,False,1,451
False,False,False,False,False,False,False,1,452
False,False,False,False,False,False,False,1,453
False,False,False,False,False,False,False,1,454
False,False,False,False,False,False,False,1,455
False,False,False,False,False,False,False,1,456
False,False,False,False,False,False,False,1,457
False,False,False,False,False,False,False,1,458
False,False,False,False,False,False,False,1,459
False,False,False,False,False,False,False,1,460
False,False,False,False,False,False,False,1,461
False,False,False,False,False,False,False,1,462
False,False,False,False,False,False,False,1,463
False,False,False,False,False,False,False,1,464
False,False,False,False,False,False,False,1,465
False,False,False,False,False,False,False,1,466
False,False,False,False,False,False,False,1,467
False,False,False,False,False,False,False,1,468
False,False,False,False,False,False,False,1,469
False,False,False,False,False,False,False,1,470
False,False,False,False,False,False,False,1,471
False,False,False,False,False,False,False,1,472
False,False,False,False,False,False,False,1,473
False,False,False,False,False,False,False,1,474
False,False,False,False,False,False,False,1,475
False,False,False,False,False,False,False,1,476
False,False,False,False,False,False,False,1,477
False,False,False,False,False,False,False,1,478
False,False,False,False,False,False,False,1,479
False,False,False,False,False,False,False,1,480
False,False,False,False,False,False,False,1,481
False,False,False,False,False,False,False,1,482
False,False,False,False,False,False,False,1,483
False,False,False,False,False,False,False,1,484
False,False,False,False,False,False,False,1,485
False,False,False,False,False,False,False,1,486
False,False,False,False,False,False,False,1,487
False,False,False,False,False,False,False,1,488
False,False,False,False,False,False,False,1,489
False,False,False,False,False,False,False,1,490
False,False,False,False,False,False,False,1,491
False,False,False,False,False,False,False,1,492
False,False,False,False,False,False,False,1,493
False,False,False,False,False,False,False,1,494
False,False,False,False,False,False,False,1,495
False,False,False,False,False,False,False,1,496
False,False,False,False,False,False,False,1,497
False,False,False,False,False,False,False,1,498
False,False,False,False,False,False,False,1,499
False,False,False,False,False,False,False,1,500
False,False,False,False,False,False,False,1,501
False,False,False,False,False,False,False,1,502
False,False,False,False,False,False,False,1,503
False,False,False,False,False,False,False,1,504
False,False,False,False,False,False,False,1,505
False,False,False,False,False,False,False,1,506
False,False,False,False,False,False,False,1,507
False,False,False,False,False,False,False,1,508
False,False,False,False,False,False,False,1,509
False,False,False,False,False,False,False,1,510
False,False,False,False,False,False,False,1,511
False,False,False,False,False,False,False,1,512
False,False,False,False,False,False,False,1,513
False,False,False,False,False,False,False,1,514
False,False,False,False,False,False,False,1,515
False,False,False,False,False,False,False,1,516
False,False,False,False,False,False,False,1,517
False,False,False,False,False,False,False,1,518
False,False,False,False,False,False,False,1,519
False,False,False,False,False,False,False,1,520
False,False,False,False,False,False,False,1,521
False,False,False,False,False,False,False,1,522
False,False,False,False,False,False,False,1,523
False,False,False,False,False,False,False,1,524
False,False,False,False,False,False,False,1,525
False,False,False,False,False,False,False,1,526
False,False,False,False,False,False,False,1,527
False,False,False,False,False,False,False,1,528
False,False,False,False,False,False,False,1,529
False,False,False,False,False,False,False,1,530
False,False,False,False,False,False,False,1,531
False,False,False,False,False,False,False,1,532
False,False,False,False,False,False,False,1,533
False,False,False,False,False,False,False,1,534
False,False,False,False,False,False,False,1,535
False,False,False,False,False,False,False,1,536
False,False,False,False,False,False,False,1,537
False,False,False,False,False,False,False,1,538
False,False,False,False,False,False,False,1,539
False,False,False,False,False,False,False,1,540
False,False,False,False,False,False,False,1,541
False,False,False,False,False,False,False,1,542
False,False,False,False,False,False,False,1,543
False,False,False,False,False,False,False,1,544
False,False,False,False,False,False,False,1,545
False,False,False,False,False,False,False,1,546
False,False,False,False,False,False,False,1,547
False,False,False,False,False,False,False,1,548
False,False,False,False,False,False,False,1,549
False,False,False,False,False,False,False,1,550
False,False,False,False,False,False,False,1,551
False,False,False,False,False,False,False,1,552
False,False,False,False,False,False,False,1,553
False,False,False,False,False,False,False,1,554
False,False,False,False,False,False,False,1,555
False,False,False,False,False,False,False,1,556
False,False,False,False,False,False,False,1,557
False,False,False,False,False,False,False,1,558
False,False,False,False,False,False,False,1,559
False,False,False,False,False,False,False,1,560
False,False,False,False,False,False,False,1,561
False,False,False,False,False,False,False,1,562
False,False,False,False,False,False,False,1,563
False,False,False,False,False,False,False,1,564
False,False,False,False,False,False,False,1,565
False,False,False,False,False,False,False,1,566
False,False,False,False,False,False,False,1,567
False,False,False,False,False,False,False,1,568
False,False,False,False,False,False,False,1,569
False,False,False,False,False,False,False,1,570
False,False,False,False,False,False,False,1,571
False,False,False,False,False,False,False,1,572
False,False,False,False,False,False,False,1,573
False,False,False,False,False,False,False,1,574
False,False,False,False,False,False,False,1,575
False,False,False,False,False,False,False,1,576
False,False,False,False,False,False,False,1,577
False,False,False,False,False,False,False,1,578
False,False,False,False,False,False,False,1,579
False,False,False,False,False,False,False,1,580
False,False,False,False,False,False,False,1,581
False,False,False,False,False,False,False,1,582
False,False,False,False,False,False,False,1,583
False,False,False,False,False,False,False,1,584
False,False,False,False,False,False,False,1,585
False,False,False,False,False,False,False,1,586
False,False,False,False,False,False,False,1,587
False,False,False,False,False,False,False,1,588
False,False,False,False,False,False,False,1,589
False,False,False,False,False,False,False,1,590
False,False,False,False,False,False,False,1,591
False,False,False,False,False,False,False,1,592
False,False,False,False,False,False,False,1,593
False,False,False,False,False,False,False,1,594
False,False,False,False,False,False,False,1,595
False,False,False,False,False,False,False,1,596
False,False,False,False,False,False,False,1,597
False,False,False,False,False,False,False,1,598
False,False,False,False,False,False,False,1,599
False,False,False,False,False,False,False,1,600
False,False,False,False,False,False,False,1,601
False,False,False,False,False,False,False,1,602
False,False,False,False,False,False,False,1,603
False,False,False,False,False,False,False,1,604
False,False,False,False,False,False,False,1,605
False,False,False,False,False,False,False,1,606
False,False,False,False,False,False,False,1,607
False,False,False,False,False,False,False,1,608
False,False,False,False,False,False,False,1,609
False,False,False,False,False,False,False,2,1
False,False,False,False,False,False,False,2,2
False,False,False,False,False,False,False,2,3
False,False,False,False,False,False,False,2,4
False,False,False,False,False,False,False,2,5
False,False,False,False,False,False,False,2,6
False,False,False,False,False,False,False,2,7
False,False,False,False,False,False,False,2,8
False,False,False,False,False,False,False,2,9
False,False,False,False,False,False,False,2,10
False,False,False,False,False,False,False,2,11
False,False,False,False,False,False,False,2,12
False,False,False,False,False,False,False,2,13
False,False,False,False,False,False,False,2,14
False,False,False,False,False,False,False,2,15
False,False,False,False,False,False,False,2,16
False,False,False,False,False,False,False,2,17
False,False,False,False,False,False,False,2,18
False,False,False,False,False,False,False,2,19
False,False,False,False,False,False,False,2,20
False,False,False,False,False,False,False,2,21
False,False,False,False,False,False,False,2,22
False,False,False,False,False,False,False,2,23
False,False,False,False,False,False,False,2,24
False,False,False,False,False,False,False,2,25
False,False,False,False,False,False,False,2,26
False,False,False,False,False,False,False,2,27
False,False,False,False,False,False,False,2,28
False,False,False,False,False,False,False,2,29
False,False,False,False,False,False,False,2,30
False,False,False,False,False,False,False,2,31
False,False,False,False,False,False,False,2,32
False,False,False,False,False,False,False,2,33
False,False,False,False,False,False,False,2,34
False,False,False,False,False,False,False,2,35
False,False,False,False,False,False,False,2,36
False,False,False,False,False,False,False,2,37
False,False,False,False,False,False,False,2,38
False,False,False,False,False,False,False,2,39
False,False,False,False,False,False,False,2,40
False,False,False,False,False,False,False,2,41
False,False,False,False,False,False,False,2,42
False,False,False,False,False,False,False,2,43
False,False,False,False,False,False,False,2,44
False,False,False,False,False,False,False,2,45
False,False,False,False,False,False,False,2,46
False,False,False,False,False,False,False,2,47
False,False,False,False,False,False,False,2,48
False,False,False,False,False,False,False,2,49
False,False,False,False,False,False,False,2,50
False,False,False,False,False,False,False,2,51
False,False,False,False,False,False,False,2,52
False,False,False,False,False,False,False,2,53
False,False,False,False,False,False,False,2,54
False,False,False,False,False,False,False,2,55
False,False,False,False,False,False,False,2,56
False,False,False,False,False,False,False,2,57
False,False,False,False,False,False,False,2,58
False,False,False,False,False,False,False,2,59
False,False,False,False,False,False,False,2,60
False,False,False,False,False,False,False,2,61
False,False,False,False,False,False,False,2,62
False,False,False,False,False,False,False,2,63
False,False,False,False,False,False,False,2,64
False,False,False,False,False,False,False,2,65
False,False,False,False,False,False,False,2,66
False,False,False,False,False,False,False,2,67
False,False,False,False,False,False,False,2,68
False,False,False,False,False,False,False,2,69
False,False,False,False,False,False,False,2,70
False,False,False,False,False,False,False,2,71
False,False,False,False,False,False,False,2,72
False,False,False,False,False,False,False,2,73
False,False,False,False,False,False,False,2,74
False,False,False,False,False,False,False,2,75
False,False,False,False,False,False,False,2,76
False,False,False,False,False,False,False,2,77
False,False,False,False,False,False,False,2,78
False,False,False,False,False,False,False,2,79
False,False,False,False,False,False,False,2,80
False,False,False,False,False,False,False,2,81
False,False,False,False,False,False,False,2,82
False,False,False,False,False,False,False,2,83
False,False,False,False,False,False,False,2,84
False,False,False,False,False,False,False,2,85
False,False,False,False,False,False,False,2,86
False,False,False,False,False,False,False,2,87
False,False,False,False,False,False,False,2,88
False,False,False,False,False,False,False,2,89
False,False,False,False,False,False,False,2,90
False,False,False,False,False,False,False,2,91
False,False,False,False,False,False,False,2,92
False,False,False,False,False,False,False,2,93
False,False,False,False,False,False,False,2,94
False,False,False,False,False,False,False,2,95
False,False,False,False,False,False,False,2,96
False,False,False,False,False,False,False,2,97
False,False,False,False,False,False,False,2,98
False,False,False,False,False,False,False,2,99
False,False,False,False,False,False,False,2,100
False,False,False,False,False,False,False,2,101
False,False,False,False,False,False,False,2,102
False,False,False,False,False,False,False,2,103
False,False,False,False,False,False,False,2,104
False,False,False,False,False,False,False,2,105
False,False,False,False,False,False,False,2,106
False,False,False,False,False,False,False,2,107
False,False,False,False,False,False,False,2,108
False,False,False,False,False,False,False,2,109
False,False,False,False,False,False,False,2,110
False,False,False,False,False,False,False,2,111
False,False,False,False,False,False,False,2,112
False,False,False,False,False,False,False,2,113
False,False,False,False,False,False,False,2,114
False,False,False,False,False,False,False,2,115
False,False,False,False,False,False,False,2,116
False,False,False,False,False,False,False,2,117
False,False,False,False,False,False,False,2,118
False,False,False,False,False,False,False,2,119
False,False,False,False,False,False,False,2,120
False,False,False,False,False,False,False,2,121
False,False,False,False,False,False,False,2,122
False,False,False,False,False,False,False,2,123
False,False,False,False,False,False,False,2,124
False,False,False,False,False,False,False,2,125
False,False,False,False,False,False,False,2,126
False,False,False,False,False,False,False,2,127
False,False,False,False,False,False,False,2,128
False,False,False,False,False,False,False,2,129
False,False,False,False,False,False,False,2,130
False,False,False,False,False,False,False,2,131
False,False,False,False,False,False,False,2,132
False,False,False,False,False,False,False,2,133
False,False,False,False,False,False,False,2,134
False,False,False,False,False,False,False,2,135
False,False,False,False,False,False,False,2,136
False,False,False,False,False,False,False,2,137
False,False,False,False,False,False,False,2,138
False,False,False,False,False,False,False,2,139
False,False,False,False,False,False,False,2,140
False,False,False,False,False,False,False,2,141
False,False,False,False,False,False,False,2,142
False,False,False,False,False,False,False,2,143
False,False,False,False,False,False,False,2,144
False,False,False,False,False,False,False,2,145
False,False,False,False,False,False,False,2,146
False,False,False,False,False,False,False,2,147
False,False,False,False,False,False,False,2,148
False,False,False,False,False,False,False,2,149
False,False,False,False,False,False,False,2,150
False,False,False,False,False,False,False,2,151
False,False,False,False,False,False,False,2,152
False,False,False,False,False,False,False,2,153
False,False,False,False,False,False,False,2,154
False,False,False,False,False,False,False,2,155
False,False,False,False,False,False,False,2,156
False,False,False,False,False,False,False,2,157
False,False,False,False,False,False,False,2,158
False,False,False,False,False,False,False,2,159
False,False,False,False,False,False,False,2,160
False,False,False,False,False,False,False,2,161
False,False,False,False,False,False,False,2,162
False,False,False,False,False,False,False,2,163
False,False,False,False,False,False,False,2,164
False,False,False,False,False,False,False,2,165
False,False,False,False,False,False,False,2,166
False,False,False,False,False,False,False,2,167
False,False,False,False,False,False,False,2,168
False,False,False,False,False,False,False,2,169
False,False,False,False,False,False,False,2,170
False,False,False,False,False,False,False,2,171
False,False,False,False,False,False,False,2,172
False,False,False,False,False,False,False,2,173
False,False,False,False,False,False,False,2,174
False,False,False,False,False,False,False,2,175
False,False,False,False,False,False,False,2,176
False,False,False,False,False,False,False,2,177
False,False,False,False,False,False,False,2,178
False,False,False,False,False,False,False,2,179
False,False,False,False,False,False,False,2,180
False,False,False,False,False,False,False,2,181
False,False,False,False,False,False,False,2,182
False,False,False,False,False,False,False,2,183
False,False,False,False,False,False,False,2,184
False,False,False,False,False,False,False,2,185
False,False,False,False,False,False,False,2,186
False,False,False,False,False,False,False,2,187
False,False,False,False,False,False,False,2,188
False,False,False,False,False,False,False,2,189
False,False,False,False,False,False,False,2,190
False,False,False,False,False,False,False,2,191
False,False,False,False,False,False,False,2,192
False,False,False,False,False,False,False,2,193
False,False,False,False,False,False,False,2,194
False,False,False,False,False,False,False,2,195
False,False,False,False,False,False,False,2,196
False,False,False,False,False,False,False,2,197
False,False,False,False,False,False,False,2,198
False,False,False,False,False,False,False,2,199
False,False,False,False,False,False,False,2,200
False,False,False,False,False,False,False,2,201
False,False,False,False,False,False,False,2,202
False,False,False,False,False,False,False,2,203
False,False,False,False,False,False,False,2,204
False,False,False,False,False,False,False,2,205
False,False,False,False,False,False,False,2,206
False,False,False,False,False,False,False,2,207
False,False,False,False,False,False,False,2,208
False,False,False,False,False,False,False,2,209
False,False,False,False,False,False,False,2,210
False,False,False,False,False,False,False,2,211
False,False,False,False,False,False,False,2,212
False,False,False,False,False,False,False,2,213
False,False,False,False,False,False,False,2,214
False,False,False,False,False,False,False,2,215
False,False,False,False,False,False,False,2,216
False,False,False,False,False,False,False,2,217
False,False,False,False,False,False,False,2,218
False,False,False,False,False,False,False,2,219
False,False,False,False,False,False,False,2,220
False,False,False,False,False,False,False,2,221
False,False,False,False,False,False,False,2,222
False,False,False,False,False,False,False,2,223
False,False,False,False,False,False,False,2,224
False,False,False,False,False,False,False,2,225
False,False,False,False,False,False,False,2,226
False,False,False,False,False,False,False,2,227
False,False,False,False,False,False,False,2,228
False,False,False,False,False,False,False,2,229
False,False,False,False,False,False,False,2,230
False,False,False,False,False,False,False,2,231
False,False,False,False,False,False,False,2,232
False,False,False,False,False,False,False,2,233
False,False,False,False,False,False,False,2,234
False,False,False,False,False,False,False,2,235
False,False,False,False,False,False,False,2,236
False,False,False,False,False,False,False,2,237
False,False,False,False,False,False,False,2,238
False,False,False,False,False,False,False,2,239
False,False,False,False,False,False,False,2,240
False,False,False,False,False,False,False,2,241
False,False,False,False,False,False,False,2,242
False,False,False,False,False,False,False,2,243
False,False,False,False,False,False,False,2,244
False,False,False,False,False,False,False,2,245
False,False,False,False,False,False,False,2,246
False,False,False,False,False,False,False,2,247
False,False,False,False,False,False,False,2,248
False,False,False,False,False,False,False,2,249
False,False,False,False,False,False,False,2,250
False,False,False,False,False,False,False,2,251
False,False,False,False,False,False,False,2,252
False,False,False,False,False,False,False,2,253
False,False,False,False,False,False,False,2,254
False,False,False,False,False,False,False,2,255
False,False,False,False,False,False,False,2,256
False,False,False,False,False,False,False,2,257
False,False,False,False,False,False,False,2,258
False,False,False,False,False,False,False,2,259
False,False,False,False,False,False,False,2,260
False,False,False,False,False,False,False,2,261
False,False,False,False,False,False,False,2,262
False,False,False,False,False,False,False,2,263
False,False,False,False,False,False,False,2,264
False,False,False,False,False,False,False,2,265
False,False,False,False,False,False,False,2,266
False,False,False,False,False,False,False,2,267
False,False,False,False,False,False,False,2,268
False,False,False,False,False,False,False,2,269
False,False,False,False,False,False,False,2,270
False,False,False,False,False,False,False,2,271
False,False,False,False,False,False,False,2,272
False,False,False,False,False,False,False,2,273
False,False,False,False,False,False,False,2,274
False,False,False,False,False,False,False,2,275
False,False,False,False,False,False,False,2,276
False,False,False,False,False,False,False,2,277
False,False,False,False,False,False,False,2,278
False,False,False,False,False,False,False,2,279
False,False,False,False,False,False,False,2,280
False,False,False,False,False,False,False,2,281
False,False,False,False,False,False,False,2,282
False,False,False,False,False,False,False,2,283
False,False,False,False,False,False,False,2,284
False,False,False,False,False,False,False,2,285
False,False,False,False,False,False,False,2,286
False,False,False,False,False,False,False,2,287
False,False,False,False,False,False,False,2,288
False,False,False,False,False,False,False,2,289
False,False,False,False,False,False,False,2,290
False,False,False,False,False,False,False,2,291
False,False,False,False,False,False,False,2,292
False,False,False,False,False,False,False,2,293
False,False,False,False,False,False,False,2,294
False,False,False,False,False,False,False,2,295
False,False,False,False,False,False,False,2,296
False,False,False,False,False,False,False,2,297
False,False,False,False,False,False,False,2,298
False,False,False,False,False,False,False,2,299
False,False,False,False,False,False,False,2,300
False,False,False,False,False,False,False,2,301
False,False,False,False,False,False,False,2,302
False,False,False,False,False,False,False,2,303
False,False,False,False,False,False,False,2,304
False,False,False,False,False,False,False,2,305
False,False,False,False,False,False,False,2,306
False,False,False,False,False,False,False,2,307
False,False,False,False,False,False,False,2,308
False,False,False,False,False,False,False,2,309
False,False,False,False,False,False,False,2,310
False,False,False,False,False,False,False,2,311
False,False,False,False,False,False,False,2,312
False,False,False,False,False,False,False,2,313
False,False,False,False,False,False,False,2,314
False,False,False,False,False,False,False,2,315
False,False,False,False,False,False,False,2,316
False,False,False,False,False,False,False,2,317
False,False,False,False,False,False,False,2,318
False,False,False,False,False,False,False,2,319
False,False,False,False,False,False,False,2,320
False,False,False,False,False,False,False,2,321
False,False,False,False,False,False,False,2,322
False,False,False,False,False,False,False,2,323
False,False,False,False,False,False,False,2,324
False,False,False,False,False,False,False,2,325
False,False,False,False,False,False,False,2,326
False,False,False,False,False,False,False,2,327
False,False,False,False,False,False,False,2,328
False,False,False,False,False,False,False,2,329
False,False,False,False,False,False,False,2,330
False,False,False,False,False,False,False,2,331
False,False,False,False,False,False,False,2,332
False,False,False,False,False,False,False,2,333
False,False,False,False,False,False,False,2,334
False,False,False,False,False,False,False,2,335
False,False,False,False,False,False,False,2,336
False,False,False,False,False,False,False,2,337
False,False,False,False,False,False,False,2,338
False,False,False,False,False,False,False,2,339
False,False,False,False,False,False,False,2,340
False,False,False,False,False,False,False,2,341
False,False,False,False,False,False,False,2,342
False,False,False,False,False,False,False,2,343
False,False,False,False,False,False,False,2,344
False,False,False,False,False,False,False,2,345
False,False,False,False,False,False,False,2,346
False,False,False,False,False,False,False,2,347
False,False,False,False,False,False,False,2,348
False,False,False,False,False,False,False,2,349
False,False,False,False,False,False,False,2,350
False,False,False,False,False,False,False,2,351
False,False,False,False,False,False,False,2,352
False,False,False,False,False,False,False,2,353
False,False,False,False,False,False,False,2,354
False,False,False,False,False,False,False,2,355
False,False,False,False,False,False,False,2,356
False,False,False,False,False,False,False,2,357
False,False,False,False,False,False,False,2,358
False,False,False,False,False,False,False,2,359
False,False,False,False,False,False,False,2,360
False,False,False,False,False,False,False,2,361
False,False,False,False,False,False,False,2,362
False,False,False,False,False,False,False,2,363
False,False,False,False,False,False,False,2,364
False,False,False,False,False,False,False,2,365
False,False,False,False,False,False,False,2,366
False,False,False,False,False,False,False,2,367
False,False,False,False,False,False,False,2,368
False,False,False,False,False,False,False,2,369
False,False,False,False,False,False,False,2,370
False,False,False,False,False,False,False,2,371
False,False,False,False,False,False,False,2,372
False,False,False,False,False,False,False,2,373
False,False,False,False,False,False,False,2,374
False,False,False,False,False,False,False,2,375
False,False,False,False,False,False,False,2,376
False,False,False,False,False,False,False,2,377
False,False,False,False,False,False,False,2,378
False,False,False,False,False,False,False,2,379
False,False,False,False,False,False,False,2,380
False,False,False,False,False,False,False,2,381
False,False,False,False,False,False,False,2,382
False,False,False,False,False,False,False,2,383
False,False,False,False,False,False,False,2,384
False,False,False,False,False,False,False,2,385
False,False,False,False,False,False,False,2,386
False,False,False,False,False,False,False,2,387
False,False,False,False,False,False,False,2,388
False,False,False,False,False,False,False,2,389
False,False,False,False,False,False,False,2,390
False,False,False,False,False,False,False,2,391
False,False,False,False,False,False,False,2,392
False,False,False,False,False,False,False,2,393
False,False,False,False,False,False,False,2,394
False,False,False,False,False,False,False,2,395
False,False,False,False,False,False,False,2,396
False,False,False,False,False,False,False,2,397
False,False,False,False,False,False,False,2,398
False,False,False,False,False,False,False,2,399
False,False,False,False,False,False,False,2,400
False,False,False,False,False,False,False,2,401
False,False,False,False,False,False,False,2,402
False,False,False,False,False,False,False,2,403
False,False,False,False,False,False,False,2,404
False,False,False,False,False,False,False,2,405
False,False,False,False,False,False,False,2,406
False,False,False,False,False,False,False,2,407
False,False,False,False,False,False,False,2,408
False,False,False,False,False,False,False,2,409
False,False,False,False,False,False,False,2,410
False,False,False,False,False,False,False,2,411
False,False,False,False,False,False,False,2,412
False,False,False,False,False,False,False,2,413
False,False,False,False,False,False,False,2,414
False,False,False,False,False,False,False,2,415
False,False,False,False,False,False,False,2,416
False,False,False,False,False,False,False,2,417
False,False,False,False,False,False,False,2,418
False,False,False,False,False,False,False,2,419
False,False,False,False,False,False,False,2,420
False,False,False,False,False,False,False,2,421
False,False,False,False,False,False,False,2,422
False,False,False,False,False,False,False,2,423
False,False,False,False,False,False,False,2,424
False,False,False,False,False,False,False,2,425
False,False,False,False,False,False,False,2,426
False,False,False,False,False,False,False,2,427
False,False,False,False,False,False,False,2,428
False,False,False,False,False,False,False,2,429
False,False,False,False,False,False,False,2,430
False,False,False,False,False,False,False,2,431
False,False,False,False,False,False,False,2,432
False,False,False,False,False,False,False,2,433
False,False,False,False,False,False,False,2,434
False,False,False,False,False,False,False,2,435
False,False,False,False,False,False,False,2,436
False,False,False,False,False,False,False,2,437
False,False,False,False,False,False,False,2,438
False,False,False,False,False,False,False,2,439
False,False,False,False,False,False,False,2,440
False,False,False,False,False,False,False,2,441
False,False,False,False,False,False,False,2,442
False,False,False,False,False,False,False,2,443
False,False,False,False,False,False,False,2,444
False,False,False,False,False,False,False,2,445
False,False,False,False,False,False,False,2,446
False,False,False,False,False,False,False,2,447
False,False,False,False,False,False,False,2,448
False,False,False,False,False,False,False,2,449
False,False,False,False,False,False,False,2,450
False,False,False,False,False,False,False,2,451
False,False,False,False,False,False,False,2,452
False,False,False,False,False,False,False,2,453
False,False,False,False,False,False,False,2,454
False,False,False,False,False,False,False,2,455
False,False,False,False,False,False,False,2,456
False,False,False,False,False,False,False,2,457
False,False,False,False,False,False,False,2,458
False,False,False,False,False,False,False,2,459
False,False,False,False,False,False,False,2,460
False,False,False,False,False,False,False,2,461
False,False,False,False,False,False,False,2,462
False,False,False,False,False,False,False,2,463
False,False,False,False,False,False,False,2,464
False,False,False,False,False,False,False,2,465
False,False,False,False,False,False,False,2,466
False,False,False,False,False,False,False,2,467
False,False,False,False,False,False,False,2,468
False,False,False,False,False,False,False,2,469
False,False,False,False,False,False,False,2,470
False,False,False,False,False,False,False,2,471
False,False,False,False,False,False,False,2,472
False,False,False,False,False,False,False,2,473
False,False,False,False,False,False,False,2,474
False,False,False,False,False,False,False,2,475
False,False,False,False,False,False,False,2,476
False,False,False,False,False,False,False,2,477
False,False,False,False,False,False,False,2,478
False,False,False,False,False,False,False,2,479
False,False,False,False,False,False,False,2,480
False,False,False,False,False,False,False,2,481
False,False,False,False,False,False,False,2,482
False,False,False,False,False,False,False,2,483
False,False,False,False,False,False,False,2,484
False,False,False,False,False,False,False,2,485
False,False,False,False,False,False,False,2,486
False,False,False,False,False,False,False,2,487
False,False,False,False,False,False,False,2,488
False,False,False,False,False,False,False,2,489
False,False,False,False,False,False,False,2,490
False,False,False,False,False,False,False,2,491
False,False,False,False,False,False,False,2,492
False,False,False,False,False,False,False,2,493
False,False,False,False,False,False,False,2,494
False,False,False,False,False,False,False,2,495
False,False,False,False,False,False,False,2,496
False,False,False,False,False,False,False,2,497
False,False,False,False,False,False,False,2,498
False,False,False,False,False,False,False,2,499
False,False,False,False,False,False,False,2,500
False,False,False,False,False,False,False,2,501
False,False,False,False,False,False,False,2,502
False,False,False,False,False,False,False,2,503
False,False,False,False,False,False,False,2,504
False,False,False,False,False,False,False,2,505
False,False,False,False,False,False,False,2,506
False,False,False,False,False,False,False,2,507
False,False,False,False,False,False,False,2,508
False,False,False,False,False,False,False,2,509
False,False,False,False,False,False,False,2,510
False,False,False,False,False,False,False,2,511
False,False,False,False,False,False,False,2,512
False,False,False,False,False,False,False,2,513
False,False,False,False,False,False,False,2,514
False,False,False,False,False,False,False,2,515
False,False,False,False,False,False,False,2,516
False,False,False,False,False,False,False,2,517
False,False,False,False,False,False,False,2,518
False,False,False,False,False,False,False,2,519
False,False,False,False,False,False,False,2,520
False,False,False,False,False,False,False,2,521
False,False,False,False,False,False,False,2,522
False,False,False,False,False,False,False,2,523
False,False,False,False,False,False,False,2,524
False,False,False,False,False,False,False,2,525
False,False,False,False,False,False,False,2,526
False,False,False,False,False,False,False,2,527
False,False,False,False,False,False,False,2,528
False,False,False,False,False,False,False,2,529
False,False,False,False,False,False,False,2,530
False,False,False,False,False,False,False,2,531
False,False,False,False,False,False,False,2,532
False,False,False,False,False,False,False,2,533
False,False,False,False,False,False,False,2,534
False,False,False,False,False,False,False,2,535
False,False,False,False,False,False,False,2,536
False,False,False,False,False,False,False,2,537
False,False,False,False,False,False,False,2,538
False,False,False,False,False,False,False,2,539
False,False,False,False,False,False,False,2,540
False,False,False,False,False,False,False,2,541
False,False,False,False,False,False,False,2,542
False,False,False,False,False,False,False,2,543
False,False,False,False,False,False,False,2,544
False,False,False,False,False,False,False,2,545
False,False,False,False,False,False,False,2,546
False,False,False,False,False,False,False,2,547
False,False,False,False,False,False,False,2,548
False,False,False,False,False,False,False,2,549
False,False,False,False,False,False,False,2,550
False,False,False,False,False,False,False,2,551
False,False,False,False,False,False,False,2,552
False,False,False,False,False,False,False,2,553
False,False,False,False,False,False,False,2,554
False,False,False,False,False,False,False,2,555
False,False,False,False,False,False,False,2,556
False,False,False,False,False,False,False,2,557
False,False,False,False,False,False,False,2,558
False,False,False,False,False,False,False,2,559
False,False,False,False,False,False,False,2,560
False,False,False,False,False,False,False,2,561
False,False,False,False,False,False,False,2,562
False,False,False,False,False,False,False,2,563
False,False,False,False,False,False,False,2,564
False,False,False,False,False,False,False,2,565
False,False,False,False,False,False,False,2,566
False,False,False,False,False,False,False,2,567
False,False,False,False,False,False,False,2,568
False,False,False,False,False,False,False,2,569
False,False,False,False,False,False,False,2,570
False,False,False,False,False,False,False,2,571
False,False,False,False,False,False,False,2,572
False,False,False,False,False,False,False,2,573
False,False,False,False,False,False,False,2,574
False,False,False,False,False,False,False,2,575
False,False,False,False,False,False,False,2,576
False,False,False,False,False,False,False,2,577
False,False,False,False,False,False,False,2,578
False,False,False,False,False,False,False,2,579
False,False,False,False,False,False,False,2,580
False,False,False,False,False,False,False,2,581
False,False,False,False,False,False,False,2,582
False,False,False,False,False,False,False,2,583
False,False,False,False,False,False,False,2,584
False,False,False,False,False,False,False,2,585
False,False,False,False,False,False,False,2,586
False,False,False,False,False,False,False,2,587
False,False,False,False,False,False,False,2,588
False,False,False,False,False,False,False,2,589
False,False,False,False,False,False,False,2,590
False,False,False,False,False,False,False,2,591
False,False,False,False,False,False,False,2,592
False,False,False,False,False,False,False,2,593
False,False,False,False,False,False,False,2,594
False,False,False,False,False,False,False,2,595
False,False,False,False,False,False,False,2,596
False,False,False,False,False,False,False,2,597
False,False,False,False,False,False,False,2,598
False,False,False,False,False,False,False,2,599
False,False,False,False,False,False,False,2,600
False,False,False,False,False,False,False,2,601
False,False,False,False,False,False,False,2,602
False,False,False,False,False,False,False,2,603
False,False,False,False,False,False,False,2,604
False,False,False,False,False,False,False,2,605
False,False,False,False,False,False,False,2,606
False,False,False,False,False,False,False,2,607
False,False,False,False,False,False,False,2,608
False,False,False,False,False,False,False,2,609
False,False,False,False,False,False,False,3,1
False,False,False,False,False,False,False,3,2
False,False,False,False,False,False,False,3,3
False,False,False,False,False,False,False,3,4
False,False,False,False,False,False,False,3,5
False,False,False,False,False,False,False,3,6
False,False,False,False,False,False,False,3,7
False,False,False,False,False,False,False,3,8
False,False,False,False,False,False,False,3,9
False,False,False,False,False,False,False,3,10
False,False,False,False,False,False,False,3,11
False,False,False,False,False,False,False,3,12
False,False,False,False,False,False,False,3,13
False,False,False,False,False,False,False,3,14
False,False,False,False,False,False,False,3,15
False,False,False,False,False,False,False,3,16
False,False,False,False,False,False,False,3,17
False,False,False,False,False,False,False,3,18
False,False,False,False,False,False,False,3,19
False,False,False,False,False,False,False,3,20
False,False,False,False,False,False,False,3,21
False,False,False,False,False,False,False,3,22
False,False,False,False,False,False,False,3,23
False,False,False,False,False,False,False,3,24
False,False,False,False,False,False,False,3,25
False,False,False,False,False,False,False,3,26
False,False,False,False,False,False,False,3,27
False,False,False,False,False,False,False,3,28
False,False,False,False,False,False,False,3,29
False,False,False,False,False,False,False,3,30
False,False,False,False,False,False,False,3,31
False,False,False,False,False,False,False,3,32
False,False,False,False,False,False,False,3,33
False,False,False,False,False,False,False,3,34
False,False,False,False,False,False,False,3,35
False,False,False,False,False,False,False,3,36
False,False,False,False,False,False,False,3,37
False,False,False,False,False,False,False,3,38
False,False,False,False,False,False,False,3,39
False,False,False,False,False,False,False,3,40
False,False,False,False,False,False,False,3,41
False,False,False,False,False,False,False,3,42
False,False,False,False,False,False,False,3,43
False,False,False,False,False,False,False,3,44
False,False,False,False,False,False,False,3,45
False,False,False,False,False,False,False,3,46
False,False,False,False,False,False,False,3,47
False,False,False,False,False,False,False,3,48
False,False,False,False,False,False,False,3,49
False,False,False,False,False,False,False,3,50
False,False,False,False,False,False,False,3,51
False,False,False,False,False,False,False,3,52
False,False,False,False,False,False,False,3,53
False,False,False,False,False,False,False,3,54
False,False,False,True,False,False,False,3,55
True,False,False,True,True,False,False,3,56
True,False,False,False,True,False,False,3,57
False,False,False,True,False,False,False,3,58
False,False,False,False,False,False,False,3,59
False,False,False,False,False,False,False,3,60
False,False,False,False,False,False,False,3,61
False,False,False,False,False,False,False,3,62
False,False,False,False,False,False,False,3,63
False,False,False,False,False,False,False,3,64
False,False,False,False,False,False,False,3,65
False,False,False,False,False,False,False,3,66
False,False,False,False,False,False,False,3,67
False,False,False,False,False,False,False,3,68
False,False,False,False,False,False,False,3,69
False,False,False,False,False,False,False,3,70
False,False,False,False,False,False,False,3,71
False,False,False,False,False,False,False,3,72
False,False,False,False,False,False,False,3,73
False,False,False,False,False,False,False,3,74
False,False,False,False,False,False,False,3,75
False,False,False,False,False,False,False,3,76
False,False,False,False,False,False,False,3,77
False,False,False,False,False,False,False,3,78
False,False,False,False,False,False,False,3,79
False,False,False,False,False,False,False,3,80
False,False,False,False,False,False,False,3,81
False,False,False,False,False,False,False,3,82
False,False,False,False,False,False,False,3,83
False,False,False,False,False,False,False,3,84
False,False,False,False,False,False,False,3,85
False,False,False,False,False,False,False,3,86
False,False,False,False,False,False,False,3,87
False,False,False,False,False,False,False,3,88
False,False,False,False,False,False,False,3,89
False,False,False,False,False,False,False,3,90
False,False,False,False,False,False,False,3,91
False,False,False,False,False,False,False,3,92
False,False,False,False,False,False,False,3,93
False,False,False,False,False,False,False,3,94
False,False,False,False,False,False,False,3,95
False,False,False,False,False,False,False,3,96
False,False,False,False,False,False,False,3,97
False,False,False,False,False,False,False,3,98
False,False,False,False,False,False,False,3,99
False,False,False,False,False,False,False,3,100
False,False,False,False,False,False,False,3,101
False,False,False,False,False,False,False,3,102
False,False,False,False,False,False,False,3,103
False,False,False,False,False,False,False,3,104
False,False,False,False,False,False,False,3,105
False,False,False,False,False,False,False,3,106
False,False,False,False,False,False,False,3,107
False,False,False,False,False,False,False,3,108
False,False,False,False,False,False,False,3,109
False,False,False,False,False,False,False,3,110
False,False,False,False,False,False,False,3,111
False,False,False,False,False,False,False,3,112
False,False,False,False,False,False,False,3,113
False,False,False,False,False,False,False,3,114
False,False,False,False,False,False,False,3,115
False,False,False,False,False,False,False,3,116
False,False,False,False,False,False,False,3,117
False,False,False,False,False,False,False,3,118
False,False,False,False,False,False,False,3,119
False,False,False,False,False,False,False,3,120
False,False,False,False,False,False,False,3,121
False,False,False,False,False,False,False,3,122
False,False,False,False,False,False,False,3,123
False,False,False,False,False,False,False,3,124
False,False,False,False,False,False,False,3,125
False,False,False,False,False,False,False,3,126
False,False,False,False,False,False,False,3,127
False,False,False,False,False,False,False,3,128
False,False,False,False,False,False,False,3,129
False,False,False,False,False,False,False,3,130
False,False,False,False,False,False,False,3,131
False,False,False,False,False,False,False,3,132
False,False,False,False,False,False,False,3,133
False,False,False,False,False,False,False,3,134
False,False,False,False,False,False,False,3,135
False,False,False,False,False,False,False,3,136
False,False,False,False,False,False,False,3,137
False,False,False,False,False,False,False,3,138
False,False,False,False,False,False,False,3,139
False,False,False,False,False,False,False,3,140
False,False,False,False,False,False,False,3,141
False,False,False,False,False,False,False,3,142
False,False,False,False,False,False,False,3,143
False,False,False,False,False,False,False,3,144
False,False,False,False,False,False,False,3,145
False,False,False,False,False,False,False,3,146
False,False,False,False,False,False,False,3,147
False,False,False,False,False,False,False,3,148
False,False,False,False,False,False,False,3,149
False,False,False,False,False,False,False,3,150
False,False,False,False,False,False,False,3,151
False,False,False,False,False,False,False,3,152
False,False,False,False,False,False,False,3,153
False,False,False,False,False,False,False,3,154
False,False,False,False,False,False,False,3,155
False,False,False,False,False,False,False,3,156
False,False,False,False,False,False,False,3,157
False,False,False,False,False,False,False,3,158
False,False,False,False,False,False,False,3,159
False,False,False,False,False,False,False,3,160
False,False,False,False,False,False,False,3,161
False,False,False,False,False,False,False,3,162
False,False,False,False,False,False,False,3,163
False,False,False,False,False,False,False,3,164
False,False,False,False,False,False,False,3,165
False,False,False,False,False,False,False,3,166
False,False,False,False,False,False,False,3,167
False,False,False,False,False,False,False,3,168
False,False,False,False,False,False,False,3,169
False,False,False,False,False,False,False,3,170
False,False,False,False,False,False,False,3,171
False,False,False,False,False,False,False,3,172
False,False,False,False,False,False,False,3,173
False,False,False,False,False,False,False,3,174
False,False,False,False,False,False,False,3,175
False,False,False,False,False,False,False,3,176
False,False,False,False,False,False,False,3,177
False,False,False,False,False,False,False,3,178
False,False,False,False,False,False,False,3,179
False,False,False,False,False,False,False,3,180
False,False,False,False,False,False,False,3,181
False,False,False,False,False,False,False,3,182
False,False,False,False,False,False,False,3,183
False,False,False,False,False,False,False,3,184
False,False,False,False,False,False,False,3,185
False,False,False,False,False,False,False,3,186
False,False,False,False,False,False,False,3,187
False,False,False,False,False,False,False,3,188
False,False,False,False,False,False,False,3,189
False,False,False,False,False,False,False,3,190
False,False,False,False,False,False,False,3,191
False,False,False,False,False,False,False,3,192
False,False,False,False,False,False,False,3,193
False,False,False,False,False,False,False,3,194
False,False,False,False,False,False,False,3,195
False,False,False,False,False,False,False,3,196
False,False,False,False,False,False,False,3,197
False,False,False,False,False,False,False,3,198
False,False,False,False,False,False,False,3,199
False,False,False,False,False,False,False,3,200
False,False,False,False,False,False,False,3,201
False,False,False,False,False,False,False,3,202
False,False,False,False,False,False,False,3,203
False,False,False,False,False,False,False,3,204
False,False,False,False,False,False,False,3,205
False,False,False,False,False,False,False,3,206
False,False,False,False,False,False,False,3,207
False,False,False,False,False,False,False,3,208
False,False,False,False,False,False,False,3,209
False,False,False,False,False,False,False,3,210
False,False,False,False,False,False,False,3,211
False,False,False,False,False,False,False,3,212
False,False,False,False,False,False,False,3,213
False,False,False,False,False,False,False,3,214
False,False,False,False,False,False,False,3,215
False,False,False,False,False,False,False,3,216
False,False,False,False,False,False,False,3,217
False,False,False,False,False,False,False,3,218
False,False,False,False,False,False,False,3,219
False,False,False,False,False,False,False,3,220
False,False,False,False,False,False,False,3,221
False,False,False,False,False,False,False,3,222
False,False,False,False,False,False,False,3,223
False,False,False,False,False,False,False,3,224
False,False,False,False,False,False,False,3,225
False,False,False,False,False,False,False,3,226
False,False,False,False,False,False,False,3,227
False,False,False,False,False,False,False,3,228
False,False,False,False,False,False,False,3,229
False,False,False,False,False,False,False,3,230
False,False,False,False,False,False,False,3,231
False,False,False,False,False,False,False,3,232
False,False,False,False,False,False,False,3,233
False,False,False,False,False,False,False,3,234
False,False,False,False,False,False,False,3,235
False,False,False,False,False,False,False,3,236
False,False,False,False,False,False,False,3,237
False,False,False,False,False,False,False,3,238
False,False,False,False,False,False,False,3,239
False,False,False,False,False,False,False,3,240
False,False,False,False,False,False,False,3,241
False,False,False,False,False,False,False,3,242
False,False,False,False,False,False,False,3,243
False,False,False,False,False,False,False,3,244
False,False,False,False,False,False,False,3,245
False,False,False,False,False,False,False,3,246
False,False,False,False,False,False,False,3,247
False,False,False,False,False,False,False,3,248
False,False,False,False,False,False,False,3,249
False,False,False,False,False,False,False,3,250
False,False,False,False,False,False,False,3,251
False,False,False,False,False,False,False,3,252
False,False,False,False,False,False,False,3,253
False,False,False,False,False,False,False,3,254
False,False,False,False,False,False,False,3,255
False,False,False,False,False,False,False,3,256
False,False,False,False,False,False,False,3,257
False,False,False,False,False,False,False,3,258
False,False,False,False,False,False,False,3,259
False,False,False,False,False,False,False,3,260
False,False,False,False,False,False,False,3,261
False,False,False,False,False,False,False,3,262
False,False,False,False,False,False,False,3,263
False,False,False,False,False,False,False,3,264
False,False,False,False,False,False,False,3,265
False,False,False,False,False,False,False,3,266
False,False,False,False,False,False,False,3,267
False,False,False,False,False,False,False,3,268
False,False,False,False,False,False,False,3,269
False,False,False,False,False,False,False,3,270
False,False,False,False,False,False,False,3,271
False,False,False,False,False,False,False,3,272
False,False,False,False,False,False,False,3,273
False,False,False,False,False,False,False,3,274
False,False,False,False,False,False,False,3,275
False,False,False,False,False,False,False,3,276
False,False,False,False,False,False,False,3,277
False,False,False,False,False,False,False,3,278
False,False,False,False,False,False,False,3,279
False,False,False,False,False,False,False,3,280
False,False,False,False,False,False,False,3,281
False,False,False,False,False,False,False,3,282
False,False,False,False,False,False,False,3,283
False,False,False,False,False,False,False,3,284
False,False,False,False,False,False,False,3,285
False,False,False,False,False,False,False,3,286
False,False,False,False,False,False,False,3,287
False,False,False,False,False,False,False,3,288
False,False,False,False,False,False,False,3,289
False,False,False,False,False,False,False,3,290
False,False,False,False,False,False,False,3,291
False,False,False,False,False,False,False,3,292
False,False,False,False,False,False,False,3,293
False,False,False,False,False,False,False,3,294
False,False,False,False,False,False,False,3,295
False,False,False,False,False,False,False,3,296
False,False,False,False,False,False,False,3,297
False,False,False,False,False,False,False,3,298
False,False,False,False,False,False,False,3,299
False,False,False,False,False,False,False,3,300
False,False,False,False,False,False,False,3,301
False,False,False,False,False,False,False,3,302
False,False,False,False,False,False,False,3,303
False,False,False,False,False,False,False,3,304
False,False,False,False,False,False,False,3,305
False,False,False,False,False,False,False,3,306
False,False,False,False,False,False,False,3,307
False,False,False,False,False,False,False,3,308
False,False,False,False,False,False,False,3,309
False,False,False,False,False,False,False,3,310
False,False,False,False,False,False,False,3,311
False,False,False,False,False,False,False,3,312
False,False,False,False,False,False,False,3,313
False,False,False,False,False,False,False,3,314
False,False,False,False,False,False,False,3,315
False,False,False,False,False,False,False,3,316
False,False,False,False,False,False,False,3,317
False,False,False,False,False,False,False,3,318
False,False,False,False,False,False,False,3,319
False,False,False,False,False,False,False,3,320
False,False,False,False,False,False,False,3,321
False,False,False,False,False,False,False,3,322
False,False,False,False,False,False,False,3,323
False,False,False,False,False,False,False,3,324
False,False,False,False,False,False,False,3,325
False,False,False,False,False,False,False,3,326
False,False,False,False,False,False,False,3,327
False,False,False,False,False,False,False,3,328
False,False,False,False,False,False,False,3,329
False,False,False,False,False,False,False,3,330
False,False,False,False,False,False,False,3,331
False,False,False,False,False,False,False,3,332
False,False,False,False,False,False,False,3,333
False,False,False,False,False,False,False,3,334
False,False,False,False,False,False,False,3,335
False,False,False,False,False,False,False,3,336
False,False,False,False,False,False,False,3,337
False,False,False,False,False,False,False,3,338
False,False,False,False,False,False,False,3,339
False,False,False,False,False,False,False,3,340
False,False,False,False,False,False,False,3,341
False,False,False,False,False,False,False,3,342
False,False,False,False,False,False,False,3,343
False,False,False,False,False,False,False,3,344
False,False,False,False,False,False,False,3,345
False,False,False,False,False,False,False,3,346
False,False,False,False,False,False,False,3,347
False,False,False,False,False,False,False,3,348
False,False,False,False,False,False,False,3,349
False,False,False,False,False,False,False,3,350
False,False,False,False,False,False,False,3,351
False,False,False,False,False,False,False,3,352
False,False,False,False,False,False,False,3,353
False,False,False,False,False,False,False,3,354
False,False,False,False,False,False,False,3,355
False,False,False,False,False,False,False,3,356
False,False,False,False,False,False,False,3,357
False,False,False,False,False,False,False,3,358
False,False,False,False,False,False,False,3,359
False,False,False,False,False,False,False,3,360
False,False,False,False,False,False,False,3,361
False,False,False,False,False,False,False,3,362
False,False,False,False,False,False,False,3,363
False,False,False,False,False,False,False,3,364
False,False,False,False,False,False,False,3,365
False,False,False,False,False,False,False,3,366
False,False,False,False,False,False,False,3,367
False,False,False,False,False,False,False,3,368
False,False,False,False,False,False,False,3,369
False,False,False,False,False,False,False,3,370
False,False,False,False,False,False,False,3,371
False,False,False,False,False,False,False,3,372
False,False,False,False,False,False,False,3,373
False,False,False,False,False,False,False,3,374
False,False,False,False,False,False,False,3,375
False,False,False,False,False,False,False,3,376
False,False,False,False,False,False,False,3,377
False,False,False,False,False,False,False,3,378
False,False,False,False,False,False,False,3,379
False,False,False,False,False,False,False,3,380
False,False,False,False,False,False,False,3,381
False,False,False,False,False,False,False,3,382
False,False,False,False,False,False,False,3,383
False,False,False,False,False,False,False,3,384
False,False,False,False,False,False,False,3,385
False,False,False,False,False,False,False,3,386
False,False,False,False,False,False,False,3,387
False,False,False,False,False,False,False,3,388
False,False,False,False,False,False,False,3,389
False,False,False,False,False,False,False,3,390
False,False,False,False,False,False,False,3,391
False,False,False,False,False,False,False,3,392
False,False,False,False,False,False,False,3,393
False,False,False,False,False,False,False,3,394
False,False,False,False,False,False,False,3,395
False,False,False,False,False,False,False,3,396
False,False,False,False,False,False,False,3,397
False,False,False,False,False,False,False,3,398
False,False,False,False,False,False,False,3,399
False,False,False,False,False,False,False,3,400
False,False,False,False,False,False,False,3,401
False,False,False,False,False,False,False,3,402
False,False,False,False,False,False,False,3,403
False,False,False,False,False,False,False,3,404
False,False,False,False,False,False,False,3,405
False,False,False,False,False,False,False,3,406
False,False,False,False,False,False,False,3,407
False,False,False,False,False,False,False,3,408
False,False,False,False,False,False,False,3,409
False,False,False,False,False,False,False,3,410
False,False,False,False,False,False,False,3,411
False,False,False,False,False,False,False,3,412
False,False,False,False,False,False,False,3,413
False,False,False,False,False,False,False,3,414
False,False,False,False,False,False,False,3,415
False,False,False,False,False,False,False,3,416
False,False,False,False,False,False,False,3,417
False,False,False,False,False,False,False,3,418
False,False,False,False,False,False,False,3,419
False,False,False,False,False,False,False,3,420
False,False,False,False,False,False,False,3,421
False,False,False,False,False,False,False,3,422
False,False,False,False,False,False,False,3,423
False,False,False,False,False,False,False,3,424
False,False,False,False,False,False,False,3,425
False,False,False,False,False,False,False,3,426
False,False,False,False,False,False,False,3,427
False,False,False,False,False,False,False,3,428
False,False,False,False,False,False,False,3,429
False,False,False,False,False,False,False,3,430
False,False,False,False,False,False,False,3,431
False,False,False,False,False,False,False,3,432
False,False,False,False,False,False,False,3,433
False,False,False,False,False,False,False,3,434
False,False,False,False,False,False,False,3,435
False,False,False,False,False,False,False,3,436
False,False,False,False,False,False,False,3,437
False,False,False,False,False,False,False,3,438
False,False,False,False,False,False,False,3,439
False,False,False,False,False,False,False,3,440
False,False,False,False,False,False,False,3,441
False,False,False,False,False,False,False,3,442
False,False,False,False,False,False,False,3,443
False,False,False,False,False,False,False,3,444
False,False,False,False,False,False,False,3,445
False,False,False,False,False,False,False,3,446
False,False,False,False,False,False,False,3,447
False,False,False,False,False,False,False,3,448
False,False,False,False,False,False,False,3,449
False,False,False,False,False,False,False,3,450
False,False,False,False,False,False,False,3,451
False,False,False,False,False,False,False,3,452
False,False,False,False,False,False,False,3,453
False,False,False,False,False,False,False,3,454
False,False,False,False,False,False,False,3,455
False,False,False,False,False,False,False,3,456
False,False,False,False,False,False,False,3,457
False,False,False,False,False,False,False,3,458
False,False,False,False,False,False,False,3,459
False,False,False,False,False,False,False,3,460
False,False,False,False,False,False,False,3,461
False,False,False,False,False,False,False,3,462
False,False,False,False,False,False,False,3,463
False,False,False,False,False,False,False,3,464
False,False,False,False,False,False,False,3,465
False,False,False,False,False,False,False,3,466
False,False,False,False,False,False,False,3,467
False,False,False,False,False,False,False,3,468
False,False,False,False,False,False,False,3,469
False,False,False,False,False,False,False,3,470
False,False,False,False,False,False,False,3,471
False,False,False,False,False,False,False,3,472
False,False,False,False,False,False,False,3,473
False,False,False,False,False,False,False,3,474
False,False,False,False,False,False,False,3,475
False,False,False,False,False,False,False,3,476
False,False,False,False,False,False,False,3,477
False,False,False,False,False,False,False,3,478
False,False,False,False,False,False,False,3,479
False,False,False,False,False,False,False,3,480
False,False,False,False,False,False,False,3,481
False,False,False,False,False,False,False,3,482
False,False,False,False,False,False,False,3,483
False,False,False,False,False,False,False,3,484
False,False,False,False,False,False,False,3,485
False,False,False,False,False,False,False,3,486
False,False,False,False,False,False,False,3,487
False,False,False,False,False,False,False,3,488
False,False,False,False,False,False,False,3,489
False,False,False,False,False,False,False,3,490
False,False,False,False,False,False,False,3,491
False,False,False,False,False,False,False,3,492
False,False,False,False,False,False,False,3,493
False,False,False,False,False,False,False,3,494
False,False,False,False,False,False,False,3,495
False,False,False,False,False,False,False,3,496
False,False,False,False,False,False,False,3,497
False,False,False,False,False,False,False,3,498
False,False,False,False,False,False,False,3,499
False,False,False,False,False,False,False,3,500
False,False,False,False,False,False,False,3,501
False,False,False,False,False,False,False,3,502
False,False,False,False,False,False,False,3,503
False,False,False,False,False,False,False,3,504
False,False,False,False,False,False,False,3,505
False,False,False,False,False,False,False,3,506
False,False,False,False,False,False,False,3,507
False,False,False,False,False,False,False,3,508
False,False,False,False,False,False,False,3,509
False,False,False,False,False,False,False,3,510
False,False,False,False,False,False,False,3,511
False,False,False,False,False,False,False,3,512
False,False,False,False,False,False,False,3,513
False,False,False,False,False,False,False,3,514
False,False,False,False,False,False,False,3,515
False,False,False,False,False,False,False,3,516
False,False,False,False,False,False,False,3,517
False,False,False,False,False,False,False,3,518
False,False,False,False,False,False,False,3,519
False,False,False,False,False,False,False,3,520
False,False,False,False,False,False,False,3,521
False,False,False,False,False,False,False,3,522
False,False,False,False,False,False,False,3,523
False,False,False,False,False,False,False,3,524
False,False,False,False,False,False,False,3,525
False,False,False,False,False,False,False,3,526
False,False,False,False,False,False,False,3,527
False,False,False,False,False,False,False,3,528
False,False,False,False,False,False,False,3,529
False,False,False,False,False,False,False,3,530
False,False,False,False,False,False,False,3,531
False,False,False,False,False,False,False,3,532
False,False,False,False,False,False,False,3,533
False,False,False,False,False,False,False,3,534
False,False,False,False,False,False,False,3,535
False,False,False,False,False,False,False,3,536
False,False,False,False,False,False,False,3,537
False,False,False,False,False,False,False,3,538
False,False,False,False,False,False,False,3,539
False,False,False,False,False,False,False,3,540
False,False,False,False,False,False,False,3,541
False,False,False,False,False,False,False,3,542
False,False,False,False,False,False,False,3,543
False,False,False,False,False,False,False,3,544
False,False,False,False,False,False,False,3,545
False,False,False,False,False,False,False,3,546
False,False,False,False,False,False,False,3,547
False,False,False,False,False,False,False,3,548
False,False,False,False,False,False,False,3,549
False,False,False,False,False,False,False,3,550
False,False,False,False,False,False,False,3,551
False,False,False,False,False,False,False,3,552
False,False,False,False,False,False,False,3,553
False,False,False,False,False,False,False,3,554
False,False,False,False,False,False,False,3,555
False,False,False,False,False,False,False,3,556
False,False,False,False,False,False,False,3,557
False,False,False,False,False,False,False,3,558
False,False,False,False,False,False,False,3,559
False,False,False,False,False,False,False,3,560
False,False,False,False,False,False,False,3,561
False,False,False,False,False,False,False,3,562
False,False,False,False,False,False,False,3,563
False,False,False,False,False,False,False,3,564
False,False,False,False,False,False,False,3,565
False,False,False,False,False,False,False,3,566
False,False,False,False,False,False,False,3,567
False,False,False,False,False,False,False,3,568
False,False,False,False,False,False,False,3,569
False,False,False,False,False,False,False,3,570
False,False,False,False,False,False,False,3,571
False,False,False,False,False,False,False,3,572
False,False,False,False,False,False,False,3,573
False,False,False,False,False,False,False,3,574
False,False,False,False,False,False,False,3,575
False,False,False,False,False,False,False,3,576
False,False,False,False,False,False,False,3,577
False,False,False,False,False,False,False,3,578
False,False,False,False,False,False,False,3,579
False,False,False,False,False,False,False,3,580
False,False,False,False,False,False,False,3,581
False,False,False,False,False,False,False,3,582
False,False,False,False,False,False,False,3,583
False,False,False,False,False,False,False,3,584
False,False,False,False,False,False,False,3,585
False,False,False,False,False,False,False,3,586
False,False,False,False,False,False,False,3,587
False,False,False,False,False,False,False,3,588
False,False,False,False,False,False,False,3,589
False,False,False,False,False,False,False,3,590
False,False,False,False,False,False,False,3,591
False,False,False,False,False,False,False,3,592
False,False,False,False,False,False,False,3,593
False,False,False,False,False,False,False,3,594
False,False,False,False,False,False,False,3,595
False,False,False,False,False,False,False,3,596
False,False,False,False,False,False,False,3,597
False,False,False,False,False,False,False,3,598
False,False,False,False,False,False,False,3,599
False,False,False,False,False,False,False,3,600
False,False,False,False,False,False,False,3,601
False,False,False,False,False,False,False,3,602
False,False,False,False,False,False,False,3,603
False,False,False,False,False,False,False,3,604
False,False,False,False,False,False,False,3,605
False,False,False,False,False,False,False,3,606
False,False,False,False,False,False,False,3,607
False,False,False,False,False,False,False,3,608
False,False,False,False,False,False,False,3,609
False,False,False,False,False,False,False,3,610
False,False,False,False,False,False,False,3,611
False,False,False,False,False,False,False,3,612
False,False,False,False,False,False,False,3,613
False,False,False,False,False,False,False,3,614
False,False,False,False,False,False,False,3,615
False,False,False,False,False,False,False,3,616
False,False,False,False,False,False,False,3,617
False,False,False,False,False,False,False,3,618
False,False,False,False,False,False,False,3,619
False,False,False,False,False,False,False,3,620
False,False,False,False,False,False,False,3,621
False,False,False,False,False,False,False,3,622
False,False,False,False,False,False,False,3,623
False,False,False,False,False,False,False,3,624
False,False,False,False,False,False,False,3,625
False,False,False,False,False,False,False,3,626
False,False,False,False,False,False,False,3,627
False,False,False,False,False,False,False,3,628
False,False,False,False,False,False,False,3,629
False,False,False,False,False,False,False,3,630
False,False,False,False,False,False,False,3,631
False,False,False,False,False,False,False,3,632
False,False,False,False,False,False,False,3,633
False,False,False,False,False,False,False,3,634
False,False,False,False,False,False,False,3,635
False,False,False,False,False,False,False,3,636
False,False,False,False,False,False,False,3,637
False,False,False,False,False,False,False,3,638
False,False,False,False,False,False,False,4,1
False,False,False,False,False,False,False,4,2
False,False,False,False,False,False,False,4,3
False,False,False,False,False,False,False,4,4
False,False,False,False,False,False,False,4,5
False,False,False,False,False,False,False,4,6
False,False,False,False,False,False,False,4,7
False,False,False,False,False,False,False,4,8
False,False,False,False,False,False,False,4,9
False,False,False,False,False,False,False,4,10
False,False,False,False,False,False,False,4,11
False,False,False,False,False,False,False,4,12
False,False,False,False,False,False,False,4,13
False,False,False,False,False,False,False,4,14
False,False,False,False,False,False,False,4,15
False,False,False,False,False,False,False,4,16
False,False,False,False,False,False,False,4,17
False,False,False,False,False,False,False,4,18
False,False,False,False,False,False,False,4,19
False,False,False,False,False,False,False,4,20
False,False,False,False,False,False,False,4,21
False,False,False,False,False,False,False,4,22
False,False,False,False,False,False,False,4,23
False,False,False,False,False,False,False,4,24
False,False,False,False,False,False,False,4,25
False,False,False,False,False,False,False,4,26
False,False,False,False,False,False,False,4,27
False,False,False,False,False,False,False,4,28
False,False,False,False,False,False,False,4,29
False,False,False,False,False,False,False,4,30
False,False,False,False,False,False,False,4,31
False,False,False,False,False,False,False,4,32
False,False,False,False,False,False,False,4,33
False,False,False,False,False,False,False,4,34
False,False,False,False,False,False,False,4,35
False,False,False,False,False,False,False,4,36
False,False,False,False,False,False,False,4,37
False,False,False,False,False,False,False,4,38
False,False,False,False,False,False,False,4,39
False,False,False,False,False,False,False,4,40
False,False,False,False,False,False,False,4,41
False,False,False,False,False,False,False,4,42
False,False,False,False,False,False,False,4,43
False,False,False,False,False,False,False,4,44
False,False,False,False,False,False,False,4,45
False,False,False,False,False,False,False,4,46
False,False,False,False,False,False,False,4,47
False,False,False,False,False,False,False,4,48
False,False,False,False,False,False,False,4,49
False,False,False,False,False,False,False,4,50
False,False,False,False,False,False,False,4,51
False,False,False,False,False,False,False,4,52
False,False,False,False,False,False,False,4,53
False,False,False,False,False,False,False,4,54
False,False,False,False,False,False,False,4,55
False,False,False,False,False,False,False,4,56
False,False,False,False,False,False,False,4,57
False,False,False,False,False,False,False,4,58
False,False,False,False,False,False,False,4,59
False,False,False,False,False,False,False,4,60
False,False,False,False,False,False,False,4,61
False,False,False,False,False,False,False,4,62
False,False,False,False,False,False,False,4,63
False,False,False,False,False,False,False,4,64
False,False,False,False,False,False,False,4,65
False,False,False,False,False,False,False,4,66
False,False,False,False,False,False,False,4,67
False,False,False,False,False,False,False,4,68
False,False,False,False,False,False,False,4,69
False,False,False,False,False,False,False,4,70
False,False,False,False,False,False,False,4,71
False,False,False,False,False,False,False,4,72
False,False,False,False,False,False,False,4,73
False,False,False,False,False,False,False,4,74
False,False,False,False,False,False,False,4,75
False,False,False,False,False,False,False,4,76
False,False,False,False,False,False,False,4,77
False,False,False,False,False,False,False,4,78
False,False,False,False,False,False,False,4,79
False,False,False,False,False,False,False,4,80
False,False,False,False,False,False,False,4,81
False,False,False,False,False,False,False,4,82
False,False,False,False,False,False,False,4,83
False,False,False,False,False,False,False,4,84
False,False,False,False,False,False,False,4,85
False,False,False,False,False,False,False,4,86
False,False,False,False,False,False,False,4,87
False,False,False,False,False,False,False,4,88
False,False,False,False,False,False,False,4,89
False,False,False,False,False,False,False,4,90
False,False,False,False,False,False,False,4,91
False,False,False,False,False,False,False,4,92
False,False,False,False,False,False,False,4,93
False,False,False,False,False,False,False,4,94
False,False,False,False,False,False,False,4,95
False,False,False,False,False,False,False,4,96
False,False,False,False,False,False,False,4,97
False,False,False,False,False,False,False,4,98
False,False,False,False,False,False,False,4,99
False,False,False,False,False,False,False,4,100
False,False,False,False,False,False,False,4,101
False,False,False,False,False,False,False,4,102
False,False,False,False,False,False,False,4,103
False,False,False,False,False,False,False,4,104
False,False,False,False,False,False,False,4,105
False,False,False,False,False,False,False,4,106
False,False,False,False,False,False,False,4,107
False,False,False,False,False,False,False,4,108
False,False,False,False,False,False,False,4,109
False,False,False,False,False,False,False,4,110
False,False,False,False,False,False,False,4,111
False,False,False,False,False,False,False,4,112
False,False,False,False,False,False,False,4,113
False,False,False,False,False,False,False,4,114
False,False,False,False,False,False,False,4,115
False,False,False,False,False,False,False,4,116
False,False,False,False,False,False,False,4,117
False,False,False,False,False,False,False,4,118
False,False,False,False,False,False,False,4,119
False,False,False,False,False,False,False,4,120
False,False,False,False,False,False,False,4,121
False,False,False,False,False,False,False,4,122
False,False,False,False,False,False,False,4,123
False,False,False,False,False,False,False,4,124
False,False,False,False,False,False,False,4,125
False,False,False,False,False,False,False,4,126
False,False,False,False,False,False,False,4,127
False,False,False,False,False,False,False,4,128
False,False,False,False,False,False,False,4,129
False,False,False,False,False,False,False,4,130
False,False,False,False,False,False,False,4,131
False,False,False,False,False,False,False,4,132
False,False,False,False,False,False,False,4,133
False,False,False,False,False,False,False,4,134
False,False,False,False,False,False,False,4,135
False,False,False,False,False,False,False,4,136
False,False,False,False,False,False,False,4,137
False,False,False,False,False,False,False,4,138
False,False,False,False,False,False,False,4,139
False,False,False,False,False,False,False,4,140
False,False,False,False,False,False,False,4,141
False,False,False,False,False,False,False,4,142
False,False,False,False,False,False,False,4,143
False,False,False,False,False,False,False,4,144
False,False,False,False,False,False,False,4,145
False,False,False,False,False,False,False,4,146
False,False,False,False,False,False,False,4,147
False,False,False,False,False,False,False,4,148
False,False,False,False,False,False,False,4,149
False,False,False,False,False,False,False,4,150
False,False,False,False,False,False,False,4,151
False,False,False,False,False,False,False,4,152
False,False,False,False,False,False,False,4,153
False,False,False,False,False,False,False,4,154
False,False,False,False,False,False,False,4,155
False,False,False,False,False,False,False,4,156
False,False,False,False,False,False,False,4,157
False,False,False,False,False,False,False,4,158
False,False,False,False,False,False,False,4,159
False,False,False,False,False,False,False,4,160
False,False,False,False,False,False,False,4,161
False,False,False,False,False,False,False,4,162
False,False,False,False,False,False,False,4,163
False,False,False,False,False,False,False,4,164
False,False,False,False,False,False,False,4,165
False,False,False,False,False,False,False,4,166
False,False,False,False,False,False,False,4,167
False,False,False,False,False,False,False,4,168
False,False,False,False,False,False,False,4,169
False,False,False,False,False,False,False,4,170
False,False,False,False,False,False,False,4,171
False,False,False,False,False,False,False,4,172
False,False,False,False,False,False,False,4,173
False,False,False,False,False,False,False,4,174
False,False,False,False,False,False,False,4,175
False,False,False,False,False,False,False,4,176
False,False,False,False,False,False,False,4,177
False,False,False,False,False,False,False,4,178
False,False,False,False,False,False,False,4,179
False,False,False,False,False,False,False,4,180
False,False,False,False,False,False,False,4,181
False,False,False,False,False,False,False,4,182
False,False,False,False,False,False,False,4,183
False,False,False,False,False,False,False,4,184
False,False,False,False,False,False,False,4,185
False,False,False,False,False,False,False,4,186
False,False,False,False,False,False,False,4,187
False,False,False,False,False,False,False,4,188
False,False,False,False,False,False,False,4,189
False,False,False,False,False,False,False,4,190
False,False,False,False,False,False,False,4,191
False,False,False,False,False,False,False,4,192
False,False,False,False,False,False,False,4,193
False,False,False,False,False,False,False,4,194
False,False,False,False,False,False,False,4,195
False,False,False,False,False,False,False,4,196
False,False,False,False,False,False,False,4,197
False,False,False,False,False,False,False,4,198
False,False,False,False,False,False,False,4,199
False,False,False,False,False,False,False,4,200
False,False,False,False,False,False,False,4,201
False,False,False,False,False,False,False,4,202
False,False,False,False,False,False,False,4,203
False,False,False,False,False,False,False,4,204
False,False,False,False,False,False,False,4,205
False,False,False,False,False,False,False,4,206
False,False,False,False,False,False,False,4,207
False,False,False,False,False,False,False,4,208
False,False,False,False,False,False,False,4,209
False,False,False,False,False,False,False,4,210
False,False,False,False,False,False,False,4,211
False,False,False,False,False,False,False,4,212
False,False,False,False,False,False,False,4,213
False,False,False,False,False,False,False,4,214
False,False,False,False,False,False,False,4,215
False,False,False,False,False,False,False,4,216
False,False,False,False,False,False,False,4,217
False,False,False,False,False,False,False,4,218
False,False,False,False,False,False,False,4,219
False,False,False,False,False,False,False,4,220
False,False,False,False,False,False,False,4,221
False,False,False,False,False,False,False,4,222
False,False,False,False,False,False,False,4,223
False,False,False,False,False,False,False,4,224
False,False,False,False,False,False,False,4,225
False,False,False,False,False,False,False,4,226
False,False,False,False,False,False,False,4,227
False,False,False,False,False,False,False,4,228
False,False,False,False,False,False,False,4,229
False,False,False,False,False,False,False,4,230
False,False,False,False,False,False,False,4,231
False,False,False,False,False,False,False,4,232
False,False,False,False,False,False,False,4,233
False,False,False,False,False,False,False,4,234
False,False,False,False,False,False,False,4,235
False,False,False,False,False,False,False,4,236
False,False,False,False,False,False,False,4,237
False,False,False,False,False,False,False,4,238
False,False,False,False,False,False,False,4,239
False,False,False,False,False,False,False,4,240
False,False,False,False,False,False,False,4,241
False,False,False,False,False,False,False,4,242
False,False,False,False,False,False,False,4,243
False,False,False,False,False,False,False,4,244
False,False,False,False,False,False,False,4,245
False,False,False,False,False,False,False,4,246
False,False,False,False,False,False,False,4,247
False,False,False,False,False,False,False,4,248
False,False,False,False,False,False,False,4,249
False,False,False,False,False,False,False,4,250
False,False,False,False,False,False,False,4,251
False,False,False,False,False,False,False,4,252
False,False,False,False,False,False,False,4,253
False,False,False,False,False,False,False,4,254
False,False,False,False,False,False,False,4,255
False,False,False,False,False,False,False,4,256
False,False,False,False,False,False,False,4,257
False,False,False,False,False,False,False,4,258
False,False,False,False,False,False,False,4,259
False,False,False,False,False,False,False,4,260
False,False,False,False,False,False,False,4,261
False,False,False,False,False,False,False,4,262
False,False,False,False,False,False,False,4,263
False,False,False,False,False,False,False,4,264
False,False,False,False,False,False,False,4,265
False,False,False,False,False,False,False,4,266
False,False,False,False,False,False,False,4,267
False,False,False,False,False,False,False,4,268
False,False,False,False,False,False,False,4,269
False,False,False,False,False,False,False,4,270
False,False,False,False,False,False,False,4,271
False,False,False,False,False,False,False,4,272
False,False,False,False,False,False,False,4,273
False,False,False,False,False,False,False,4,274
False,False,False,False,False,False,False,4,275
False,False,False,False,False,False,False,4,276
False,False,False,False,False,False,False,4,277
False,False,False,False,False,False,False,4,278
False,False,False,False,False,False,False,4,279
False,False,False,False,False,False,False,4,280
False,False,False,False,False,False,False,4,281
False,False,False,False,False,False,False,4,282
False,False,False,False,False,False,False,4,283
False,False,False,False,False,False,False,4,284
False,False,False,False,False,False,False,4,285
False,False,False,False,False,False,False,4,286
False,False,False,False,False,False,False,4,287
False,False,False,False,False,False,False,4,288
False,False,False,False,False,False,False,4,289
False,False,False,False,False,False,False,4,290
False,False,False,False,False,False,False,4,291
False,False,False,False,False,False,False,4,292
False,False,False,False,False,False,False,4,293
False,False,False,False,False,False,False,4,294
False,False,False,False,False,False,False,4,295
False,False,False,False,False,False,False,4,296
False,False,False,False,False,False,False,4,297
False,False,False,False,False,False,False,4,298
False,False,False,False,False,False,False,4,299
False,False,False,False,False,False,False,4,300
False,False,False,False,False,False,False,4,301
False,False,False,False,False,False,False,4,302
False,False,False,False,False,False,False,4,303
False,False,False,False,False,False,False,4,304
False,False,False,False,False,False,False,4,305
False,False,False,False,False,False,False,4,306
False,False,False,False,False,False,False,4,307
False,False,False,False,False,False,False,4,308
False,False,False,False,False,False,False,4,309
False,False,False,False,False,False,False,4,310
False,False,False,False,False,False,False,4,311
False,False,False,False,False,False,False,4,312
False,False,False,False,False,False,False,4,313
False,False,False,False,False,False,False,4,314
False,False,False,False,False,False,False,4,315
False,False,False,False,False,False,False,4,316
False,False,False,False,False,False,False,4,317
False,False,False,False,False,False,False,4,318
False,False,False,False,False,False,False,4,319
False,False,False,False,False,False,False,4,320
False,False,False,False,False,False,False,4,321
False,False,False,False,False,False,False,4,322
False,False,False,False,False,False,False,4,323
False,False,False,False,False,False,False,4,324
False,False,False,False,False,False,False,4,325
False,False,False,False,False,False,False,4,326
False,False,False,False,False,False,False,4,327
False,False,False,False,False,False,False,4,328
False,False,False,False,False,False,False,4,329
False,False,False,False,False,False,False,4,330
False,False,False,False,False,False,False,4,331
False,False,False,False,False,False,False,4,332
False,False,False,False,False,False,False,4,333
False,False,False,False,False,False,False,4,334
False,False,False,False,False,False,False,4,335
False,False,False,False,False,False,False,4,336
False,False,False,False,False,False,False,4,337
False,False,False,False,False,False,False,4,338
False,False,False,False,False,False,False,4,339
False,False,False,False,False,False,False,4,340
False,False,False,False,False,False,False,4,341
False,False,False,False,False,False,False,4,342
False,False,False,False,False,False,False,4,343
False,False,False,False,False,False,False,4,344
False,False,False,False,False,False,False,4,345
False,False,False,False,False,False,False,4,346
False,False,False,False,False,False,False,4,347
False,False,False,False,False,False,False,4,348
False,False,False,False,False,False,False,4,349
False,False,False,False,False,False,False,4,350
False,False,False,False,False,False,False,4,351
False,False,False,False,False,False,False,4,352
False,False,False,False,False,False,False,4,353
False,False,False,False,False,False,False,4,354
False,False,False,False,False,False,False,4,355
False,False,False,False,False,False,False,4,356
False,False,False,False,False,False,False,4,357
False,False,False,False,False,False,False,4,358
False,False,False,False,False,False,False,4,359
False,False,False,False,False,False,False,4,360
False,False,False,False,False,False,False,4,361
False,False,False,False,False,False,False,4,362
False,False,False,False,False,False,False,4,363
False,False,False,False,False,False,False,4,364
False,False,False,False,False,False,False,4,365
False,False,False,False,False,False,False,4,366
False,False,False,False,False,False,False,4,367
False,False,False,False,False,False,False,4,368
False,False,False,False,False,False,False,4,369
False,False,False,False,False,False,False,4,370
False,False,False,False,False,False,False,4,371
False,False,False,False,False,False,False,4,372
False,False,False,False,False,False,False,4,373
False,False,False,False,False,False,False,4,374
False,False,False,False,False,False,False,4,375
False,False,False,False,False,False,False,4,376
False,False,False,False,False,False,False,4,377
False,False,False,False,False,False,False,4,378
False,False,False,False,False,False,False,4,379
False,False,False,False,False,False,False,4,380
False,False,False,False,False,False,False,4,381
False,False,False,False,False,False,False,4,382
False,False,False,False,False,False,False,4,383
False,False,False,False,False,False,False,4,384
False,False,False,False,False,False,False,4,385
False,False,False,False,False,False,False,4,386
False,False,False,False,False,False,False,4,387
False,False,False,False,False,False,False,4,388
False,False,False,False,False,False,False,4,389
False,False,False,False,False,False,False,4,390
False,False,False,False,False,False,False,4,391
False,False,False,False,False,False,False,4,392
False,False,False,False,False,False,False,4,393
False,False,False,False,False,False,False,4,394
False,False,False,False,False,False,False,4,395
False,False,False,False,False,False,False,4,396
False,False,False,False,False,False,False,4,397
False,False,False,False,False,False,False,4,398
False,False,False,False,False,False,False,4,399
False,False,False,False,False,False,False,4,400
False,False,False,False,False,False,False,4,401
False,False,False,False,False,False,False,4,402
False,False,False,False,False,False,False,4,403
False,False,False,False,False,False,False,4,404
False,False,False,False,False,False,False,4,405
False,False,False,False,False,False,False,4,406
False,False,False,False,False,False,False,4,407
False,False,False,False,False,False,False,4,408
False,False,False,False,False,False,False,4,409
False,False,False,False,False,False,False,4,410
False,False,False,False,False,False,False,4,411
False,False,False,False,False,False,False,4,412
False,False,False,False,False,False,False,4,413
False,False,False,False,False,False,False,4,414
False,False,False,False,False,False,False,4,415
False,False,False,False,False,False,False,4,416
False,False,False,False,False,False,False,4,417
False,False,False,False,False,False,False,4,418
False,False,False,False,False,False,False,4,419
False,False,False,False,False,False,False,4,420
False,False,False,False,False,False,False,4,421
False,False,False,False,False,False,False,4,422
False,False,False,False,False,False,False,4,423
False,False,False,False,False,False,False,4,424
False,False,False,False,False,False,False,4,425
False,False,False,False,False,False,False,4,426
False,False,False,False,False,False,False,4,427
False,False,False,False,False,False,False,4,428
False,False,False,False,False,False,False,4,429
False,False,False,False,False,False,False,4,430
False,False,False,False,False,False,False,4,431
False,False,False,False,False,False,False,4,432
False,False,False,False,False,False,False,4,433
False,False,False,False,False,False,False,4,434
False,False,False,False,False,False,False,4,435
False,False,False,False,False,False,False,4,436
False,False,False,False,False,False,False,4,437
False,False,False,False,False,False,False,4,438
False,False,False,False,False,False,False,4,439
False,False,False,False,False,False,False,4,440
False,False,False,False,False,False,False,4,441
False,False,False,False,False,False,False,4,442
False,False,False,False,False,False,False,4,443
False,False,False,False,False,False,False,4,444
False,False,False,False,False,False,False,4,445
False,False,False,False,False,False,False,4,446
False,False,False,False,False,False,False,4,447
False,False,False,False,False,False,False,4,448
False,False,False,False,False,False,False,4,449
False,False,False,False,False,False,False,4,450
False,False,False,False,False,False,False,4,451
False,False,False,False,False,False,False,4,452
False,False,False,False,False,False,False,4,453
False,False,False,False,False,False,False,4,454
False,False,False,False,False,False,False,4,455
False,False,False,False,False,False,False,4,456
False,False,False,False,False,False,False,4,457
False,False,False,False,False,False,False,4,458
False,False,False,False,False,False,False,4,459
False,False,False,False,False,False,False,4,460
False,False,False,False,False,False,False,4,461
False,False,False,False,False,False,False,4,462
False,False,False,False,False,False,False,4,463
False,False,False,False,False,False,False,4,464
False,False,False,False,False,False,False,4,465
False,False,False,False,False,False,False,4,466
False,False,False,False,False,False,False,4,467
False,False,False,False,False,False,False,4,468
False,False,False,False,False,False,False,4,469
False,False,False,False,False,False,False,4,470
False,False,False,False,False,False,False,4,471
False,False,False,False,False,False,False,4,472
False,False,False,False,False,False,False,4,473
False,False,False,False,False,False,False,4,474
False,False,False,False,False,False,False,4,475
False,False,False,False,False,False,False,4,476
False,False,False,False,False,False,False,4,477
False,False,False,False,False,False,False,4,478
False,False,False,False,False,False,False,4,479
False,False,False,False,False,False,False,4,480
False,False,False,False,False,False,False,4,481
False,False,False,False,False,False,False,4,482
False,False,False,False,False,False,False,4,483
False,False,False,False,False,False,False,4,484
False,False,False,False,False,False,False,4,485
False,False,False,False,False,False,False,4,486
False,False,False,False,False,False,False,4,487
False,False,False,False,False,False,False,4,488
False,False,False,False,False,False,False,4,489
False,False,False,False,False,False,False,4,490
False,False,False,False,False,False,False,4,491
False,False,False,False,False,False,False,4,492
False,False,False,False,False,False,False,4,493
False,False,False,False,False,False,False,4,494
False,False,False,False,False,False,False,4,495
False,False,False,False,False,False,False,4,496
False,False,False,False,False,False,False,4,497
False,False,False,False,False,False,False,4,498
False,False,False,False,False,False,False,4,499
False,False,False,False,False,False,False,4,500
False,False,False,False,False,False,False,4,501
False,False,False,False,False,False,False,4,502
False,False,False,False,False,False,False,4,503
False,False,False,False,False,False,False,4,504
False,False,False,False,False,False,False,4,505
False,False,False,False,False,False,False,4,506
False,False,False,False,False,False,False,4,507
False,False,False,False,False,False,False,4,508
False,False,False,False,False,False,False,4,509
False,False,False,False,False,False,False,4,510
False,False,False,False,False,False,False,4,511
False,False,False,False,False,False,False,4,512
False,False,False,False,False,False,False,4,513
False,False,False,False,False,False,False,4,514
False,False,False,False,False,False,False,4,515
False,False,False,False,False,False,False,4,516
False,False,False,False,False,False,False,4,517
False,False,False,False,False,False,False,4,518
False,False,False,False,False,False,False,4,519
False,False,False,False,False,False,False,4,520
False,False,False,False,False,False,False,4,521
False,False,False,False,False,False,False,4,522
False,False,False,False,False,False,False,4,523
False,False,False,False,False,False,False,4,524
False,False,False,False,False,False,False,4,525
False,False,False,False,False,False,False,4,526
False,False,False,False,False,False,False,4,527
False,False,False,False,False,False,False,4,528
False,False,False,False,False,False,False,4,529
False,False,False,False,False,False,False,4,530
False,False,False,False,False,False,False,4,531
False,False,False,False,False,False,False,4,532
False,False,False,False,False,False,False,4,533
False,False,False,False,False,False,False,4,534
False,False,False,False,False,False,False,4,535
False,False,False,False,False,False,False,4,536
False,False,False,False,False,False,False,4,537
False,False,False,False,False,False,False,4,538
False,False,False,False,False,False,False,4,539
False,False,False,False,False,False,False,4,540
False,False,False,False,False,False,False,4,541
False,False,False,False,False,False,False,4,542
False,False,False,False,False,False,False,4,543
False,False,False,False,False,False,False,4,544
False,False,False,False,False,False,False,4,545
False,False,False,False,False,False,False,4,546
False,False,False,False,False,False,False,4,547
False,False,False,False,False,False,False,4,548
False,False,False,False,False,False,False,4,549
False,False,False,False,False,False,False,4,550
False,False,False,False,False,False,False,4,551
False,False,False,False,False,False,False,4,552
False,False,False,False,False,False,False,4,553
False,False,False,False,False,False,False,4,554
False,False,False,False,False,False,False,4,555
False,False,False,False,False,False,False,4,556
False,False,False,False,False,False,False,4,557
False,False,False,False,False,False,False,4,558
False,False,False,False,False,False,False,4,559
False,False,False,False,False,False,False,4,560
False,False,False,False,False,False,False,4,561
False,False,False,False,False,False,False,4,562
False,False,False,False,False,False,False,4,563
False,False,False,False,False,False,False,4,564
False,False,False,False,False,False,False,4,565
False,False,False,False,False,False,False,4,566
False,False,False,False,False,False,False,4,567
False,False,False,False,False,False,False,4,568
False,False,False,False,False,False,False,4,569
False,False,False,False,False,False,False,4,570
False,False,False,False,False,False,False,4,571
False,False,False,False,False,False,False,4,572
False,False,False,False,False,False,False,4,573
False,False,False,False,False,False,False,4,574
False,False,False,False,False,False,False,4,575
False,False,False,False,False,False,False,4,576
False,False,False,False,False,False,False,4,577
False,False,False,False,False,False,False,4,578
False,False,False,False,False,False,False,4,579
False,False,False,False,False,False,False,4,580
False,False,False,False,False,False,False,4,581
False,False,False,False,False,False,False,4,582
False,False,False,False,False,False,False,4,583
False,False,False,False,False,False,False,4,584
False,False,False,False,False,False,False,4,585
False,False,False,False,False,False,False,4,586
False,False,False,False,False,False,False,4,587
False,False,False,False,False,False,False,4,588
False,False,False,False,False,False,False,4,589
False,False,False,False,False,False,False,4,590
False,False,False,False,False,False,False,4,591
False,False,False,False,False,False,False,4,592
False,False,False,False,False,False,False,4,593
False,False,False,False,False,False,False,4,594
False,False,False,False,False,False,False,4,595
False,False,False,False,False,False,False,4,596
False,False,False,False,False,False,False,4,597
False,False,False,False,False,False,False,4,598
False,False,False,False,False,False,False,4,599
False,False,False,False,False,False,False,4,600
False,False,False,False,False,False,False,4,601
False,False,False,False,False,False,False,4,602
False,False,False,False,False,False,False,4,603
False,False,False,False,False,False,False,4,604
False,False,False,False,False,False,False,4,605
False,False,False,False,False,False,False,4,606
False,False,False,False,False,False,False,4,607
False,False,False,False,False,False,False,4,608
False,False,False,False,False,False,False,4,609
False,False,False,False,False,False,False,4,610
False,False,False,False,False,False,False,4,611
False,False,False,False,False,False,False,4,612
False,False,False,False,False,False,False,4,613
False,False,False,False,False,False,False,4,614
False,False,False,False,False,False,False,4,615
False,False,False,False,False,False,False,4,616
False,False,False,False,False,False,False,4,617
False,False,False,False,False,False,False,4,618
False,False,False,False,False,False,False,4,619
False,False,False,False,False,False,False,4,620
False,False,False,False,False,False,False,4,621
False,False,False,False,False,False,False,4,622
False,False,False,False,False,False,False,4,623
False,False,False,False,False,False,False,4,624
False,False,False,False,False,False,False,4,625
False,False,False,False,False,False,False,4,626
False,False,False,False,False,False,False,4,627
False,False,False,False,False,False,False,4,628
False,False,False,False,False,False,False,4,629
False,False,False,False,False,False,False,4,630
False,False,False,False,False,False,False,4,631
False,False,False,False,False,False,False,4,632
False,False,False,False,False,False,False,4,633
False,False,False,False,False,False,False,4,634
False,False,False,False,False,False,False,4,635
False,False,False,False,False,False,False,4,636
False,False,False,False,False,False,False,4,637
False,False,False,False,False,False,False,4,638
False,False,False,False,False,False,False,4,639
False,False,False,False,False,False,True,4,640
False,False,False,False,False,False,True,4,641
False,False,False,False,False,False,False,4,642
False,False,False,False,False,False,False,4,643
False,False,False,False,False,False,False,4,644
False,False,False,False,False,False,False,4,645
False,False,False,False,False,False,False,4,646
False,False,False,False,False,False,False,4,647
False,False,False,False,False,False,False,4,648
False,False,False,False,False,False,False,4,649
False,False,False,False,False,False,False,4,650
False,False,False,False,False,False,False,4,651
False,False,False,False,False,False,False,4,652
False,False,False,False,False,False,False,4,653
False,False,False,False,False,False,False,4,654
False,False,False,False,False,False,False,4,655
False,False,False,False,False,False,False,4,656
False,False,False,False,False,False,False,4,657
False,False,False,False,False,False,False,4,658
False,False,False,False,False,False,False,4,659
False,False,False,False,False,False,False,4,660
False,False,False,False,False,False,False,4,661
False,False,False,False,False,False,False,4,662
False,False,False,False,False,False,False,4,663
False,False,False,False,False,False,False,4,664
False,False,False,False,False,False,False,4,665
False,False,False,False,False,False,False,4,666
False,False,False,False,False,False,False,4,667
False,False,False,False,False,False,False,4,668
False,False,False,False,False,False,False,4,669
False,False,False,False,False,False,False,4,670
False,False,False,False,False,False,False,4,671
False,False,False,False,False,False,False,4,672
False,False,False,False,False,False,False,4,673
False,False,False,False,False,False,False,4,674
False,False,False,False,False,False,False,4,675
False,False,False,False,False,False,False,4,676
False,False,False,False,False,False,False,4,677
False,False,False,False,False,False,False,4,678
False,False,False,False,False,False,False,4,679
False,False,False,False,False,False,False,4,680
False,False,False,False,False,False,False,4,681
False,False,False,False,False,False,False,4,682
False,False,False,False,False,False,False,4,683
False,False,False,False,False,False,False,4,684
False,False,False,False,False,False,False,4,685
False,False,False,False,False,False,False,4,686
False,False,False,False,False,False,False,4,687
False,False,False,False,False,False,False,4,688
False,False,False,False,False,False,False,4,689
False,False,False,False,False,False,False,4,690
False,False,False,False,False,False,False,4,691
False,False,False,False,False,False,False,4,692
False,False,False,False,False,False,False,4,693
False,False,False,False,False,False,False,4,694
False,False,False,False,False,False,False,4,695
False,False,False,False,False,False,False,4,696
False,False,False,False,False,False,False,4,697
False,False,False,False,False,False,False,4,698
False,False,False,False,False,False,False,4,699
False,False,False,False,False,False,False,4,700
False,False,False,False,False,False,False,4,701
False,False,False,False,False,False,False,4,702
False,False,False,False,False,False,False,4,703
False,False,False,False,False,False,False,4,704
False,False,False,False,False,False,False,4,705
False,False,False,False,False,False,False,4,706
False,False,False,False,False,False,False,4,707
False,False,False,False,False,False,False,4,708
False,False,False,False,False,False,False,4,709
False,False,False,False,False,False,False,4,710
False,False,False,False,False,False,False,4,711
False,False,False,False,False,False,False,4,712
False,False,False,False,False,False,False,4,713
False,False,False,False,False,False,False,4,714
False,False,False,False,False,False,False,4,715
False,False,False,False,False,False,False,4,716
False,False,False,False,False,False,False,4,717
False,False,False,False,False,False,False,4,718
False,False,False,False,False,False,False,4,719
False,False,False,False,False,False,False,4,720
False,False,False,False,False,False,False,4,721
False,False,False,False,False,False,False,4,722
False,False,False,False,False,False,False,4,723
False,False,False,False,False,False,False,4,724
False,False,False,False,False,False,False,4,725
False,False,False,False,False,False,False,4,726
False,False,False,False,False,False,False,4,727
False,False,False,False,False,False,False,4,728
False,False,False,False,False,False,False,4,729
False,False,False,False,False,False,False,4,730
False,False,False,False,False,False,False,4,731
False,False,False,False,False,False,False,4,732
False,False,False,False,False,False,False,4,733
False,False,False,False,False,False,False,4,734
False,False,False,False,False,False,False,4,735
False,False,False,False,False,False,False,4,736
False,False,False,False,False,False,False,4,737
False,False,False,False,False,False,False,4,738
False,False,False,False,False,False,False,4,739
False,False,False,False,False,False,False,4,740
False,False,False,False,False,False,False,4,741
False,False,False,False,False,False,False,4,742
False,False,False,False,False,False,False,4,743
False,False,False,False,False,False,False,4,744
False,False,False,False,False,False,False,4,745
False,False,False,False,False,False,False,4,746
False,False,False,False,False,False,False,4,747
False,False,False,False,False,False,False,4,748
False,False,False,False,False,False,False,4,749
False,False,False,False,False,False,False,4,750
False,False,False,False,False,False,False,4,751
False,False,False,False,False,False,False,4,752
False,False,False,False,False,False,False,4,753
False,False,False,False,False,False,False,4,754
False,False,False,False,False,False,False,4,755
False,False,False,False,False,False,False,4,756
False,False,False,False,False,False,False,4,757
False,False,False,False,False,False,False,4,758
False,False,False,False,False,False,False,4,759
False,False,False,False,False,False,False,4,760
False,False,False,False,False,False,False,4,761
False,False,False,False,False,False,True,4,762
False,False,False,False,False,False,True,4,763
False,False,False,False,False,False,False,4,764
False,False,False,False,False,False,False,4,765
False,False,False,False,False,False,False,4,766
False,False,False,False,False,False,False,4,767
False,False,False,False,False,False,False,4,768
False,False,False,False,False,False,False,4,769
False,False,False,False,False,False,False,4,770
False,False,False,False,False,False,False,4,771
False,False,False,False,False,False,False,4,772
False,False,False,False,False,False,False,4,773
False,False,False,False,False,False,False,4,774
False,False,False,False,False,False,False,4,775
False,False,False,False,False,False,True,4,776
False,False,False,False,False,False,True,4,777
False,False,False,False,False,False,False,4,778
False,False,False,False,False,False,False,4,779
False,False,False,False,False,False,False,4,780
False,False,False,False,False,False,False,4,781
False,False,False,False,False,False,False,4,782
False,False,False,False,False,False,False,4,783
False,False,False,False,False,False,False,4,784
False,False,False,False,False,False,False,4,785
False,False,False,False,False,False,False,4,786
False,False,False,False,False,False,False,4,787
False,False,False,False,False,False,False,4,788
False,False,False,False,False,False,False,4,789
False,False,False,False,False,False,False,4,790
False,False,False,False,False,False,False,4,791
False,False,False,False,False,False,False,4,792
False,False,False,False,False,False,False,4,793
False,False,False,False,False,False,False,4,794
False,False,False,False,False,False,False,4,795
False,False,False,False,False,False,False,4,796
False,False,False,False,False,False,False,4,797
False,False,False,False,False,False,False,4,798
False,False,False,False,False,False,False,4,799
False,False,False,False,False,False,False,4,800
False,False,False,False,False,False,False,4,801
False,False,False,False,False,False,False,4,802
False,False,False,False,False,False,False,4,803
False,False,False,False,False,False,False,4,804
False,False,False,False,False,False,False,4,805
False,False,False,False,False,False,False,4,806
False,False,False,False,False,False,False,4,807
False,False,False,False,False,False,False,4,808
False,False,False,False,False,False,False,4,809
False,False,False,False,False,False,False,4,810
False,False,False,False,False,False,False,4,811
False,False,False,False,False,False,False,4,812
False,False,False,False,False,False,False,4,813
False,False,False,False,False,False,False,4,814
False,False,False,False,False,False,False,4,815
False,False,False,False,False,False,False,4,816
False,False,False,False,False,False,False,4,817
False,False,False,False,False,False,False,4,818
False,False,False,False,False,False,False,4,819
False,False,False,False,False,False,False,4,820
False,False,False,False,False,False,False,4,821
False,False,False,False,False,False,False,4,822
False,False,False,False,False,False,False,4,823
False,False,False,False,False,False,False,4,824
False,False,False,False,False,False,False,4,825
False,False,False,False,False,False,False,4,826
False,False,False,False,False,False,False,4,827
False,False,False,False,False,False,False,4,828
False,False,False,False,False,False,False,4,829
False,False,False,False,False,False,False,4,830
False,False,False,False,False,False,False,4,831
False,False,False,False,False,False,False,4,832
False,False,False,False,False,False,False,4,833
False,False,False,False,False,False,False,4,834
False,False,False,False,False,False,False,4,835
False,False,False,False,False,False,False,4,836
False,False,False,False,False,False,False,4,837
False,False,False,False,False,False,False,4,838
False,False,False,False,False,False,False,4,839
False,False,False,False,False,False,False,4,840
False,False,False,False,False,False,False,4,841
False,False,False,False,False,False,False,4,842
False,False,False,False,False,False,False,4,843
False,False,False,False,False,False,False,4,844
False,False,False,False,False,False,False,4,845
False,False,False,False,False,False,False,4,846
False,False,False,False,False,False,False,4,847
False,False,False,False,False,False,False,4,848
False,False,False,False,False,False,False,4,849
False,False,False,False,False,False,False,4,850
False,False,False,False,False,False,False,4,851
False,False,False,False,False,False,False,4,852
False,False,False,False,False,False,False,4,853
False,False,False,False,False,False,False,4,854
False,False,False,False,False,False,False,4,855
False,False,False,False,False,False,False,4,856
False,False,False,False,False,False,False,4,857
False,False,False,False,False,False,False,4,858
False,False,False,False,False,False,False,4,859
False,False,False,False,False,False,False,4,860
False,False,False,False,False,False,False,4,861
False,False,False,False,False,False,False,4,862
False,False,False,False,False,False,False,4,863
False,False,False,False,False,False,False,4,864
False,False,False,False,False,False,False,4,865
False,False,False,False,False,False,False,4,866
False,False,False,False,False,False,False,4,867
False,False,False,False,False,False,False,4,868
False,False,False,False,False,False,False,4,869
False,False,False,False,False,False,False,4,870
False,False,False,False,False,False,False,4,871
False,False,False,False,False,False,False,4,872
False,False,False,False,False,False,False,4,873
False,False,False,False,False,False,False,4,874
False,False,False,False,False,False,False,4,875
False,False,False,False,False,False,False,4,876
False,False,False,False,False,False,False,4,877
False,False,False,False,False,False,False,4,878
False,False,False,False,False,False,False,4,879
False,False,False,False,False,False,False,4,880
False,False,False,False,False,False,False,4,881
False,False,False,False,False,False,False,4,882
False,False,False,False,False,False,False,4,883
False,False,False,False,False,False,False,4,884
False,False,False,False,False,False,False,4,885
False,False,False,False,False,False,False,4,886
False,False,False,False,False,False,False,4,887
False,False,False,False,False,False,False,4,888
False,False,False,False,False,False,False,4,889
False,False,False,False,False,False,False,4,890
False,False,False,False,False,False,False,4,891
False,False,False,False,False,False,False,4,892
False,False,False,False,False,False,False,4,893
False,False,False,False,False,False,False,4,894
False,False,False,False,False,False,False,4,895
False,False,False,False,False,False,False,4,896
False,False,False,False,False,False,False,4,897
False,False,False,False,False,False,False,4,898
False,False,False,False,False,False,False,4,899
False,False,False,False,False,False,False,4,900
False,False,False,False,False,False,False,4,901
False,False,False,False,False,False,False,4,902
False,False,False,False,False,False,False,4,903
False,False,False,False,False,False,False,4,904
False,False,False,False,False,False,False,4,905
False,False,False,False,False,False,False,4,906
False,False,False,False,False,False,False,4,907
False,False,False,False,False,False,False,4,908
False,False,False,False,False,False,False,4,909
False,False,False,False,False,False,False,4,910
False,False,False,False,False,False,False,4,911
False,False,False,False,False,False,False,4,912
False,False,False,False,False,False,False,4,913
False,False,False,False,False,False,False,4,914
False,False,False,False,False,False,False,4,915
False,False,False,False,False,False,False,4,916
False,False,False,False,False,False,False,4,917
False,False,False,False,False,False,False,4,918
False,False,False,False,False,False,False,4,919
False,False,False,False,False,False,False,4,920
False,False,False,False,False,False,False,4,921
False,False,False,False,False,False,False,4,922
False,False,False,False,False,False,False,4,923
False,False,False,False,False,False,False,4,924
False,False,False,False,False,False,False,4,925
False,False,False,False,False,False,False,4,926
False,False,False,False,False,False,False,4,927
False,False,False,False,False,False,False,4,928
False,False,False,False,False,False,False,5,1
False,False,False,False,False,False,False,5,2
False,False,False,False,False,False,False,5,3
False,False,False,False,False,False,False,5,4
False,False,False,False,False,False,False,5,5
False,False,False,False,False,False,False,5,6
False,False,False,False,False,False,False,5,7
False,False,False,False,False,False,False,5,8
False,False,False,False,False,False,False,5,9
False,False,False,False,False,False,False,5,10
False,False,False,False,False,False,False,5,11
False,False,False,False,False,False,False,5,12
False,False,False,False,False,False,False,5,13
False,False,False,False,False,False,False,5,14
False,False,False,False,False,False,False,5,15
False,False,False,False,False,False,False,5,16
False,False,False,False,False,False,False,5,17
False,False,False,False,False,False,False,5,18
False,False,False,False,False,False,False,5,19
False,False,False,False,False,False,False,5,20
False,False,False,False,False,False,False,5,21
False,False,False,False,False,False,False,5,22
False,False,False,False,False,False,False,5,23
False,False,False,False,False,False,False,5,24
False,False,False,False,False,False,False,5,25
False,False,False,False,False,False,False,5,26
False,False,False,False,False,False,False,5,27
False,False,False,False,False,False,False,5,28
False,False,False,False,False,False,False,5,29
False,False,False,False,False,False,False,5,30
False,False,False,False,False,False,False,5,31
False,False,False,False,False,False,False,5,32
False,False,False,False,False,False,False,5,33
False,False,False,False,False,False,False,5,34
False,False,False,False,False,False,False,5,35
False,False,False,False,False,False,False,5,36
False,False,False,False,False,False,False,5,37
False,False,False,False,False,False,False,5,38
False,False,False,False,False,False,False,5,39
False,False,False,False,False,False,False,5,40
False,False,False,False,False,False,False,5,41
False,False,False,False,False,False,False,5,42
False,False,False,False,False,False,False,5,43
False,False,False,False,False,False,False,5,44
False,False,False,False,False,False,False,5,45
False,False,False,False,False,False,False,5,46
False,False,False,False,False,False,False,5,47
False,False,False,False,False,False,False,5,48
False,False,False,False,False,False,False,5,49
False,False,False,False,False,False,False,5,50
False,False,False,False,False,False,False,5,51
False,False,False,False,False,False,False,5,52
False,False,False,False,False,False,False,5,53
False,False,False,False,False,False,False,5,54
False,False,False,False,False,False,False,5,55
False,False,False,False,False,False,False,5,56
False,False,False,False,False,False,False,5,57
False,False,False,False,False,False,False,5,58
False,False,False,False,False,False,False,5,59
False,False,False,False,False,False,False,5,60
False,False,False,False,False,False,False,5,61
False,False,False,False,False,False,False,5,62
False,False,False,False,False,False,False,5,63
False,False,False,False,False,False,False,5,64
False,False,False,False,False,False,False,5,65
False,False,False,False,False,False,False,5,66
False,False,False,False,False,False,False,5,67
False,False,False,False,False,False,False,5,68
False,False,False,False,False,False,False,5,69
False,False,False,False,False,False,False,5,70
False,False,False,False,False,False,False,5,71
False,False,False,False,False,False,False,5,72
False,False,False,False,False,False,False,5,73
False,False,False,False,False,False,False,5,74
False,False,False,False,False,False,False,5,75
False,False,False,False,False,False,False,5,76
False,False,False,False,False,False,False,5,77
False,False,False,False,False,False,False,5,78
False,False,False,False,False,False,False,5,79
False,False,False,False,False,False,False,5,80
False,False,False,False,False,False,False,5,81
False,False,False,False,False,False,False,5,82
False,False,False,False,False,False,False,5,83
False,False,False,False,False,False,False,5,84
False,False,False,False,False,False,False,5,85
False,False,False,False,False,False,False,5,86
False,False,False,False,False,False,False,5,87
False,False,False,False,False,False,False,5,88
False,False,False,False,False,False,False,5,89
False,False,False,False,False,False,False,5,90
False,False,False,False,False,False,False,5,91
False,False,False,False,False,False,False,5,92
False,False,False,False,False,False,False,5,93
False,False,False,False,False,False,False,5,94
False,False,False,False,False,False,False,5,95
False,False,False,False,False,False,False,5,96
False,False,False,False,False,False,False,5,97
False,False,False,False,False,False,False,5,98
False,False,False,False,False,False,False,5,99
False,False,False,False,False,False,False,5,100
False,False,False,False,False,False,False,5,101
False,False,False,False,False,False,False,5,102
False,False,False,False,False,False,False,5,103
False,False,False,False,False,False,False,5,104
False,False,False,False,False,False,False,5,105
False,False,False,False,False,False,False,5,106
False,False,False,False,False,False,False,5,107
False,False,False,False,False,False,False,5,108
False,False,False,False,False,False,False,5,109
False,False,False,False,False,False,False,5,110
False,False,False,False,False,False,False,5,111
False,False,False,False,False,False,False,5,112
False,False,False,False,False,False,False,5,113
False,False,False,False,False,False,False,5,114
False,False,False,False,False,False,False,5,115
False,False,False,False,False,False,False,5,116
False,False,False,False,False,False,False,5,117
False,False,False,False,False,False,False,5,118
False,False,False,False,False,False,False,5,119
False,False,False,False,False,False,False,5,120
False,False,False,False,False,False,False,5,121
False,False,False,False,False,False,False,5,122
False,False,False,False,False,False,False,5,123
False,False,False,False,False,False,False,5,124
False,False,False,False,False,False,False,5,125
False,False,False,False,False,False,False,5,126
False,False,False,False,False,False,False,5,127
False,False,False,False,False,False,False,5,128
False,False,False,False,False,False,False,5,129
False,False,False,False,False,False,False,5,130
False,False,False,False,False,False,False,5,131
False,False,False,False,False,False,False,5,132
False,False,False,False,False,False,False,5,133
False,False,False,False,False,False,False,5,134
False,False,False,False,False,False,False,5,135
False,False,False,False,False,False,False,5,136
False,False,False,False,False,False,False,5,137
False,False,False,False,False,False,False,5,138
False,False,False,False,False,False,False,5,139
False,False,False,False,False,False,False,5,140
False,False,False,False,False,False,False,5,141
False,False,False,False,False,False,False,5,142
False,False,False,False,False,False,False,5,143
False,False,False,False,False,False,False,5,144
False,False,False,False,False,False,False,5,145
False,False,False,False,False,False,False,5,146
False,False,False,False,False,False,False,5,147
False,False,False,False,False,False,False,5,148
False,False,False,False,False,False,False,5,149
False,False,False,False,False,False,False,5,150
False,False,False,False,False,False,False,5,151
False,False,False,False,False,False,False,5,152
False,False,False,False,False,False,False,5,153
False,False,False,False,False,False,False,5,154
False,False,False,False,False,False,False,5,155
False,False,False,False,False,False,False,5,156
False,False,False,False,False,False,False,5,157
False,False,False,False,False,False,False,5,158
False,False,False,False,False,False,False,5,159
False,False,False,False,False,False,False,5,160
False,False,False,False,False,False,False,5,161
False,False,False,False,False,False,False,5,162
False,False,False,False,False,False,False,5,163
False,False,False,False,False,False,False,5,164
False,False,False,False,False,False,False,5,165
False,False,False,False,False,False,False,5,166
False,False,False,False,False,False,False,5,167
False,False,False,False,False,False,False,5,168
False,False,False,False,False,False,False,5,169
False,False,False,False,False,False,False,5,170
False,False,False,False,False,False,False,5,171
False,False,False,False,False,False,False,5,172
False,False,False,False,False,False,False,5,173
False,False,False,False,False,False,False,5,174
False,False,False,False,False,False,False,5,175
False,False,False,False,False,False,False,5,176
False,False,False,False,False,False,False,5,177
False,False,False,False,False,False,False,5,178
False,False,False,False,False,False,False,5,179
False,False,False,False,False,False,False,5,180
False,False,False,False,False,False,False,5,181
False,False,False,False,False,False,False,5,182
False,False,False,False,False,False,False,5,183
False,False,False,False,False,False,False,5,184
False,False,False,False,False,False,False,5,185
False,False,False,False,False,False,False,5,186
False,False,False,False,False,False,False,5,187
False,False,False,False,False,False,False,5,188
False,False,False,False,False,False,False,5,189
False,False,False,False,False,False,False,5,190
False,False,False,False,False,False,False,5,191
False,False,False,False,False,False,False,5,192
False,False,False,False,False,False,False,5,193
False,False,False,False,False,False,False,5,194
False,False,False,False,False,False,False,5,195
False,False,False,False,False,False,False,5,196
False,False,False,False,False,False,False,5,197
False,False,False,False,False,False,False,5,198
False,False,False,False,False,False,False,5,199
False,False,False,False,False,False,False,5,200
False,False,False,False,False,False,False,5,201
False,False,False,False,False,False,False,5,202
False,False,False,False,False,False,False,5,203
False,False,False,False,False,False,False,5,204
False,False,False,False,False,False,False,5,205
False,False,False,False,False,False,False,5,206
False,False,False,False,False,False,False,5,207
False,False,False,False,False,False,False,5,208
False,False,False,False,False,False,False,5,209
False,False,False,False,False,False,False,5,210
False,False,False,False,False,False,False,5,211
False,False,False,False,False,False,False,5,212
False,False,False,False,False,False,False,5,213
False,False,True,False,False,False,False,5,214
False,False,False,False,False,False,False,5,215
False,False,False,False,False,False,False,5,216
False,False,False,False,False,False,False,5,217
False,False,False,False,False,False,False,5,218
False,False,False,False,False,False,False,5,219
False,False,False,False,False,False,False,5,220
False,False,False,False,False,False,False,5,221
False,False,False,False,False,False,False,5,222
False,False,False,False,False,False,False,5,223
False,False,False,False,False,False,False,5,224
False,False,False,False,False,False,False,5,225
False,False,False,False,False,False,False,5,226
False,False,False,False,False,False,False,5,227
False,False,False,False,False,False,False,5,228
False,False,False,False,False,False,False,5,229
False,False,False,False,False,False,False,5,230
False,False,False,False,False,False,False,5,231
False,False,False,False,False,False,False,5,232
False,False,False,False,False,False,False,5,233
False,False,False,False,False,False,False,5,234
False,False,False,False,False,False,False,5,235
False,False,False,False,False,False,False,5,236
False,False,False,False,False,False,False,5,237
False,False,False,False,False,False,False,5,238
False,False,False,False,False,False,False,5,239
False,False,False,False,False,False,False,5,240
False,False,False,False,False,False,False,5,241
False,False,False,False,False,False,False,5,242
False,False,False,False,False,False,False,5,243
False,False,False,False,False,False,False,5,244
False,False,False,False,False,False,False,5,245
False,False,False,False,False,False,False,5,246
False,False,False,False,False,False,False,5,247
False,False,False,False,False,False,False,5,248
False,False,False,False,False,False,False,5,249
False,False,False,False,False,False,False,5,250
False,False,False,False,False,False,False,5,251
False,False,False,False,False,False,False,5,252
False,False,False,False,False,False,False,5,253
False,False,False,False,False,False,False,5,254
False,False,False,False,False,False,False,5,255
False,False,False,False,False,False,False,5,256
False,False,False,False,False,False,False,5,257
False,False,False,False,False,False,False,5,258
False,False,False,False,False,False,False,5,259
False,False,False,False,False,False,False,5,260
False,False,False,False,False,False,False,5,261
False,False,False,False,False,False,False,5,262
False,False,False,False,False,False,False,5,263
False,False,False,False,False,False,False,5,264
False,False,False,False,False,False,False,5,265
False,False,False,False,False,False,False,5,266
False,False,False,False,False,False,False,5,267
False,False,False,False,False,False,False,5,268
False,False,False,False,False,False,False,5,269
False,False,False,False,False,False,False,5,270
False,False,False,False,False,False,False,5,271
False,False,False,False,False,False,False,5,272
False,False,False,False,False,False,False,5,273
False,False,False,False,False,False,False,5,274
False,False,False,False,False,False,False,5,275
False,False,False,False,False,False,False,5,276
False,False,False,False,False,False,False,5,277
False,False,False,False,False,False,False,5,278
False,False,False,False,False,False,False,5,279
False,False,False,False,False,False,False,5,280
False,False,False,False,False,False,False,5,281
False,False,False,False,False,False,False,5,282
False,False,False,False,False,False,False,5,283
False,False,False,False,False,False,False,5,284
False,False,False,False,False,False,False,5,285
False,False,False,False,False,False,False,5,286
False,False,False,False,False,False,False,5,287
False,False,False,False,False,False,False,5,288
False,False,False,False,False,False,False,5,289
False,False,False,False,False,False,False,5,290
False,False,False,False,False,False,False,5,291
False,False,False,False,False,False,False,5,292
False,False,False,False,False,False,False,5,293
False,False,False,False,False,False,False,5,294
False,False,False,False,False,False,False,5,295
False,False,False,False,False,False,False,5,296
False,False,False,False,False,False,False,5,297
False,False,False,False,False,False,False,5,298
False,False,False,False,False,False,False,5,299
False,False,False,False,False,False,False,5,300
False,False,False,False,False,False,False,5,301
False,False,False,False,False,False,False,5,302
False,False,False,False,False,False,False,5,303
False,False,False,False,False,False,False,5,304
False,False,False,False,False,False,False,5,305
False,False,False,False,False,False,False,5,306
False,False,False,False,False,False,False,5,307
False,False,False,False,False,False,False,5,308
False,False,False,False,False,False,False,5,309
False,False,False,False,False,False,False,5,310
False,False,False,False,False,False,False,5,311
False,False,False,False,False,False,False,5,312
False,False,False,False,False,False,False,5,313
False,False,False,False,False,False,False,5,314
False,False,False,False,False,False,False,5,315
False,False,False,False,False,False,False,5,316
False,False,False,False,False,False,False,5,317
False,False,False,False,False,False,False,5,318
False,False,False,False,False,False,False,5,319
False,False,False,False,False,False,False,5,320
False,False,False,False,False,False,False,5,321
False,False,False,False,False,False,False,5,322
False,False,False,False,False,False,False,5,323
False,False,False,False,False,False,False,5,324
False,False,False,False,False,False,False,5,325
False,False,False,False,False,False,False,5,326
False,False,False,False,False,False,False,5,327
False,False,False,False,False,False,False,5,328
False,False,False,False,False,False,False,5,329
False,False,False,False,False,False,False,5,330
False,False,False,False,False,False,False,5,331
False,False,False,False,False,False,False,5,332
False,False,False,False,False,False,False,5,333
False,False,False,False,False,False,False,5,334
False,False,False,False,False,False,False,5,335
False,False,False,False,False,False,False,5,336
False,False,False,False,False,False,False,5,337
False,False,False,False,False,False,False,5,338
False,False,False,False,False,False,False,5,339
False,False,False,False,False,False,False,5,340
False,False,False,False,False,False,False,5,341
False,False,False,False,False,False,False,5,342
False,False,False,False,False,False,False,5,343
False,False,False,False,False,False,False,5,344
False,False,False,False,False,False,False,5,345
False,False,False,False,False,False,False,5,346
False,False,False,False,False,False,False,5,347
False,False,False,False,False,False,False,5,348
False,False,False,False,False,False,False,5,349
False,False,False,False,False,False,False,5,350
False,False,False,False,False,False,False,5,351
False,False,False,False,False,False,False,5,352
False,False,False,False,False,False,False,5,353
False,False,False,False,False,False,False,5,354
False,False,False,False,False,False,False,5,355
False,False,False,False,False,False,False,5,356
False,False,False,False,False,False,False,5,357
False,False,False,False,False,False,False,5,358
False,False,False,False,False,False,False,5,359
False,False,False,False,False,False,False,5,360
False,False,False,False,False,False,False,5,361
False,False,False,False,False,False,False,5,362
False,False,False,False,False,False,False,5,363
False,False,False,False,False,False,False,5,364
False,False,False,False,False,False,False,5,365
False,False,False,False,False,False,False,5,366
False,False,False,False,False,False,False,5,367
False,False,False,False,False,False,False,5,368
False,False,False,False,False,False,False,5,369
False,False,False,False,False,False,False,5,370
False,False,False,False,False,False,False,5,371
False,False,False,False,False,False,False,5,372
False,False,False,False,False,False,False,5,373
False,False,False,False,False,False,False,5,374
False,False,False,False,False,False,False,5,375
False,False,False,False,False,False,False,5,376
False,False,False,False,False,False,False,5,377
False,False,False,False,False,False,False,5,378
False,False,False,False,False,False,False,5,379
False,False,False,False,False,False,False,5,380
False,False,False,False,False,False,False,5,381
False,False,False,False,False,False,False,5,382
False,False,False,False,False,False,False,5,383
False,False,False,False,False,False,False,5,384
False,False,False,False,False,False,False,5,385
False,False,False,False,False,False,False,5,386
False,False,False,False,False,False,False,5,387
False,False,False,False,False,False,False,5,388
False,False,False,False,False,False,False,5,389
False,False,False,False,False,False,False,5,390
False,False,False,False,False,False,False,5,391
False,False,False,False,False,False,False,5,392
False,False,False,False,False,False,False,5,393
False,False,False,False,False,False,False,5,394
False,False,False,False,False,False,False,5,395
False,False,False,False,False,False,False,5,396
False,False,False,False,False,False,False,5,397
False,False,False,False,False,False,False,5,398
False,False,False,False,False,False,False,5,399
False,False,False,False,False,False,False,5,400
False,False,False,False,False,False,False,5,401
False,False,False,False,False,False,False,5,402
False,False,False,False,False,False,False,5,403
False,False,False,False,False,False,False,5,404
False,False,False,False,False,False,False,5,405
False,False,False,False,False,False,False,5,406
False,False,False,False,False,False,False,5,407
False,False,False,False,False,False,False,5,408
False,False,False,False,False,False,False,5,409
False,False,False,False,False,False,False,5,410
False,False,False,False,False,False,False,5,411
False,False,False,False,False,False,False,5,412
False,False,False,False,False,False,False,5,413
False,False,False,False,False,False,False,5,414
False,False,False,False,False,False,False,5,415
False,False,False,False,False,False,False,5,416
False,False,False,False,False,False,False,5,417
False,False,False,False,False,False,False,5,418
False,False,False,False,False,False,False,5,419
False,False,False,False,False,False,False,5,420
False,False,False,False,False,False,False,5,421
False,False,False,False,False,False,False,5,422
False,False,False,False,False,False,False,5,423
False,False,False,False,False,False,False,5,424
False,False,False,False,False,False,False,5,425
False,False,False,False,False,False,False,5,426
False,False,False,False,False,False,False,5,427
False,False,False,False,False,False,False,5,428
False,False,False,False,False,False,False,5,429
False,False,False,False,False,False,False,5,430
False,False,False,False,False,False,False,5,431
False,False,False,False,False,False,False,5,432
False,False,False,False,False,False,False,5,433
False,False,False,False,False,False,False,5,434
False,False,False,False,False,False,False,5,435
False,False,False,False,False,False,False,5,436
False,False,False,False,False,False,False,5,437
False,False,False,False,False,False,False,5,438
False,False,False,False,False,False,False,5,439
False,False,False,False,False,False,False,5,440
False,False,False,False,False,False,False,5,441
False,False,False,False,False,False,False,5,442
False,False,False,False,False,False,False,5,443
False,False,False,False,False,False,False,5,444
False,False,False,False,False,False,False,5,445
False,False,False,False,False,False,False,5,446
False,False,False,False,False,False,False,5,447
False,False,False,False,False,False,False,5,448
False,False,False,False,False,False,False,5,449
False,False,False,False,False,False,False,5,450
False,False,False,False,False,False,False,5,451
False,False,False,False,False,False,False,5,452
False,False,False,False,False,False,False,5,453
False,False,False,False,False,False,False,5,454
False,False,False,False,False,False,False,5,455
False,False,False,False,False,False,False,5,456
False,False,False,False,False,False,False,5,457
False,False,False,False,False,False,False,5,458
False,False,False,False,False,False,False,5,459
False,False,False,False,False,False,False,5,460
False,False,False,False,False,False,False,5,461
False,False,False,False,False,False,False,5,462
False,False,False,False,False,False,False,5,463
False,False,False,False,False,False,False,5,464
False,False,False,False,False,False,False,5,465
False,False,False,False,False,False,False,5,466
False,False,False,False,False,False,False,5,467
False,False,False,False,False,False,False,5,468
False,False,False,False,False,False,False,5,469
False,False,False,False,False,False,False,5,470
False,False,False,False,False,False,False,5,471
False,False,False,False,False,False,False,5,472
False,False,False,False,False,False,False,5,473
False,False,False,False,False,False,False,5,474
False,False,False,False,False,False,False,5,475
False,False,False,False,False,False,False,5,476
False,False,False,False,False,False,False,5,477
False,False,False,False,False,False,False,5,478
False,False,False,False,False,False,False,5,479
False,False,False,False,False,False,False,5,480
False,False,False,False,False,False,False,5,481
False,False,False,False,False,False,False,5,482
False,False,False,False,False,False,False,5,483
False,False,False,False,False,False,False,5,484
False,False,False,False,False,False,False,5,485
False,False,False,False,False,False,False,5,486
False,False,False,False,False,False,False,5,487
False,False,False,False,False,False,False,5,488
False,False,False,False,False,False,False,5,489
False,False,False,False,False,False,False,5,490
False,False,False,False,False,False,False,5,491
False,False,False,False,False,False,False,5,492
False,False,False,False,False,False,False,5,493
False,False,False,False,False,False,False,5,494
False,False,False,False,False,False,False,5,495
False,False,False,False,False,False,False,5,496
False,False,False,False,False,False,False,5,497
False,False,False,False,False,False,False,5,498
False,False,False,False,False,False,False,5,499
False,False,False,False,False,False,False,5,500
False,False,False,False,False,False,False,5,501
False,False,False,False,False,False,False,5,502
False,False,False,False,False,False,False,5,503
False,False,False,False,False,False,False,5,504
False,False,False,False,False,False,False,5,505
False,False,False,False,False,False,False,5,506
False,False,False,False,False,False,False,5,507
False,False,False,False,False,False,False,5,508
False,False,False,False,False,False,False,5,509
False,False,False,False,False,False,False,5,510
False,False,False,False,False,False,False,5,511
False,False,False,False,False,False,False,5,512
False,False,False,False,False,False,False,5,513
False,False,False,False,False,False,False,5,514
False,False,False,False,False,False,False,5,515
False,False,False,False,False,False,False,5,516
False,False,False,False,False,False,False,5,517
False,False,False,False,False,False,False,5,518
False,False,False,False,False,False,False,5,519
False,False,False,False,False,False,False,5,520
False,False,False,False,False,False,False,5,521
False,False,False,False,False,False,False,5,522
False,False,False,False,False,False,False,5,523
False,False,False,False,False,False,False,5,524
False,False,False,False,False,False,False,5,525
False,False,False,False,False,False,False,5,526
False,False,False,False,False,False,False,5,527
False,False,False,False,False,False,False,5,528
False,False,False,False,False,False,False,5,529
False,False,False,False,False,False,False,5,530
False,False,False,False,False,False,False,5,531
False,False,False,False,False,False,False,5,532
False,False,False,False,False,False,False,5,533
False,False,False,False,False,False,False,5,534
False,False,False,False,False,False,False,5,535
False,False,False,False,False,False,False,5,536
False,False,False,False,False,False,False,5,537
False,False,False,False,False,False,False,5,538
False,False,False,False,False,False,False,5,539
False,False,False,False,False,False,False,5,540
False,False,False,False,False,False,False,5,541
False,False,False,False,False,False,False,5,542
False,False,False,False,False,False,False,5,543
False,False,False,False,False,False,False,5,544
False,False,False,False,False,False,False,5,545
False,False,False,False,False,False,False,5,546
False,False,False,False,False,False,False,5,547
False,False,False,False,False,False,False,5,548
False,False,False,False,False,False,False,5,549
False,False,False,False,False,False,False,5,550
False,False,False,False,False,False,False,5,551
False,False,False,False,False,False,False,5,552
False,False,False,False,False,False,False,5,553
False,False,False,False,False,False,False,5,554
False,False,False,False,False,False,False,5,555
False,False,False,False,False,False,False,5,556
False,False,False,False,False,False,False,5,557
False,False,False,False,False,False,False,5,558
False,False,False,False,False,False,False,5,559
False,False,False,False,False,False,False,5,560
False,False,False,False,False,False,False,5,561
False,False,False,False,False,False,False,5,562
False,False,False,False,False,False,False,5,563
False,False,False,False,False,False,False,5,564
False,False,False,False,False,False,False,5,565
False,False,False,False,False,False,False,5,566
False,False,False,False,False,False,False,5,567
False,False,False,False,False,False,False,5,568
False,False,False,False,False,False,False,5,569
False,False,False,False,False,False,False,5,570
False,False,False,False,False,False,False,5,571
False,False,False,False,False,False,False,5,572
False,False,False,False,False,False,False,5,573
False,False,False,False,False,False,False,5,574
False,False,False,False,False,False,False,5,575
False,False,False,False,False,False,False,5,576
False,False,False,False,False,False,False,5,577
False,False,False,False,False,False,False,5,578
False,False,False,False,False,False,False,5,579
False,False,False,False,False,False,False,5,580
False,False,False,False,False,False,False,5,581
False,False,False,False,False,False,False,5,582
False,False,False,False,False,False,False,5,583
False,False,False,False,False,False,False,5,584
False,False,False,False,False,False,False,5,585
False,False,False,False,False,False,False,5,586
False,False,False,False,False,False,False,5,587
False,False,False,False,False,False,False,5,588
False,False,False,False,False,False,False,5,589
False,False,False,False,False,False,False,5,590
False,False,False,False,False,False,False,5,591
False,False,False,False,False,False,False,5,592
False,False,False,False,False,False,False,5,593
False,False,False,False,False,False,False,5,594
False,False,False,False,False,False,False,5,595
False,False,False,False,False,False,False,5,596
False,False,False,False,False,False,False,5,597
False,False,False,False,False,False,False,5,598
False,False,False,False,False,False,False,5,599
False,False,False,False,False,False,False,5,600
False,False,False,False,False,False,False,5,601
False,False,False,False,False,False,False,5,602
False,False,False,False,False,False,False,5,603
False,False,False,False,False,False,False,5,604
False,False,False,False,False,False,False,5,605
False,False,False,False,False,False,False,5,606
False,False,False,False,False,False,False,5,607
False,False,False,False,False,False,False,5,608
False,False,False,False,False,False,False,5,609
False,False,False,False,False,False,False,5,610
False,False,False,False,False,False,False,5,611
False,False,False,False,False,False,False,5,612
False,False,False,False,False,False,False,5,613
False,False,False,False,False,False,False,5,614
False,False,False,False,False,False,False,5,615
False,False,False,False,False,False,False,5,616
False,False,False,False,False,False,False,5,617
False,False,False,False,False,False,False,5,618
False,False,False,False,False,False,False,5,619
False,False,False,False,False,False,False,5,620
False,False,False,False,False,False,False,5,621
False,False,False,False,False,False,False,5,622
False,False,False,False,False,False,False,5,623
False,False,False,False,False,False,False,5,624
False,False,False,False,False,False,False,5,625
False,False,False,False,False,False,False,5,626
False,False,False,False,False,False,False,5,627
False,False,False,False,False,False,False,5,628
False,False,False,False,False,False,False,5,629
False,False,False,False,False,False,False,5,630
False,False,False,False,False,False,False,5,631
False,False,False,False,False,False,False,5,632
False,False,False,False,False,False,False,5,633
False,False,False,False,False,False,False,5,634
False,False,False,False,False,False,False,5,635
False,False,False,False,False,False,False,5,636
False,False,False,False,False,False,False,5,637
False,False,False,False,False,False,False,5,638
False,False,False,False,False,False,False,5,639
False,False,False,False,False,False,False,5,640
False,False,False,False,False,False,False,5,641
False,False,False,False,False,False,False,5,642
False,False,False,False,False,False,False,5,643
False,False,False,False,False,False,False,5,644
False,False,False,False,False,False,False,5,645
False,False,False,False,False,False,False,5,646
False,False,False,False,False,False,False,5,647
False,False,False,False,False,False,False,5,648
False,False,False,False,False,False,False,5,649
False,False,False,False,False,False,False,5,650
False,False,False,False,False,False,False,5,651
False,False,False,False,False,False,False,5,652
False,False,False,False,False,False,False,5,653
False,False,False,False,False,False,False,5,654
False,False,False,False,False,False,False,5,655
False,False,False,False,False,False,False,5,656
False,False,False,False,False,False,False,5,657
False,False,False,False,False,False,False,5,658
False,False,False,False,False,False,False,5,659
False,False,False,False,False,False,False,5,660
False,False,False,False,False,False,False,5,661
False,False,False,False,False,False,False,5,662
False,False,False,False,False,False,False,5,663
False,False,False,False,False,False,False,5,664
False,False,False,False,False,False,False,5,665
False,False,False,False,False,False,False,5,666
False,False,False,False,False,False,False,5,667
False,False,False,False,False,False,False,5,668
False,False,False,False,False,False,False,5,669
False,False,False,False,False,False,False,5,670
False,False,False,False,False,False,False,5,671
False,False,False,False,False,False,False,5,672
False,False,False,False,False,False,False,5,673
False,False,False,False,False,False,False,5,674
False,False,False,False,False,False,False,5,675
False,False,False,False,False,False,False,5,676
False,False,False,False,False,False,False,5,677
False,False,False,False,False,False,False,5,678
False,False,False,False,False,False,False,5,679
False,False,False,False,False,False,False,5,680
False,False,False,False,False,False,False,5,681
False,False,False,False,False,False,False,5,682
False,False,False,False,False,False,False,5,683
False,False,False,False,False,False,False,5,684
False,False,False,False,False,False,False,5,685
False,False,False,False,False,False,False,5,686
False,False,False,False,False,False,False,5,687
False,False,False,False,False,False,False,5,688
False,False,False,False,False,False,False,5,689
False,False,False,False,False,False,False,5,690
False,False,False,False,False,False,False,5,691
False,False,False,False,False,False,False,5,692
False,False,False,False,False,False,False,5,693
False,False,False,False,False,False,False,5,694
False,False,False,False,False,False,False,5,695
False,False,False,False,False,False,False,5,696
False,False,False,False,False,False,False,5,697
False,False,False,False,False,False,False,5,698
False,False,False,False,False,False,False,5,699
False,False,False,False,False,False,False,5,700
False,False,False,False,False,False,False,5,701
False,False,False,False,False,False,False,5,702
False,False,False,False,False,False,False,5,703
False,False,False,False,False,False,False,5,704
False,False,False,False,False,False,False,5,705
False,False,False,False,False,False,False,5,706
False,False,False,False,False,False,False,5,707
False,False,False,False,False,False,False,5,708
False,False,False,False,False,False,False,5,709
False,False,False,False,False,False,False,5,710
False,False,False,False,False,False,False,5,711
False,False,False,False,False,False,False,5,712
False,False,False,False,False,False,False,5,713
False,False,False,False,False,False,False,5,714
False,False,False,False,False,False,False,5,715
False,False,False,False,False,False,False,5,716
False,False,False,False,False,False,False,5,717
False,False,False,False,False,False,False,5,718
False,False,False,False,False,False,False,5,719
False,False,False,False,False,False,False,5,720
False,False,False,False,False,False,False,5,721
False,False,False,False,False,False,False,5,722
False,False,False,False,False,False,False,5,723
False,False,False,False,False,False,False,5,724
False,False,False,False,False,False,False,5,725
False,False,False,False,False,False,False,5,726
False,False,False,False,False,False,False,5,727
False,False,False,False,False,False,False,5,728
False,False,False,False,False,False,False,5,729
False,False,False,False,False,False,False,5,730
False,False,False,False,False,False,False,5,731
False,False,False,False,False,False,False,5,732
False,False,False,False,False,False,False,5,733
False,False,False,False,False,False,False,5,734
False,False,False,False,False,False,False,5,735
False,False,False,False,False,False,False,5,736
False,False,False,False,False,False,False,5,737
False,False,False,False,False,False,False,5,738
False,False,False,False,False,False,False,5,739
False,False,False,False,False,False,False,5,740
False,False,False,False,False,False,False,5,741
False,False,False,False,False,False,False,5,742
False,False,False,False,False,False,False,5,743
False,False,False,False,False,False,False,5,744
False,False,False,False,False,False,False,5,745
False,False,False,False,False,False,False,5,746
False,False,False,False,False,False,False,5,747
False,False,False,False,False,False,False,5,748
False,False,False,False,False,False,False,5,749
False,False,False,False,False,False,False,5,750
False,False,False,False,False,False,False,5,751
False,False,False,False,False,False,False,5,752
False,False,False,False,False,False,False,5,753
False,False,False,False,False,False,False,5,754
False,False,False,False,False,False,False,5,755
False,False,False,False,False,False,False,5,756
False,False,False,False,False,False,False,5,757
False,False,False,False,False,False,False,5,758
False,False,False,False,False,False,False,5,759
False,False,False,False,False,False,False,5,760
False,False,False,False,False,False,False,5,761
False,False,False,False,False,False,False,5,762
False,False,False,False,False,False,False,5,763
False,False,False,False,False,False,False,5,764
False,False,False,False,False,False,False,5,765
False,False,False,False,False,False,False,5,766
False,False,False,False,False,False,False,5,767
False,False,False,False,False,False,False,5,768
False,False,False,False,False,False,False,5,769
False,False,False,False,False,False,False,5,770
False,False,False,False,False,False,False,5,771
False,False,False,False,False,False,False,5,772
False,False,False,False,False,False,False,5,773
False,False,False,False,False,False,False,5,774
False,False,False,False,False,False,False,5,775
False,False,False,False,False,False,False,5,776
False,False,False,False,False,False,False,5,777
False,False,False,False,False,False,False,5,778
False,False,False,False,False,False,False,5,779
False,False,False,False,False,False,False,5,780
False,False,False,False,False,False,False,5,781
False,False,False,False,False,False,False,5,782
False,False,False,False,False,False,False,5,783
False,False,False,False,False,False,False,5,784
False,False,False,False,False,False,False,5,785
False,False,False,False,False,False,False,5,786
False,False,False,False,False,False,False,5,787
False,False,False,False,False,False,False,5,788
False,False,False,False,False,False,False,5,789
False,False,False,False,False,False,False,5,790
False,False,False,False,False,False,False,5,791
False,False,False,False,False,False,False,5,792
False,False,False,False,False,False,False,5,793
False,False,False,False,False,False,False,5,794
False,False,False,False,False,False,False,5,795
False,False,False,False,False,False,False,5,796
False,False,False,False,False,False,False,5,797
False,False,False,False,False,False,False,5,798
False,False,False,False,False,False,False,5,799
False,False,False,False,False,False,False,5,800
False,False,False,False,False,False,False,5,801
False,False,False,False,False,False,False,5,802
False,False,False,False,False,False,False,5,803
False,False,False,False,False,False,False,5,804
False,False,False,False,False,False,False,5,805
False,False,False,False,False,False,False,5,806
False,False,False,False,False,False,False,5,807
False,False,False,False,False,False,False,5,808
False,False,False,False,False,False,False,5,809
False,False,False,False,False,False,False,5,810
False,False,False,False,False,False,False,5,811
False,False,False,False,False,False,False,5,812
False,False,False,False,False,False,False,5,813
False,False,False,False,False,False,False,5,814
False,False,False,False,False,False,False,5,815
False,False,False,False,False,False,False,5,816
False,False,False,False,False,False,False,5,817
False,False,False,False,False,False,False,5,818
False,False,False,False,False,False,False,5,819
False,False,False,False,False,False,True,5,820
False,False,False,False,False,False,True,5,821
False,False,False,False,False,False,False,5,822
False,False,False,False,False,False,False,5,823
False,False,False,False,False,False,False,5,824
False,False,False,False,False,False,False,5,825
False,False,False,False,False,False,False,5,826
False,False,False,False,False,False,False,5,827
False,False,False,False,False,False,False,5,828
False,False,False,False,False,False,False,5,829
False,False,False,False,False,False,False,5,830
False,False,False,False,False,False,False,5,831
False,False,False,False,False,False,False,5,832
False,False,False,False,False,False,False,5,833
False,False,False,False,False,False,True,5,834
False,False,False,False,False,False,True,5,835
False,False,False,False,False,False,False,5,836
False,False,False,False,False,False,False,5,837
False,False,False,False,False,False,False,5,838
False,False,False,False,False,False,False,5,839
False,False,False,False,False,False,False,5,840
False,False,False,False,False,False,False,5,841
False,False,False,False,False,False,False,5,842
False,False,False,False,False,False,False,5,843
False,False,False,False,False,False,False,5,844
False,False,False,False,False,False,False,5,845
False,False,False,False,False,False,False,5,846
False,False,False,False,False,False,False,5,847
False,False,False,False,False,False,False,5,848
False,False,False,False,False,False,False,5,849
False,False,False,False,False,False,False,5,850
False,False,False,False,False,False,False,5,851
False,False,False,False,False,False,False,5,852
False,False,False,False,False,False,False,5,853
False,False,False,False,False,False,False,5,854
False,False,False,False,False,False,False,5,855
False,False,False,False,False,False,False,5,856
False,False,False,False,False,False,False,5,857
False,False,False,False,False,False,False,5,858
False,False,False,False,False,False,False,5,859
False,False,False,False,False,False,False,5,860
False,False,False,False,False,False,False,5,861
False,False,False,False,False,False,False,5,862
False,False,False,False,False,False,False,5,863
False,False,False,False,False,False,False,5,864
False,False,False,False,False,False,False,5,865
False,False,False,False,False,False,False,5,866
False,False,False,False,False,False,False,5,867
False,False,False,False,False,False,False,5,868
False,False,False,False,False,False,False,5,869
False,False,False,False,False,False,False,5,870
False,False,False,False,False,False,False,5,871
False,False,False,False,False,False,False,5,872
False,False,False,False,False,False,False,5,873
False,False,False,False,False,False,False,5,874
False,False,False,False,False,False,False,5,875
False,False,False,False,False,False,False,5,876
False,False,False,False,False,False,False,5,877
False,False,False,False,False,False,False,5,878
False,False,False,False,False,False,False,5,879
False,False,False,False,False,False,False,5,880
False,False,False,False,False,False,False,5,881
False,False,False,False,False,False,False,5,882
False,False,False,False,False,False,False,5,883
False,False,False,False,False,False,False,5,884
False,False,False,False,False,False,False,5,885
False,False,False,False,False,False,False,5,886
False,False,False,False,False,False,False,5,887
False,False,False,False,False,False,False,5,888
False,False,False,False,False,False,False,5,889
False,False,False,False,False,False,False,5,890
False,False,False,False,False,False,False,5,891
False,False,False,False,False,False,False,5,892
False,False,False,False,False,False,False,5,893
False,False,False,False,False,False,False,5,894
False,False,False,False,False,False,False,5,895
False,False,False,False,False,False,False,5,896
False,False,False,False,False,False,False,5,897
False,False,False,False,False,False,False,5,898
False,False,False,False,False,False,False,5,899
False,False,False,False,False,False,False,5,900
False,False,False,False,False,False,False,5,901
False,False,False,False,False,False,False,5,902
False,False,False,False,False,False,False,5,903
False,False,False,False,False,False,False,5,904
False,False,False,False,False,False,False,5,905
False,False,False,False,False,False,False,5,906
False,False,False,False,False,False,False,5,907
False,False,False,False,False,False,False,5,908
False,False,False,False,False,False,False,5,909
False,False,False,False,False,False,False,5,910
False,False,False,False,False,False,False,5,911
False,False,False,False,False,False,False,5,912
False,False,False,False,False,False,False,5,913
False,False,False,False,False,False,False,5,914
False,False,False,False,False,False,False,5,915
False,False,False,False,False,False,False,5,916
False,False,False,False,False,False,False,5,917
False,False,False,False,False,False,False,5,918
False,False,False,False,False,False,False,5,919
False,False,False,False,False,False,False,5,920
False,False,False,False,False,False,False,5,921
False,False,False,False,False,False,False,5,922
False,False,False,False,False,False,False,5,923
False,False,False,False,False,False,False,5,924
False,False,False,False,False,False,False,5,925
False,False,False,False,False,False,False,5,926
False,False,False,False,False,False,False,5,927
False,False,False,False,False,False,False,5,928
False,False,False,False,False,False,False,6,1
False,False,False,False,False,False,False,6,2
False,False,False,False,False,False,False,6,3
False,False,False,False,False,False,False,6,4
False,False,False,False,False,False,False,6,5
False,False,False,False,False,False,False,6,6
False,False,False,False,False,False,False,6,7
False,False,False,False,False,False,False,6,8
False,False,False,False,False,False,False,6,9
False,False,False,False,False,False,False,6,10
False,False,False,False,False,False,False,6,11
False,False,False,False,False,False,False,6,12
False,False,False,False,False,False,False,6,13
False,False,False,False,False,False,False,6,14
False,False,False,False,False,False,False,6,15
False,False,False,False,False,False,False,6,16
False,False,False,False,False,False,False,6,17
False,False,False,False,False,False,False,6,18
False,False,False,False,False,False,False,6,19
False,False,False,False,False,False,False,6,20
False,False,False,False,False,False,False,6,21
False,False,False,False,False,False,False,6,22
False,False,False,False,False,False,False,6,23
False,False,False,False,False,False,False,6,24
False,False,False,False,False,False,False,6,25
False,False,False,False,False,False,False,6,26
False,False,False,False,False,False,False,6,27
False,False,False,False,False,False,False,6,28
False,False,False,False,False,False,False,6,29
False,False,False,False,False,False,False,6,30
False,False,False,False,False,False,False,6,31
False,False,False,False,False,False,False,6,32
False,False,False,False,False,False,False,6,33
False,False,False,False,False,False,False,6,34
False,False,False,False,False,False,False,6,35
False,False,False,False,False,False,False,6,36
False,False,False,False,False,False,False,6,37
False,False,False,False,False,False,False,6,38
False,False,False,False,False,False,False,6,39
False,False,False,False,False,False,False,6,40
False,False,False,False,False,False,False,6,41
False,False,False,False,False,False,False,6,42
False,False,False,False,False,False,False,6,43
False,False,False,False,False,False,False,6,44
False,False,False,False,False,False,False,6,45
False,False,False,False,False,False,False,6,46
False,False,False,False,False,False,False,6,47
False,False,False,False,False,False,False,6,48
False,False,False,False,False,False,False,6,49
False,False,False,False,False,False,False,6,50
False,False,False,False,False,False,False,6,51
False,False,False,False,False,False,False,6,52
False,False,False,False,False,False,False,6,53
False,False,False,False,False,False,False,6,54
False,False,False,False,False,False,False,6,55
False,False,False,False,False,False,False,6,56
False,False,False,False,False,False,False,6,57
False,False,False,False,False,False,False,6,58
False,False,False,False,False,False,False,6,59
False,False,False,False,False,False,False,6,60
False,False,False,False,False,False,False,6,61
False,False,False,False,False,False,False,6,62
False,False,False,False,False,False,False,6,63
False,False,False,False,False,False,False,6,64
False,False,False,False,False,False,False,6,65
False,False,False,False,False,False,False,6,66
False,False,False,False,False,False,False,6,67
False,False,False,False,False,False,False,6,68
False,False,False,False,False,False,False,6,69
False,False,False,False,False,False,False,6,70
False,False,False,False,False,False,False,6,71
False,False,False,False,False,False,False,6,72
False,False,False,False,False,False,False,6,73
False,False,False,False,False,False,False,6,74
False,False,False,False,False,False,False,6,75
False,False,False,False,False,False,False,6,76
False,False,False,False,False,False,False,6,77
False,False,False,False,False,False,False,6,78
False,False,False,False,False,False,False,6,79
False,False,False,False,False,False,False,6,80
False,False,False,False,False,False,False,6,81
False,False,False,False,False,False,False,6,82
False,False,False,False,False,False,False,6,83
False,False,False,False,False,False,False,6,84
False,False,False,False,False,False,False,6,85
False,False,False,False,False,False,False,6,86
False,False,False,False,False,False,False,6,87
False,False,False,False,False,False,False,6,88
False,False,False,False,False,False,False,6,89
False,False,False,False,False,False,False,6,90
False,False,False,False,False,False,False,6,91
False,False,False,False,False,False,False,6,92
False,False,False,False,False,False,False,6,93
False,False,False,False,False,False,False,6,94
False,False,False,False,False,False,False,6,95
False,False,False,False,False,False,False,6,96
False,False,False,False,False,False,False,6,97
False,False,False,False,False,False,False,6,98
False,False,False,False,False,False,False,6,99
False,False,False,False,False,False,False,6,100
False,False,False,False,False,False,False,6,101
False,False,False,False,False,False,False,6,102
False,False,False,False,False,False,False,6,103
False,False,False,False,False,False,False,6,104
False,False,False,False,False,False,False,6,105
False,False,False,False,False,False,False,6,106
False,False,False,False,False,False,False,6,107
False,False,False,False,False,False,False,6,108
False,False,False,False,False,False,False,6,109
False,False,False,False,False,False,False,6,110
False,False,False,False,False,False,False,6,111
False,False,False,False,False,False,False,6,112
False,False,False,False,False,False,False,6,113
False,False,False,False,False,False,False,6,114
False,False,False,False,False,False,False,6,115
False,False,False,False,False,False,False,6,116
False,False,False,False,False,False,False,6,117
False,False,False,False,False,False,False,6,118
False,False,False,False,False,False,False,6,119
False,False,False,False,False,False,False,6,120
False,False,False,False,False,False,False,6,121
False,False,False,False,False,False,False,6,122
False,False,False,False,False,False,False,6,123
False,False,False,False,False,False,False,6,124
False,False,False,False,False,False,False,6,125
False,False,False,False,False,False,False,6,126
False,False,False,False,False,False,False,6,127
False,False,False,False,False,False,False,6,128
False,False,False,False,False,False,False,6,129
False,False,False,False,False,False,False,6,130
False,False,False,False,False,False,False,6,131
False,False,False,False,False,False,False,6,132
False,False,False,False,False,False,False,6,133
False,False,False,False,False,False,False,6,134
False,False,False,False,False,False,False,6,135
False,False,False,False,False,False,False,6,136
False,False,False,False,False,False,False,6,137
False,False,False,False,False,False,False,6,138
False,False,False,False,False,False,False,6,139
False,False,False,False,False,False,False,6,140
False,False,False,False,False,False,False,6,141
False,False,False,False,False,False,False,6,142
False,False,False,False,False,False,False,6,143
False,False,False,False,False,False,False,6,144
False,False,False,False,False,False,False,6,145
False,False,False,False,False,False,False,6,146
False,False,False,False,False,False,False,6,147
False,False,False,False,False,False,False,6,148
False,False,False,False,False,False,False,6,149
False,False,False,False,False,False,False,6,150
False,False,False,False,False,False,False,6,151
False,False,False,False,False,False,False,6,152
False,False,False,False,False,False,False,6,153
False,False,False,False,False,False,False,6,154
False,False,False,False,False,False,False,6,155
False,False,False,False,False,False,False,6,156
False,False,False,False,False,False,False,6,157
False,False,False,False,False,False,False,6,158
False,False,False,False,False,False,False,6,159
False,False,False,False,False,False,False,6,160
False,False,False,False,False,False,False,6,161
False,False,False,False,False,False,False,6,162
False,False,False,False,False,False,False,6,163
False,False,False,False,False,False,False,6,164
False,False,False,False,False,False,False,6,165
False,False,False,False,False,False,False,6,166
False,False,False,False,False,False,False,6,167
False,False,False,False,False,False,False,6,168
False,False,False,False,False,False,False,6,169
False,False,False,False,False,False,False,6,170
False,False,False,False,False,False,False,6,171
False,False,False,False,False,False,False,6,172
False,False,False,False,False,False,False,6,173
False,False,False,False,False,False,False,6,174
False,False,False,False,False,False,False,6,175
False,False,False,False,False,False,False,6,176
False,False,False,False,False,False,False,6,177
False,False,False,False,False,False,False,6,178
False,False,False,False,False,False,False,6,179
False,False,False,False,False,False,False,6,180
False,False,False,False,False,False,False,6,181
False,False,False,False,False,False,False,6,182
False,False,False,False,False,False,False,6,183
False,False,False,False,False,False,False,6,184
False,False,False,False,False,False,False,6,185
False,False,False,False,False,False,False,6,186
False,False,False,False,False,False,False,6,187
False,False,False,False,False,False,False,6,188
False,False,False,False,False,False,False,6,189
False,False,False,False,False,False,False,6,190
False,False,False,False,False,False,False,6,191
False,False,False,False,False,False,False,6,192
False,False,False,False,False,False,False,6,193
False,False,False,False,False,False,False,6,194
False,False,False,False,False,False,False,6,195
False,False,False,False,False,False,False,6,196
False,False,False,False,False,False,False,6,197
False,False,False,False,False,False,False,6,198
False,False,False,False,False,False,False,6,199
False,False,False,False,False,False,False,6,200
False,False,False,False,False,False,False,6,201
False,False,False,False,False,False,False,6,202
False,False,False,False,False,False,False,6,203
False,False,False,False,False,False,False,6,204
False,False,False,False,False,False,False,6,205
False,False,False,False,False,False,False,6,206
False,False,False,False,False,False,False,6,207
False,False,False,False,False,False,False,6,208
False,False,False,False,False,False,False,6,209
False,False,False,False,False,False,False,6,210
False,False,False,False,False,False,False,6,211
False,False,False,False,False,False,False,6,212
False,False,False,False,False,False,False,6,213
False,False,False,False,False,False,False,6,214
False,False,False,False,False,False,False,6,215
False,False,False,False,False,False,False,6,216
False,False,False,False,False,False,False,6,217
False,False,False,False,False,False,False,6,218
False,False,False,False,False,False,False,6,219
False,False,False,False,False,False,False,6,220
False,False,False,False,False,False,False,6,221
False,False,False,False,False,False,False,6,222
False,False,False,False,False,False,False,6,223
False,False,False,False,False,False,False,6,224
False,False,False,False,False,False,False,6,225
False,False,False,False,False,False,False,6,226
False,False,False,False,False,False,False,6,227
False,False,False,False,False,False,False,6,228
False,False,False,False,False,False,False,6,229
False,False,False,False,False,False,False,6,230
False,False,False,False,False,False,False,6,231
False,False,False,False,False,False,False,6,232
False,False,False,False,False,False,False,6,233
False,False,False,False,False,False,False,6,234
False,False,False,False,False,False,False,6,235
False,False,False,False,False,False,False,6,236
False,False,False,False,False,False,False,6,237
False,False,False,False,False,False,False,6,238
False,False,False,False,False,False,False,6,239
False,False,False,False,False,False,False,6,240
False,False,False,False,False,False,False,6,241
False,False,False,False,False,False,False,6,242
False,False,False,False,False,False,False,6,243
False,False,False,False,False,False,False,6,244
False,False,False,False,False,False,False,6,245
False,False,False,False,False,False,False,6,246
False,False,False,False,False,False,False,6,247
False,False,False,False,False,False,False,6,248
False,False,False,False,False,False,False,6,249
False,False,False,False,False,False,False,6,250
False,False,False,False,False,False,False,6,251
False,False,False,False,False,False,False,6,252
False,False,False,False,False,False,False,6,253
False,False,False,False,False,False,False,6,254
False,False,False,False,False,False,False,6,255
False,False,False,False,False,False,False,6,256
False,False,False,False,False,False,False,6,257
False,False,False,False,False,False,False,6,258
False,False,False,False,False,False,False,6,259
False,False,False,False,False,False,False,6,260
False,False,False,False,False,False,False,6,261
False,False,False,False,False,False,False,6,262
False,False,False,False,False,False,False,6,263
False,False,False,False,False,False,False,6,264
False,False,False,False,False,False,False,6,265
False,False,False,False,False,False,False,6,266
False,False,False,False,False,False,False,6,267
False,False,False,False,False,False,False,6,268
False,False,False,False,False,False,False,6,269
False,False,False,False,False,False,False,6,270
False,False,False,False,False,False,False,6,271
False,False,False,False,False,False,False,6,272
False,False,False,False,False,False,False,6,273
False,False,False,False,False,False,False,6,274
False,False,False,False,False,False,False,6,275
False,False,False,False,False,False,False,6,276
False,False,False,False,False,False,False,6,277
False,False,False,False,False,False,False,6,278
False,False,False,False,False,False,False,6,279
False,False,False,False,False,False,False,6,280
False,False,False,False,False,False,False,6,281
False,False,False,False,False,False,False,6,282
False,False,False,False,False,False,False,6,283
False,False,False,False,False,False,False,6,284
False,False,False,False,False,False,False,6,285
False,False,False,False,False,False,False,6,286
False,False,False,False,False,False,False,6,287
False,False,False,False,False,False,False,6,288
False,False,False,False,False,False,False,6,289
False,False,False,False,False,False,False,6,290
False,False,False,False,False,False,False,6,291
False,False,False,False,False,False,False,6,292
False,False,False,False,False,False,False,6,293
False,False,False,False,False,False,False,6,294
False,False,False,False,False,False,False,6,295
False,False,False,False,False,False,False,6,296
False,False,False,False,False,False,False,6,297
False,False,False,False,False,False,False,6,298
False,False,False,False,False,False,False,6,299
False,False,False,False,False,False,False,6,300
False,False,False,False,False,False,False,6,301
False,False,False,False,False,False,False,6,302
False,False,False,False,False,False,False,6,303
False,False,False,False,False,False,False,6,304
False,False,False,False,False,False,False,6,305
False,False,False,False,False,False,False,6,306
False,False,False,False,False,False,False,6,307
False,False,False,False,False,False,False,6,308
False,False,False,False,False,False,False,6,309
False,False,False,False,False,False,False,6,310
False,False,False,False,False,False,False,6,311
False,False,False,False,False,False,False,6,312
False,False,False,False,False,False,False,6,313
False,False,False,False,False,False,False,6,314
False,False,False,False,False,False,False,6,315
False,False,False,False,False,False,False,6,316
False,False,False,False,False,False,False,6,317
False,False,False,False,False,False,False,6,318
False,False,False,False,False,False,False,6,319
False,False,False,False,False,False,False,6,320
False,False,False,False,False,False,False,6,321
False,False,False,False,False,False,False,6,322
False,False,False,False,False,False,False,6,323
False,False,False,False,False,False,False,6,324
False,False,False,False,False,False,False,6,325
False,False,False,False,False,False,False,6,326
False,False,False,False,False,False,False,6,327
False,False,False,False,False,False,False,6,328
False,False,False,False,False,False,False,6,329
False,False,False,False,False,False,False,6,330
False,False,False,False,False,False,False,6,331
False,False,False,False,False,False,False,6,332
False,False,False,False,False,False,False,6,333
False,False,False,False,False,False,False,6,334
False,False,False,False,False,False,False,6,335
False,False,False,False,False,False,False,6,336
False,False,False,False,False,False,False,6,337
False,False,False,False,False,False,False,6,338
False,False,False,False,False,False,False,6,339
False,False,False,False,False,False,False,6,340
False,False,False,False,False,False,False,6,341
False,False,False,False,False,False,False,6,342
False,False,False,False,False,False,False,6,343
False,False,False,False,False,False,False,6,344
False,False,False,False,False,False,False,6,345
False,False,False,False,False,False,False,6,346
False,False,False,False,False,False,False,6,347
False,False,False,False,False,False,False,6,348
False,False,False,False,False,False,False,6,349
False,False,False,False,False,False,False,6,350
False,False,False,False,False,False,False,6,351
False,False,False,False,False,False,False,6,352
False,False,False,False,False,False,False,6,353
False,False,False,False,False,False,False,6,354
False,False,False,False,False,False,False,6,355
False,False,False,False,False,False,False,6,356
False,False,False,False,False,False,False,6,357
False,False,False,False,False,False,False,6,358
False,False,False,False,False,False,False,6,359
False,False,False,False,False,False,False,6,360
False,False,False,False,False,False,False,6,361
False,False,False,False,False,False,False,6,362
False,False,False,False,False,False,False,6,363
False,False,False,False,False,False,False,6,364
False,False,False,False,False,False,False,6,365
False,False,False,False,False,False,False,6,366
False,False,False,False,False,False,False,6,367
False,False,False,False,False,False,False,6,368
False,False,False,False,False,False,False,6,369
False,False,False,False,False,False,False,6,370
False,False,False,False,False,False,False,6,371
False,False,False,False,False,False,False,6,372
False,False,False,False,False,False,False,6,373
False,False,False,False,False,False,False,6,374
False,False,False,False,False,False,False,6,375
False,False,False,False,False,False,False,6,376
False,False,False,False,False,False,False,6,377
False,False,False,False,False,False,False,6,378
False,False,False,False,False,False,False,6,379
False,False,False,False,False,False,False,6,380
False,False,False,False,False,False,False,6,381
False,False,False,False,False,False,False,6,382
False,False,False,False,False,False,False,6,383
False,False,False,False,False,False,False,6,384
False,False,False,False,False,False,False,6,385
False,False,False,False,False,False,False,6,386
False,False,False,False,False,False,False,6,387
False,False,False,False,False,False,False,6,388
False,False,False,False,False,False,False,6,389
False,False,False,False,False,False,False,6,390
False,False,False,False,False,False,False,6,391
False,False,False,False,False,False,False,6,392
False,False,False,False,False,False,False,6,393
False,False,False,False,False,False,False,6,394
False,False,False,False,False,False,False,6,395
False,False,False,False,False,False,False,6,396
False,False,False,False,False,False,False,6,397
False,False,False,False,False,False,False,6,398
False,False,False,False,False,False,False,6,399
False,False,False,False,False,False,False,6,400
False,False,False,False,False,False,False,6,401
False,False,False,False,False,False,False,6,402
False,False,False,False,False,False,False,6,403
False,False,False,False,False,False,False,6,404
False,False,False,False,False,False,False,6,405
False,False,False,False,False,False,False,6,406
False,False,False,False,False,False,False,6,407
False,False,False,False,False,False,False,6,408
False,False,False,False,False,False,False,6,409
False,False,False,False,False,False,False,6,410
False,False,False,False,False,False,False,6,411
False,False,False,False,False,False,False,6,412
False,False,False,False,False,False,False,6,413
False,False,False,False,False,False,False,6,414
False,False,False,False,False,False,False,6,415
False,False,False,False,False,False,False,6,416
False,False,False,False,False,False,False,6,417
False,False,False,False,False,False,False,6,418
False,False,False,False,False,False,False,6,419
False,False,False,False,False,False,False,6,420
False,False,False,False,False,False,False,6,421
False,False,False,False,False,False,False,6,422
False,False,False,False,False,False,False,6,423
False,False,False,False,False,False,False,6,424
False,False,False,False,False,False,False,6,425
False,False,False,False,False,False,False,6,426
False,False,False,False,False,False,False,6,427
False,False,False,False,False,False,False,6,428
False,False,False,False,False,False,False,6,429
False,False,False,False,False,False,False,6,430
False,False,False,False,False,False,False,6,431
False,False,False,False,False,False,False,6,432
False,False,False,False,False,False,False,6,433
False,False,False,False,False,False,False,6,434
False,False,False,False,False,False,False,6,435
False,False,False,False,False,False,False,6,436
False,False,False,False,False,False,False,6,437
False,False,False,False,False,False,False,6,438
False,False,False,False,False,False,False,6,439
False,False,False,False,False,False,False,6,440
False,False,False,False,False,False,False,6,441
False,False,False,False,False,False,False,6,442
False,False,False,False,False,False,False,6,443
False,False,False,False,False,False,False,6,444
False,False,False,False,False,False,False,6,445
False,False,False,False,False,False,False,6,446
False,False,False,False,False,False,False,6,447
False,False,False,False,False,False,False,6,448
False,False,False,False,False,False,False,6,449
False,False,False,False,False,False,False,6,450
False,False,False,False,False,False,False,6,451
False,False,False,False,False,False,False,6,452
False,False,False,False,False,False,False,6,453
False,False,False,False,False,False,False,6,454
False,False,False,False,False,False,False,6,455
False,False,False,False,False,False,False,6,456
False,False,False,False,False,False,False,6,457
False,False,False,False,False,False,False,6,458
False,False,False,False,False,False,False,6,459
False,False,False,False,False,False,False,6,460
False,False,False,False,False,False,False,6,461
False,False,False,False,False,False,False,6,462
False,False,False,False,False,False,False,6,463
False,False,False,False,False,False,False,6,464
False,False,False,False,False,False,False,6,465
False,False,False,False,False,False,False,6,466
False,False,False,False,False,False,False,6,467
False,False,False,False,False,False,False,6,468
False,False,False,False,False,False,False,6,469
False,False,False,False,False,False,False,6,470
False,False,False,False,False,False,False,6,471
False,False,False,False,False,False,False,6,472
False,False,False,False,False,False,False,6,473
False,False,False,False,False,False,False,6,474
False,False,False,False,False,False,False,6,475
False,False,False,False,False,False,False,6,476
False,False,False,False,False,False,False,6,477
False,False,False,False,False,False,False,6,478
False,False,False,False,False,False,False,6,479
False,False,False,False,False,False,False,6,480
False,False,False,False,False,False,False,6,481
False,False,False,False,False,False,False,6,482
False,False,False,False,False,False,False,6,483
False,False,False,False,False,False,False,6,484
False,False,False,False,False,False,False,6,485
False,False,False,False,False,False,False,6,486
False,False,False,False,False,False,False,6,487
False,False,False,False,False,False,False,6,488
False,False,False,False,False,False,False,6,489
False,False,False,False,False,False,False,6,490
False,False,False,False,False,False,False,6,491
False,False,False,False,False,False,False,6,492
False,False,False,False,False,False,False,6,493
False,False,False,False,False,False,False,6,494
False,False,False,False,False,False,False,6,495
False,False,False,False,False,False,False,6,496
False,False,False,False,False,False,False,6,497
False,False,False,False,False,False,False,6,498
False,False,False,False,False,False,False,6,499
False,False,False,False,False,False,False,6,500
False,False,False,False,False,False,False,6,501
False,False,False,False,False,False,False,6,502
False,False,False,False,False,False,False,6,503
False,False,False,False,False,False,False,6,504
False,False,False,False,False,False,False,6,505
False,False,False,False,False,False,False,6,506
False,False,False,False,False,False,False,6,507
False,False,False,False,False,False,False,6,508
False,False,False,False,False,False,False,6,509
False,False,False,False,False,False,False,6,510
False,False,False,False,False,False,False,6,511
False,False,False,False,False,False,False,6,512
False,False,False,False,False,False,False,6,513
False,False,False,False,False,False,False,6,514
False,False,False,False,False,False,False,6,515
False,False,False,False,False,False,False,6,516
False,False,False,False,False,False,False,6,517
False,False,False,False,False,False,False,6,518
False,False,False,False,False,False,False,6,519
False,False,False,False,False,False,False,6,520
False,False,False,False,False,False,False,6,521
False,False,False,False,False,False,False,6,522
False,False,False,False,False,False,False,6,523
False,False,False,False,False,False,False,6,524
False,False,False,False,False,False,False,6,525
False,False,False,False,False,False,False,6,526
False,False,False,False,False,False,False,6,527
False,False,False,False,False,False,False,6,528
False,False,False,False,False,False,False,6,529
False,False,False,False,False,False,False,6,530
False,False,False,False,False,False,False,6,531
False,False,False,False,False,False,False,6,532
False,False,False,False,False,False,False,6,533
False,False,False,False,False,False,False,6,534
False,False,False,False,False,False,False,6,535
False,False,False,False,False,False,False,6,536
False,False,False,False,False,False,False,6,537
False,False,False,False,False,False,False,6,538
False,False,False,False,False,False,False,6,539
False,False,False,False,False,False,False,6,540
False,False,False,False,False,False,False,6,541
False,False,False,False,False,False,False,6,542
False,False,False,False,False,False,False,6,543
False,False,False,False,False,False,False,6,544
False,False,False,False,False,False,False,6,545
False,False,False,False,False,False,False,6,546
False,False,False,False,False,False,False,6,547
False,False,False,False,False,False,False,6,548
False,False,False,False,False,False,False,6,549
False,False,False,False,False,False,False,6,550
False,False,False,False,False,False,False,6,551
False,False,False,False,False,False,False,6,552
False,False,False,False,False,False,False,6,553
False,False,False,False,False,False,False,6,554
False,False,False,False,False,False,False,6,555
False,False,False,False,False,False,False,6,556
False,False,False,False,False,False,False,6,557
False,False,False,False,False,False,False,6,558
False,False,False,False,False,False,False,6,559
False,False,False,False,False,False,False,6,560
False,False,False,False,False,False,False,6,561
False,False,False,False,False,False,False,6,562
False,False,False,False,False,False,False,6,563
False,False,False,False,False,False,False,6,564
False,False,False,False,False,False,False,6,565
False,False,False,False,False,False,False,6,566
False,False,False,False,False,False,False,6,567
False,False,False,False,False,False,False,6,568
False,False,False,False,False,False,False,6,569
False,False,False,False,False,False,False,6,570
False,False,False,False,False,False,False,6,571
False,False,False,False,False,False,False,6,572
False,False,False,False,False,False,False,6,573
False,False,False,False,False,False,False,6,574
False,False,False,False,False,False,False,6,575
False,False,False,False,False,False,False,6,576
False,False,False,False,False,False,False,6,577
False,False,False,False,False,False,False,6,578
False,False,False,False,False,False,False,6,579
False,False,False,False,False,False,False,6,580
False,False,False,False,False,False,False,6,581
False,False,False,False,False,False,False,6,582
False,False,False,False,False,False,False,6,583
False,False,False,False,False,False,False,6,584
False,False,False,False,False,False,False,6,585
False,False,False,False,False,False,False,6,586
False,False,False,False,False,False,False,6,587
False,False,False,False,False,False,False,6,588
False,False,False,False,False,False,False,6,589
False,False,False,False,False,False,False,6,590
False,False,False,False,False,False,False,6,591
False,False,False,False,False,False,False,6,592
False,False,False,False,False,False,False,6,593
False,False,False,False,False,False,False,6,594
False,False,False,False,False,False,False,6,595
False,False,False,False,False,False,False,6,596
False,False,False,False,False,False,False,6,597
False,False,False,False,False,False,False,6,598
False,False,False,False,False,False,False,6,599
False,False,False,False,False,False,False,6,600
False,False,False,False,False,False,False,6,601
False,False,False,False,False,False,False,6,602
False,False,False,False,False,False,False,6,603
False,False,False,False,False,False,False,6,604
False,False,False,False,False,False,False,6,605
False,False,False,False,False,False,False,6,606
False,False,False,False,False,False,False,6,607
False,False,False,False,False,False,False,6,608
False,False,False,False,False,False,False,6,609
False,False,False,False,False,False,False,6,610
False,False,False,False,False,False,False,6,611
False,False,False,False,False,False,False,6,612
False,False,False,False,False,False,False,6,613
False,False,False,False,False,False,False,6,614
False,False,False,False,False,False,False,6,615
False,False,False,False,False,False,False,6,616
False,False,False,False,False,False,False,6,617
False,False,False,False,False,False,False,6,618
False,False,False,False,False,False,False,6,619
False,False,False,False,False,False,False,6,620
False,False,False,False,False,False,False,6,621
False,False,False,False,False,False,False,6,622
False,False,False,False,False,False,False,6,623
False,False,False,False,False,False,False,6,624
False,False,False,False,False,False,False,6,625
False,False,False,False,False,False,False,6,626
False,False,False,False,False,False,False,6,627
False,False,False,False,False,False,False,6,628
False,False,False,False,False,False,False,6,629
False,False,False,False,False,False,False,6,630
False,False,False,False,False,False,False,6,631
False,False,False,False,False,False,False,6,632
False,False,False,False,False,False,False,6,633
False,False,False,False,False,False,False,6,634
False,False,False,False,False,False,False,6,635
False,False,False,False,False,False,False,6,636
False,False,False,False,False,False,False,6,637
False,False,False,False,False,False,False,6,638
False,False,False,False,False,False,False,6,639
False,False,False,False,False,False,False,6,640
False,False,False,False,False,False,False,6,641
False,False,False,False,False,False,False,6,642
False,False,False,False,False,False,False,6,643
False,False,False,False,False,False,False,6,644
False,False,False,False,False,False,False,6,645
False,False,False,False,False,False,False,6,646
False,False,False,False,False,False,False,6,647
False,False,False,False,False,False,False,6,648
False,False,False,False,False,False,False,6,649
False,False,False,False,False,False,False,6,650
False,False,False,False,False,False,False,6,651
False,False,False,False,False,False,False,6,652
False,False,False,False,False,False,False,6,653
False,False,False,False,False,False,False,6,654
False,False,False,False,False,False,False,6,655
False,False,False,False,False,False,False,6,656
False,False,False,False,False,False,False,6,657
False,False,False,False,False,False,False,6,658
False,False,False,False,False,False,False,6,659
False,False,False,False,False,False,False,6,660
False,False,False,False,False,False,False,6,661
False,False,False,False,False,False,False,6,662
False,False,False,False,False,False,False,6,663
False,False,False,False,False,False,False,6,664
False,False,False,False,False,False,False,6,665
False,False,False,False,False,False,False,6,666
False,False,False,False,False,False,False,6,667
False,False,False,False,False,False,False,6,668
False,False,False,False,False,False,False,6,669
False,False,False,False,False,False,False,6,670
False,False,False,False,False,False,False,6,671
False,False,False,False,False,False,False,6,672
False,False,False,False,False,False,False,6,673
False,False,False,False,False,False,False,6,674
False,False,False,False,False,False,False,6,675
False,False,False,False,False,False,False,6,676
False,False,False,False,False,False,False,6,677
False,False,False,False,False,False,False,6,678
False,False,False,False,False,False,False,6,679
False,False,False,False,False,False,False,6,680
False,False,False,False,False,False,False,6,681
False,False,False,False,False,False,False,6,682
False,False,False,False,False,False,False,6,683
False,False,False,False,False,False,False,6,684
False,False,False,False,False,False,False,6,685
False,False,False,False,False,False,False,6,686
False,False,False,False,False,False,False,6,687
False,False,False,False,False,False,False,6,688
False,False,False,False,False,False,False,6,689
False,False,False,False,False,False,False,6,690
False,False,False,False,False,False,False,6,691
False,False,False,False,False,False,False,6,692
False,False,False,False,False,False,False,6,693
False,False,False,False,False,False,False,6,694
False,False,False,False,False,False,False,6,695
False,False,False,False,False,False,False,6,696
False,False,False,False,False,False,False,6,697
False,False,False,False,False,False,False,6,698
False,False,False,False,False,False,False,6,699
False,False,False,False,False,False,False,6,700
False,False,False,False,False,False,False,6,701
False,False,False,False,False,False,False,6,702
False,False,False,False,False,False,False,6,703
False,False,False,False,False,False,False,6,704
False,False,False,False,False,False,False,6,705
False,False,False,False,False,False,False,6,706
False,False,False,False,False,False,False,6,707
False,False,False,False,False,False,False,6,708
False,False,False,False,False,False,False,6,709
False,False,False,False,False,False,False,6,710
False,False,False,False,False,False,False,6,711
False,False,False,False,False,False,False,6,712
False,False,False,False,False,False,False,6,713
False,False,False,False,False,False,False,6,714
False,False,False,False,False,False,False,6,715
False,False,False,False,False,False,False,6,716
False,False,False,False,False,False,False,6,717
False,False,False,False,False,False,False,6,718
False,False,False,False,False,False,False,6,719
False,False,False,False,False,False,False,6,720
False,False,False,False,False,False,False,6,721
False,False,False,False,False,False,False,6,722
False,False,False,False,False,False,False,6,723
False,False,False,False,False,False,False,6,724
False,False,False,False,False,False,False,6,725
False,False,False,False,False,False,False,6,726
False,False,False,False,False,False,False,6,727
False,False,False,False,False,False,False,6,728
False,False,False,False,False,False,False,6,729
False,False,False,False,False,False,False,6,730
False,False,False,False,False,False,False,6,731
False,False,False,False,False,False,False,6,732
False,False,False,False,False,False,False,6,733
False,False,False,False,False,False,False,6,734
False,False,False,False,False,False,False,6,735
False,False,False,False,False,False,False,6,736
False,False,False,False,False,False,False,6,737
False,False,False,False,False,False,False,6,738
False,False,False,False,False,False,False,6,739
False,False,False,False,False,False,False,6,740
False,False,False,False,False,False,False,6,741
False,False,False,False,False,False,False,6,742
False,False,False,False,False,False,False,6,743
False,False,False,False,False,False,False,6,744
False,False,False,False,False,False,False,6,745
False,False,False,False,False,False,False,6,746
False,False,False,False,False,False,False,6,747
False,False,False,False,False,False,False,6,748
False,False,False,False,False,False,False,6,749
False,False,False,False,False,False,False,6,750
False,False,False,False,False,False,False,6,751
False,False,False,False,False,False,False,6,752
False,False,False,False,False,False,False,6,753
False,False,False,False,False,False,False,6,754
False,False,False,False,False,False,False,6,755
False,False,False,False,False,False,False,6,756
False,False,False,False,False,False,False,6,757
False,False,False,False,False,False,False,6,758
False,False,False,False,False,False,False,6,759
False,False,False,False,False,False,False,6,760
False,False,False,False,False,False,False,6,761
False,False,False,False,False,False,False,6,762
False,False,False,False,False,False,False,6,763
False,False,False,False,False,False,False,6,764
False,False,False,False,False,False,False,6,765
False,False,False,False,False,False,False,6,766
False,False,False,False,False,False,False,6,767
False,False,False,False,False,False,False,6,768
False,False,False,False,False,False,False,6,769
False,False,False,False,False,False,False,6,770
False,False,False,False,False,False,False,6,771
False,False,False,False,False,False,False,6,772
False,False,False,False,False,False,False,6,773
False,False,False,False,False,False,False,6,774
False,False,False,False,False,False,False,6,775
False,False,False,False,False,False,False,6,776
False,False,False,False,False,False,False,6,777
False,False,False,False,False,False,False,6,778
False,False,False,False,False,False,False,6,779
False,False,False,False,False,False,False,6,780
False,False,False,False,False,False,False,6,781
False,False,False,False,False,False,False,6,782
False,False,False,False,False,False,False,6,783
False,False,False,False,False,False,False,6,784
False,False,False,False,False,False,False,6,785
False,False,False,False,False,False,False,6,786
False,False,False,False,False,False,False,6,787
False,False,False,False,False,False,False,6,788
False,False,False,False,False,False,False,6,789
False,False,False,False,False,False,False,6,790
False,False,False,False,False,False,False,6,791
False,False,False,False,False,False,False,6,792
False,False,False,False,False,False,False,6,793
False,False,False,False,False,False,False,6,794
False,False,False,False,False,False,False,6,795
False,False,False,False,False,False,False,6,796
False,False,False,False,False,False,False,6,797
False,False,False,False,False,False,False,6,798
False,False,False,False,False,False,False,6,799
False,False,False,False,False,False,False,6,800
False,False,False,False,False,False,False,6,801
False,False,False,False,False,False,False,6,802
False,False,False,False,False,False,False,6,803
False,False,False,False,False,False,False,6,804
False,False,False,False,False,False,False,6,805
False,False,False,False,False,False,False,6,806
False,False,False,False,False,False,False,6,807
False,False,False,False,False,False,False,6,808
False,False,False,False,False,False,False,6,809
False,False,False,False,False,False,False,6,810
False,False,False,False,False,False,False,6,811
False,False,False,False,False,False,False,6,812
False,False,False,False,False,False,False,6,813
False,False,False,False,False,False,False,6,814
False,False,False,False,False,False,False,6,815
False,False,False,False,False,False,False,6,816
False,False,False,False,False,False,False,6,817
False,False,False,False,False,False,False,6,818
False,False,False,False,False,False,False,6,819
False,False,False,False,False,False,False,6,820
False,False,False,False,False,False,False,6,821
False,False,False,False,False,False,False,6,822
False,False,False,False,False,False,False,6,823
False,False,False,False,False,False,False,6,824
False,False,False,False,False,False,False,6,825
False,False,False,False,False,False,False,6,826
False,False,False,False,False,False,False,6,827
False,False,False,False,False,False,False,6,828
False,False,False,False,False,False,False,6,829
False,False,False,False,False,False,False,6,830
False,False,False,False,False,False,False,6,831
False,False,False,False,False,False,False,6,832
False,False,False,False,False,False,False,6,833
False,False,False,False,False,False,False,6,834
False,False,False,False,False,False,False,6,835
False,False,False,False,False,False,False,6,836
False,False,False,False,False,False,False,6,837
False,False,False,False,False,False,False,6,838
False,False,False,False,False,False,False,6,839
False,False,False,False,False,False,False,6,840
False,False,False,False,False,False,False,6,841
False,False,False,False,False,False,False,6,842
False,False,False,False,False,False,False,6,843
False,False,False,False,False,False,False,6,844
False,False,False,False,False,False,False,6,845
False,False,False,False,False,False,False,6,846
False,False,False,False,False,False,False,6,847
False,False,False,False,False,False,False,6,848
False,False,False,False,False,False,False,6,849
False,False,False,False,False,False,False,6,850
False,False,False,False,False,False,False,6,851
False,False,False,False,False,False,False,6,852
False,False,False,False,False,False,False,6,853
False,False,False,False,False,False,False,6,854
False,False,False,False,False,False,False,6,855
False,False,False,False,False,False,False,6,856
False,False,False,False,False,False,False,6,857
False,False,False,False,False,False,False,6,858
False,False,False,False,False,False,False,6,859
False,False,False,False,False,False,False,6,860
False,False,False,False,False,False,False,6,861
False,False,False,False,False,False,False,6,862
False,False,False,False,False,False,False,6,863
False,False,False,False,False,False,False,6,864
False,False,False,False,False,False,False,6,865
False,False,False,False,False,False,False,6,866
False,False,False,False,False,False,False,6,867
False,False,False,False,False,False,False,6,868
False,False,False,False,False,False,False,6,869
False,False,False,False,False,False,False,6,870
False,False,False,False,False,False,False,6,871
False,False,False,False,False,False,False,6,872
False,False,False,False,False,False,False,6,873
False,False,False,False,False,False,False,6,874
False,False,False,False,False,False,False,6,875
False,False,False,False,False,False,False,6,876
False,False,False,False,False,False,False,6,877
False,False,False,False,False,False,False,6,878
False,False,False,False,False,False,False,6,879
False,False,False,False,False,False,False,6,880
False,False,False,False,False,False,False,6,881
False,False,False,False,False,False,False,6,882
False,False,False,False,False,False,False,6,883
False,False,False,False,False,False,False,6,884
False,False,False,False,False,False,False,6,885
False,False,False,False,False,False,False,6,886
False,False,False,False,False,False,False,6,887
False,False,False,False,False,False,False,6,888
False,False,False,False,False,False,False,6,889
False,False,False,False,False,False,False,6,890
False,False,False,False,False,False,False,6,891
False,False,False,False,False,False,False,6,892
False,False,False,False,False,False,False,6,893
False,False,False,False,False,False,False,6,894
False,False,False,False,False,False,False,6,895
False,False,False,False,False,False,False,6,896
False,False,False,False,False,False,False,6,897
False,False,False,False,False,False,False,6,898
False,False,False,False,False,False,False,6,899
False,False,False,False,False,False,False,6,900
False,False,False,False,False,False,False,6,901
False,False,False,False,False,False,False,6,902
False,False,False,False,False,False,False,6,903
False,False,False,False,False,False,False,6,904
False,False,False,False,False,False,False,6,905
False,False,False,False,False,False,False,6,906
False,False,False,False,False,False,False,6,907
False,False,False,False,False,False,False,6,908
False,False,False,False,False,False,False,6,909
False,False,False,False,False,False,False,6,910
False,False,False,False,False,False,False,6,911
False,False,False,False,False,False,False,6,912
False,False,False,False,False,False,False,6,913
False,False,False,False,False,False,False,6,914
False,False,False,False,False,False,False,6,915
False,False,False,False,False,False,False,6,916
False,False,False,False,False,False,False,6,917
False,False,False,False,False,False,False,6,918
False,False,False,False,False,False,False,6,919
False,False,False,False,False,False,False,6,920
False,False,False,False,False,False,False,6,921
False,False,False,False,False,False,False,6,922
False,False,False,False,False,False,False,6,923
False,False,False,False,False,False,False,6,924
False,False,False,False,False,False,False,6,925
False,False,False,False,False,False,False,6,926
False,False,False,False,False,False,False,6,927
False,False,False,False,False,False,False,6,928
False,False,False,False,False,False,False,7,1
False,False,False,False,False,False,False,7,2
False,False,False,False,False,False,False,7,3
False,False,False,False,False,False,False,7,4
False,False,False,False,False,False,False,7,5
False,False,False,False,False,False,False,7,6
False,False,False,False,False,False,False,7,7
False,False,False,False,False,False,False,7,8
False,False,False,False,False,False,False,7,9
False,False,False,False,False,False,False,7,10
False,False,False,False,False,False,False,7,11
False,False,False,False,False,False,False,7,12
False,False,False,False,False,False,False,7,13
False,False,False,False,False,False,False,7,14
False,False,False,False,False,False,False,7,15
False,False,False,False,False,False,False,7,16
False,False,False,False,False,False,False,7,17
False,False,False,False,False,False,False,7,18
False,False,False,False,False,False,False,7,19
False,False,False,False,False,False,False,7,20
False,False,False,False,False,False,False,7,21
False,False,False,False,False,False,False,7,22
False,False,False,False,False,False,False,7,23
False,False,False,False,False,False,False,7,24
False,False,False,False,False,False,False,7,25
False,False,False,False,False,False,False,7,26
False,False,False,False,False,False,False,7,27
False,False,False,False,False,False,False,7,28
False,False,False,False,False,False,False,7,29
False,False,False,False,False,False,False,7,30
False,False,False,False,False,False,False,7,31
False,False,False,False,False,False,False,7,32
False,False,False,False,False,False,False,7,33
False,False,False,False,False,False,False,7,34
False,False,False,False,False,False,False,7,35
False,False,False,False,False,False,False,7,36
False,False,False,False,False,False,False,7,37
False,False,False,False,False,False,False,7,38
False,False,False,False,False,False,False,7,39
False,False,False,False,False,False,False,7,40
False,False,False,False,False,False,False,7,41
False,False,False,False,False,False,False,7,42
False,False,False,False,False,False,False,7,43
False,False,False,False,False,False,False,7,44
False,False,False,False,False,False,False,7,45
False,False,False,False,False,False,False,7,46
False,False,False,False,False,False,False,7,47
False,False,False,False,False,False,False,7,48
False,False,False,False,False,False,False,7,49
False,False,False,False,False,False,False,7,50
False,False,False,False,False,False,False,7,51
False,False,False,False,False,False,False,7,52
False,False,False,False,False,False,False,7,53
False,False,False,False,False,False,False,7,54
False,False,False,False,False,False,False,7,55
False,False,False,False,False,False,False,7,56
False,False,False,False,False,False,False,7,57
False,False,False,False,False,False,False,7,58
False,False,False,False,False,False,False,7,59
False,False,False,False,False,False,False,7,60
False,False,False,False,False,False,False,7,61
False,False,False,False,False,False,False,7,62
False,False,False,False,False,False,False,7,63
False,False,False,False,False,False,False,7,64
False,False,False,False,False,False,False,7,65
False,False,False,False,False,False,False,7,66
False,False,False,False,False,False,False,7,67
False,False,False,False,False,False,False,7,68
False,False,False,False,False,False,False,7,69
False,False,False,False,False,False,False,7,70
False,False,False,False,False,False,False,7,71
False,False,False,False,False,False,False,7,72
False,False,False,False,False,False,False,7,73
False,False,False,False,False,False,False,7,74
False,False,False,False,False,False,False,7,75
False,True,False,False,False,False,False,7,76
False,False,False,False,False,False,False,7,77
False,False,False,False,False,False,False,7,78
False,False,False,False,False,False,False,7,79
False,False,False,False,False,False,False,7,80
False,False,False,False,False,False,False,7,81
False,False,False,False,False,False,False,7,82
False,False,False,False,False,False,False,7,83
False,False,False,False,False,False,False,7,84
False,False,False,False,False,False,False,7,85
False,False,False,False,False,False,False,7,86
False,False,False,False,False,False,False,7,87
False,False,False,False,False,False,False,7,88
False,False,False,False,False,False,False,7,89
False,False,False,False,False,False,False,7,90
False,False,False,False,False,False,False,7,91
False,False,False,False,False,False,False,7,92
False,False,False,False,False,False,False,7,93
False,False,False,False,False,False,False,7,94
False,False,False,False,False,False,False,7,95
False,False,False,False,False,False,False,7,96
False,False,False,False,False,False,False,7,97
False,False,False,False,False,False,False,7,98
False,False,False,False,False,False,False,7,99
False,False,False,False,False,False,False,7,100
False,False,False,False,False,False,False,7,101
False,False,False,False,False,False,False,7,102
False,False,False,False,False,False,False,7,103
False,False,False,False,False,False,False,7,104
False,False,False,False,False,False,False,7,105
False,False,False,False,False,False,False,7,106
False,False,False,False,False,False,False,7,107
False,False,False,False,False,False,False,7,108
False,False,False,False,False,False,False,7,109
False,False,False,False,False,False,False,7,110
False,False,False,False,False,False,False,7,111
False,False,False,False,False,False,False,7,112
False,False,False,False,False,False,False,7,113
False,False,False,False,False,False,False,7,114
False,False,False,False,False,False,False,7,115
False,False,False,False,False,False,False,7,116
False,False,False,False,False,False,False,7,117
False,False,False,False,False,False,False,7,118
False,False,False,False,False,False,False,7,119
False,False,False,False,False,False,False,7,120
False,False,False,False,False,False,False,7,121
False,False,False,False,False,False,False,7,122
False,False,False,False,False,False,False,7,123
False,False,False,False,False,False,False,7,124
False,False,False,False,False,False,False,7,125
False,False,False,False,False,False,False,7,126
False,False,False,False,False,False,False,7,127
False,False,False,False,False,False,False,7,128
False,False,False,False,False,False,False,7,129
False,False,False,False,False,False,False,7,130
False,False,False,False,False,False,False,7,131
False,False,False,False,False,False,False,7,132
False,False,False,False,False,False,False,7,133
False,False,False,False,False,False,False,7,134
False,False,False,False,False,False,False,7,135
False,False,False,False,False,False,False,7,136
False,False,False,False,False,False,False,7,137
False,False,False,False,False,False,False,7,138
False,False,False,False,False,False,False,7,139
False,False,False,False,False,False,False,7,140
False,False,False,False,False,False,False,7,141
False,False,False,False,False,False,False,7,142
False,False,False,False,False,False,False,7,143
False,False,False,False,False,False,False,7,144
False,False,False,False,False,False,False,7,145
False,False,False,False,False,False,False,7,146
False,False,False,False,False,False,False,7,147
False,False,False,False,False,False,False,7,148
False,False,False,False,False,False,False,7,149
False,False,False,False,False,False,False,7,150
False,False,False,False,False,False,False,7,151
False,False,False,False,False,False,False,7,152
False,False,False,False,False,False,False,7,153
False,False,False,False,False,False,False,7,154
False,False,False,False,False,False,False,7,155
False,False,False,False,False,False,False,7,156
False,False,False,False,False,False,False,7,157
False,False,False,False,False,False,False,7,158
False,False,False,False,False,False,False,7,159
False,False,False,False,False,False,False,7,160
False,False,False,False,False,False,False,7,161
False,False,False,False,False,False,False,7,162
False,False,False,False,False,False,False,7,163
False,False,False,False,False,False,False,7,164
False,False,False,False,False,False,False,7,165
False,False,False,False,False,False,False,7,166
False,False,False,False,False,False,False,7,167
False,False,False,False,False,False,False,7,168
False,False,False,False,False,False,False,7,169
False,False,False,False,False,False,False,7,170
False,False,False,False,False,False,False,7,171
False,False,False,False,False,False,False,7,172
False,False,False,False,False,False,False,7,173
False,False,False,False,False,False,False,7,174
False,False,False,False,False,False,False,7,175
False,False,False,False,False,False,False,7,176
False,False,False,False,False,False,False,7,177
False,False,False,False,False,False,False,7,178
False,False,False,False,False,False,False,7,179
False,False,False,False,False,False,False,7,180
False,False,False,False,False,False,False,7,181
False,False,False,False,False,False,False,7,182
False,False,False,False,False,False,False,7,183
False,False,False,False,False,False,False,7,184
False,False,False,False,False,False,False,7,185
False,False,False,False,False,False,False,7,186
False,False,False,False,False,False,False,7,187
True,False,False,False,False,False,False,7,188
False,False,False,False,False,False,False,7,189
False,False,False,False,False,False,False,7,190
False,False,False,False,False,False,False,7,191
False,False,False,False,False,False,False,7,192
False,False,False,False,False,False,False,7,193
False,False,False,False,False,False,False,7,194
False,False,False,False,False,False,False,7,195
False,False,False,False,False,False,False,7,196
False,False,False,False,False,False,False,7,197
False,False,False,False,False,False,False,7,198
False,False,False,False,False,False,False,7,199
False,False,False,False,False,False,False,7,200
False,False,False,False,False,False,False,7,201
False,False,False,False,False,False,False,7,202
False,False,False,False,False,False,False,7,203
False,False,False,False,False,False,False,7,204
False,False,False,False,False,False,False,7,205
False,False,False,False,False,False,False,7,206
False,False,False,False,False,False,False,7,207
False,False,False,False,False,False,False,7,208
False,False,False,False,False,False,False,7,209
False,False,False,False,False,False,False,7,210
False,False,False,False,False,False,False,7,211
False,False,False,False,False,False,False,7,212
False,False,False,False,False,False,False,7,213
False,False,False,False,False,False,False,7,214
False,False,False,False,False,False,False,7,215
False,False,False,False,False,False,False,7,216
False,False,False,False,False,False,False,7,217
False,False,False,False,False,False,False,7,218
False,False,False,False,False,False,False,7,219
False,False,False,False,False,False,False,7,220
False,False,False,False,False,False,False,7,221
False,False,False,False,False,False,False,7,222
False,False,False,False,False,False,False,7,223
False,False,False,False,False,False,False,7,224
False,False,False,False,False,False,False,7,225
False,False,False,False,False,False,False,7,226
False,False,False,False,False,False,False,7,227
False,False,False,False,False,False,False,7,228
False,False,False,False,False,False,False,7,229
False,False,False,False,False,False,False,7,230
False,False,False,False,False,False,False,7,231
False,False,False,False,False,False,False,7,232
False,False,False,False,False,False,False,7,233
False,False,False,False,False,False,False,7,234
False,False,False,False,False,False,False,7,235
False,False,False,False,False,False,False,7,236
False,False,False,False,False,False,False,7,237
False,False,False,False,False,False,False,7,238
False,False,False,False,False,False,False,7,239
False,False,False,False,False,False,False,7,240
False,False,False,False,False,False,False,7,241
False,False,False,False,False,False,False,7,242
False,False,False,False,False,False,False,7,243
False,False,False,False,False,False,False,7,244
False,False,False,False,False,False,False,7,245
False,False,False,False,False,False,False,7,246
False,False,False,False,False,False,False,7,247
False,False,False,False,False,False,False,7,248
False,False,False,False,False,False,False,7,249
False,False,False,False,False,False,False,7,250
False,False,False,False,False,False,False,7,251
False,False,False,False,False,False,False,7,252
False,False,False,False,False,False,False,7,253
False,False,False,False,False,False,False,7,254
False,False,False,False,False,False,False,7,255
False,False,False,False,False,False,False,7,256
False,False,False,False,False,False,False,7,257
False,False,False,False,False,False,False,7,258
False,False,False,False,False,False,False,7,259
False,False,False,False,False,False,False,7,260
False,False,False,False,False,False,False,7,261
False,False,False,False,False,False,False,7,262
False,False,False,False,False,False,False,7,263
False,False,False,False,False,False,False,7,264
False,False,False,False,False,False,False,7,265
False,False,False,False,False,False,False,7,266
False,False,False,False,False,False,False,7,267
False,False,False,False,False,False,False,7,268
False,False,False,False,False,False,False,7,269
False,False,False,False,False,False,False,7,270
False,False,False,False,False,False,False,7,271
False,False,False,False,False,False,False,7,272
False,False,False,False,False,False,False,7,273
False,False,False,False,False,False,False,7,274
False,False,False,False,False,False,False,7,275
False,False,False,False,False,False,False,7,276
False,False,False,False,False,False,False,7,277
False,False,False,False,False,False,False,7,278
False,False,False,False,False,False,False,7,279
False,False,False,False,False,False,False,7,280
False,False,False,False,False,False,False,7,281
False,False,False,False,False,False,False,7,282
False,False,False,False,False,False,False,7,283
False,False,False,False,False,False,False,7,284
False,False,False,False,False,False,False,7,285
False,False,False,False,False,False,False,7,286
False,False,False,False,False,False,False,7,287
False,False,False,False,False,False,False,7,288
False,False,False,False,False,False,False,7,289
False,False,False,False,False,False,False,7,290
False,False,False,False,False,False,False,7,291
False,False,False,False,False,False,False,7,292
False,False,False,False,False,False,False,7,293
False,False,False,False,False,False,False,7,294
False,False,False,False,False,False,False,7,295
False,False,False,False,False,False,False,7,296
False,False,False,False,False,False,False,7,297
False,False,False,False,False,False,False,7,298
False,False,False,False,False,False,False,7,299
False,False,False,False,False,False,False,7,300
False,False,False,False,False,False,False,7,301
False,False,False,False,False,False,False,7,302
False,False,False,False,False,False,False,7,303
False,False,False,False,False,False,False,7,304
False,False,False,False,False,False,False,7,305
False,False,False,False,False,False,False,7,306
False,False,False,False,False,False,False,7,307
False,False,False,False,False,False,False,7,308
False,False,False,False,False,False,False,7,309
False,False,False,False,False,False,False,7,310
False,False,False,False,False,False,False,7,311
False,False,False,False,False,False,False,7,312
False,False,False,False,False,False,False,7,313
False,False,False,False,False,False,False,7,314
False,False,False,False,False,False,False,7,315
False,False,False,False,False,False,False,7,316
False,False,False,False,False,False,False,7,317
False,False,False,False,False,False,False,7,318
False,False,False,False,False,False,False,7,319
False,False,False,False,False,False,False,7,320
False,False,False,False,False,False,False,7,321
False,False,False,False,False,False,False,7,322
False,False,False,False,False,False,False,7,323
False,False,False,False,False,False,False,7,324
False,False,False,False,False,False,False,7,325
False,False,False,False,False,False,False,7,326
False,False,False,False,False,False,False,7,327
False,False,False,False,False,False,False,7,328
False,False,False,False,False,False,False,7,329
False,False,False,False,False,False,False,7,330
False,False,False,False,False,False,False,7,331
False,False,False,False,False,False,False,7,332
False,False,False,False,False,False,False,7,333
False,False,False,False,False,False,False,7,334
False,False,False,False,False,False,False,7,335
False,False,False,False,False,False,False,7,336
False,False,False,False,False,False,False,7,337
False,False,False,False,False,False,False,7,338
False,False,False,False,False,False,False,7,339
False,False,False,False,False,False,False,7,340
False,False,False,False,False,False,False,7,341
False,False,False,False,False,False,False,7,342
False,False,False,False,False,False,False,7,343
False,False,False,False,False,False,False,7,344
False,False,False,False,False,False,False,7,345
False,False,False,False,False,False,False,7,346
False,False,False,False,False,False,False,7,347
False,False,False,False,False,False,False,7,348
False,False,False,False,False,False,False,7,349
False,False,False,False,False,False,False,7,350
False,False,False,False,False,False,False,7,351
False,False,False,False,False,False,False,7,352
False,False,False,False,False,False,False,7,353
False,False,False,False,False,False,False,7,354
False,False,False,False,False,False,False,7,355
False,False,False,False,False,False,False,7,356
False,False,False,False,False,False,False,7,357
False,False,False,False,False,False,False,7,358
False,False,False,False,False,False,False,7,359
False,False,False,False,False,False,False,7,360
False,False,False,False,False,False,False,7,361
False,False,False,False,False,False,False,7,362
False,False,False,False,False,False,False,7,363
False,False,False,False,False,False,False,7,364
False,False,False,False,False,False,False,7,365
False,False,False,False,False,False,False,7,366
False,False,False,False,False,False,False,7,367
False,False,False,False,False,False,False,7,368
False,False,False,False,False,False,False,7,369
False,False,False,False,False,False,False,7,370
False,False,False,False,False,False,False,7,371
False,False,False,False,False,False,False,7,372
False,False,False,False,False,False,False,7,373
False,False,False,False,False,False,False,7,374
False,False,False,False,False,False,False,7,375
False,False,False,False,False,False,False,7,376
False,False,False,False,False,False,False,7,377
False,False,False,False,False,False,False,7,378
False,False,False,False,False,False,False,7,379
True,False,False,False,False,False,False,7,380
False,False,False,False,False,False,False,7,381
False,False,False,False,False,False,False,7,382
False,False,False,False,False,False,False,7,383
False,False,False,False,False,False,False,7,384
False,False,False,False,False,False,False,7,385
False,False,False,False,False,False,False,7,386
False,False,False,False,False,False,False,7,387
False,False,False,False,False,False,False,7,388
False,False,False,False,False,False,False,7,389
False,False,False,False,False,False,False,7,390
False,False,False,False,False,False,False,7,391
False,False,False,False,False,False,False,7,392
False,False,False,False,False,False,False,7,393
False,False,False,False,False,False,False,7,394
False,False,False,False,False,False,False,7,395
False,False,False,False,False,False,False,7,396
False,False,False,False,False,False,False,7,397
False,False,False,False,False,False,False,7,398
False,False,False,False,False,False,False,7,399
False,False,False,False,False,False,False,7,400
False,False,False,False,False,False,False,7,401
False,False,False,False,False,False,False,7,402
False,False,False,False,False,False,False,7,403
False,False,False,False,False,False,False,7,404
False,False,False,False,False,False,False,7,405
False,False,False,False,False,False,False,7,406
False,False,False,False,False,False,False,7,407
False,False,False,False,False,False,False,7,408
False,False,False,False,False,False,False,7,409
False,False,False,False,False,False,False,7,410
False,False,False,False,False,False,False,7,411
False,False,False,False,False,False,False,7,412
False,False,False,False,False,False,False,7,413
False,False,False,False,False,False,False,7,414
False,False,False,False,False,False,False,7,415
False,False,False,False,False,False,False,7,416
False,False,False,False,False,False,False,7,417
False,False,False,False,False,False,False,7,418
False,False,False,False,False,False,False,7,419
False,False,False,False,False,False,False,7,420
False,False,False,False,False,False,False,7,421
False,False,False,False,False,False,False,7,422
False,False,False,False,False,False,False,7,423
False,False,False,False,False,False,False,7,424
False,False,False,False,False,False,False,7,425
False,False,False,False,False,False,False,7,426
False,False,False,False,False,False,False,7,427
False,False,False,False,False,False,False,7,428
False,False,False,False,False,False,False,7,429
False,False,False,False,False,False,False,7,430
False,False,False,False,False,False,False,7,431
False,False,False,False,False,False,False,7,432
False,False,False,False,False,False,False,7,433
False,False,False,False,False,False,False,7,434
False,False,False,False,False,False,False,7,435
False,False,False,False,False,False,False,7,436
False,False,False,False,False,False,False,7,437
False,False,False,False,False,False,False,7,438
False,False,False,False,False,False,False,7,439
False,False,False,False,False,False,False,7,440
False,False,False,False,False,False,False,7,441
False,False,False,False,False,False,False,7,442
False,False,False,False,False,False,False,7,443
False,False,False,False,False,False,False,7,444
False,False,False,False,False,False,False,7,445
False,False,False,False,False,False,False,7,446
False,False,False,False,False,False,False,7,447
False,False,False,False,False,False,False,7,448
False,False,False,False,False,False,False,7,449
False,False,False,False,False,False,False,7,450
False,False,False,False,False,False,False,7,451
False,False,False,False,False,False,False,7,452
False,False,False,False,False,False,False,7,453
False,False,False,False,False,False,False,7,454
False,False,False,False,False,False,False,7,455
False,False,False,False,False,False,False,7,456
False,False,False,False,False,False,False,7,457
False,False,False,False,False,False,False,7,458
False,False,False,False,False,False,False,7,459
False,False,False,False,False,False,False,7,460
False,False,False,False,False,False,False,7,461
False,False,False,False,False,False,False,7,462
False,False,False,False,False,False,False,7,463
False,False,False,False,False,False,False,7,464
False,False,False,False,False,False,False,7,465
False,False,False,False,False,False,False,7,466
False,False,False,False,False,False,False,7,467
False,False,False,False,False,False,False,7,468
False,False,False,False,False,False,False,7,469
False,False,False,False,False,False,False,7,470
False,False,False,False,False,False,False,7,471
False,False,False,False,False,False,False,7,472
False,False,False,False,False,False,False,7,473
False,False,False,False,False,False,False,7,474
False,False,False,False,False,False,False,7,475
False,False,False,False,False,False,False,7,476
False,False,False,False,False,False,False,7,477
False,False,False,False,False,False,False,7,478
False,False,False,False,False,False,False,7,479
False,False,False,False,False,False,False,7,480
False,False,False,False,False,False,False,7,481
False,False,False,False,False,False,False,7,482
False,False,False,False,False,False,False,7,483
False,False,False,False,False,False,False,7,484
False,False,False,False,False,False,False,7,485
False,False,False,False,False,False,False,7,486
False,False,False,False,False,False,False,7,487
False,False,False,False,False,False,False,7,488
False,False,False,False,False,False,False,7,489
False,False,False,False,False,False,False,7,490
False,False,False,False,False,False,False,7,491
False,False,False,False,False,False,False,7,492
False,False,False,False,False,False,False,7,493
False,False,False,False,False,False,False,7,494
False,False,False,False,False,False,False,7,495
False,False,False,False,False,False,False,7,496
False,False,False,False,False,False,False,7,497
False,False,False,False,False,False,False,7,498
False,False,False,False,False,False,False,7,499
False,False,False,False,False,False,False,7,500
False,False,False,False,False,False,False,7,501
False,False,False,False,False,False,False,7,502
False,False,False,False,False,False,False,7,503
False,False,False,False,False,False,False,7,504
False,False,False,False,False,False,False,7,505
False,False,False,False,False,False,False,7,506
False,False,False,False,False,False,False,7,507
False,False,False,False,False,False,False,7,508
False,False,False,False,False,False,False,7,509
False,False,False,False,False,False,False,7,510
False,False,False,False,False,False,False,7,511
False,False,False,False,False,False,False,7,512
False,False,False,False,False,False,False,7,513
False,False,False,False,False,False,False,7,514
False,False,False,False,False,False,False,7,515
False,False,False,False,False,False,False,7,516
False,False,False,False,False,False,False,7,517
False,False,False,False,False,False,False,7,518
False,False,False,False,False,False,False,7,519
False,False,False,False,False,False,False,7,520
False,False,False,False,False,False,False,7,521
False,False,False,False,False,False,False,7,522
False,False,False,False,False,False,False,7,523
False,False,False,False,False,False,False,7,524
False,False,False,False,False,False,False,7,525
False,False,False,False,False,False,False,7,526
False,False,False,False,False,False,False,7,527
False,False,False,False,False,False,False,7,528
False,False,False,False,False,False,False,7,529
False,False,False,False,False,False,False,7,530
False,False,False,False,False,False,False,7,531
False,False,False,False,False,False,False,7,532
False,False,False,False,False,False,False,7,533
False,False,False,False,False,False,False,7,534
False,False,False,False,False,False,False,7,535
False,False,False,False,False,False,False,7,536
False,False,False,False,False,False,False,7,537
False,False,False,False,False,False,False,7,538
False,False,False,False,False,False,False,7,539
False,False,False,False,False,False,False,7,540
False,False,False,False,False,False,False,7,541
False,False,False,False,False,False,False,7,542
False,False,False,False,False,False,False,7,543
False,False,False,False,False,False,False,7,544
False,False,False,False,False,False,False,7,545
False,False,False,False,False,False,False,7,546
False,False,False,False,False,False,False,7,547
False,False,False,False,False,False,False,7,548
False,False,False,False,False,False,False,7,549
False,False,False,False,False,False,False,7,550
False,False,False,False,False,False,False,7,551
False,False,False,False,False,False,False,7,552
False,False,False,False,False,False,False,7,553
False,False,False,False,False,False,False,7,554
False,False,False,False,False,False,False,7,555
False,False,False,False,False,False,False,7,556
False,False,False,False,False,False,False,7,557
False,False,False,False,False,False,False,7,558
False,False,False,False,False,False,False,7,559
False,False,False,False,False,False,False,7,560
False,False,False,False,False,False,False,7,561
False,False,False,False,False,False,False,7,562
False,False,False,False,False,False,False,7,563
False,False,False,False,False,False,False,7,564
False,False,False,False,False,False,False,7,565
False,False,False,False,False,False,False,7,566
False,False,False,False,False,False,False,7,567
False,False,False,False,False,False,False,7,568
False,False,False,False,False,False,False,7,569
False,False,False,False,False,False,False,7,570
False,False,False,False,False,False,False,7,571
False,False,False,False,False,False,False,7,572
False,False,False,False,False,False,False,7,573
False,False,False,False,False,False,False,7,574
False,False,False,False,False,False,False,7,575
False,False,False,False,False,False,False,7,576
False,False,False,False,False,False,False,7,577
False,False,False,False,False,False,False,7,578
False,False,False,False,False,False,False,7,579
False,False,False,False,False,False,False,7,580
False,False,False,False,False,False,False,7,581
False,False,False,False,False,False,False,7,582
False,False,False,False,False,False,False,7,583
False,False,False,False,False,False,False,7,584
False,False,False,False,False,False,False,7,585
False,False,False,False,False,False,False,7,586
False,False,False,False,False,False,False,7,587
False,False,False,False,False,False,False,7,588
False,False,False,False,False,False,False,7,589
False,False,False,False,False,False,False,7,590
False,False,False,False,False,False,False,7,591
False,False,False,False,False,False,False,7,592
False,False,False,False,False,False,False,7,593
False,False,False,False,False,False,False,7,594
False,False,False,False,False,False,False,7,595
False,False,False,False,False,False,False,7,596
False,False,False,False,False,False,False,7,597
False,False,False,False,False,False,False,7,598
False,False,False,False,False,False,False,7,599
False,False,False,False,False,False,False,7,600
False,False,False,False,False,False,False,7,601
False,False,False,False,False,False,False,7,602
False,False,False,False,False,False,False,7,603
False,False,False,False,False,False,False,7,604
False,False,False,False,False,False,False,7,605
False,False,False,False,False,False,False,7,606
False,False,False,False,False,False,False,7,607
False,False,False,False,False,False,False,7,608
False,False,False,False,False,False,False,7,609
False,False,False,False,False,False,False,8,1
False,False,False,False,False,False,False,8,2
False,False,False,False,False,False,False,8,3
False,False,False,False,False,False,False,8,4
False,False,False,False,False,False,False,8,5
False,False,False,False,False,False,False,8,6
False,False,False,False,False,False,False,8,7
False,False,False,False,False,False,False,8,8
False,False,False,False,False,False,False,8,9
False,False,False,False,False,False,False,8,10
False,False,False,False,False,False,False,8,11
False,False,False,False,False,False,False,8,12
False,False,False,False,False,False,False,8,13
False,False,False,False,False,False,False,8,14
False,False,False,False,False,False,False,8,15
False,False,False,False,False,False,False,8,16
False,False,False,False,False,False,False,8,17
False,False,False,False,False,False,False,8,18
False,False,False,False,False,False,False,8,19
False,False,False,False,False,False,False,8,20
False,False,False,False,False,False,False,8,21
False,False,False,False,False,False,False,8,22
False,False,False,False,False,False,False,8,23
False,False,False,False,False,False,False,8,24
False,False,False,False,False,False,False,8,25
False,False,False,False,False,False,False,8,26
False,False,False,False,False,False,False,8,27
False,False,False,False,False,False,False,8,28
False,False,False,False,False,False,False,8,29
False,False,False,False,False,False,False,8,30
False,False,False,False,False,False,False,8,31
False,False,False,False,False,False,False,8,32
False,False,False,False,False,False,False,8,33
False,False,False,False,False,False,False,8,34
False,False,False,False,False,False,False,8,35
False,False,False,False,False,False,False,8,36
False,False,False,False,False,False,False,8,37
False,False,False,False,False,False,False,8,38
False,False,False,False,False,False,False,8,39
False,False,False,False,False,False,False,8,40
False,False,False,False,False,False,False,8,41
False,False,False,False,False,False,False,8,42
False,False,False,False,False,False,False,8,43
False,False,False,False,False,False,False,8,44
False,False,False,False,False,False,False,8,45
False,False,False,False,False,False,False,8,46
False,False,False,False,False,False,False,8,47
False,False,False,False,False,False,False,8,48
False,False,False,False,False,False,False,8,49
False,False,False,False,False,False,False,8,50
False,False,False,False,False,False,False,8,51
False,False,False,False,False,False,False,8,52
False,False,False,False,False,False,False,8,53
False,False,False,False,False,False,False,8,54
False,False,False,False,False,False,False,8,55
False,False,False,False,False,False,False,8,56
False,False,False,False,False,False,False,8,57
False,False,False,False,False,False,False,8,58
False,False,False,False,False,False,False,8,59
False,False,False,False,False,False,False,8,60
False,False,False,False,False,False,False,8,61
False,False,False,False,False,False,False,8,62
False,False,False,False,False,False,False,8,63
False,False,False,False,False,False,False,8,64
False,False,False,False,False,False,False,8,65
False,False,False,False,False,False,False,8,66
False,False,False,False,False,False,False,8,67
False,False,False,False,False,False,False,8,68
False,False,False,False,False,False,False,8,69
False,False,False,False,False,False,False,8,70
False,False,False,False,False,False,False,8,71
False,False,True,False,False,False,False,8,72
False,False,True,False,False,False,False,8,73
False,False,False,False,False,False,False,8,74
False,False,False,False,False,False,False,8,75
False,False,False,False,False,False,False,8,76
False,False,False,False,False,False,False,8,77
False,False,False,False,False,False,False,8,78
False,False,False,False,False,False,False,8,79
False,False,False,False,False,False,False,8,80
False,False,False,False,False,False,False,8,81
False,False,False,False,False,False,False,8,82
False,False,False,False,False,False,False,8,83
False,False,False,False,False,False,False,8,84
False,False,False,False,False,False,False,8,85
False,False,False,False,False,False,False,8,86
False,False,False,False,False,False,False,8,87
False,False,False,False,False,False,False,8,88
False,False,False,False,False,False,False,8,89
False,False,False,False,False,False,False,8,90
False,False,False,False,False,False,False,8,91
False,False,False,False,False,False,False,8,92
False,False,False,False,False,False,False,8,93
False,False,False,False,False,False,False,8,94
False,False,False,False,False,False,False,8,95
False,False,False,False,False,False,False,8,96
False,False,False,False,False,False,False,8,97
False,False,False,False,False,False,False,8,98
False,False,False,False,False,False,False,8,99
False,False,False,False,False,False,False,8,100
False,False,False,False,False,False,False,8,101
False,False,False,False,False,False,False,8,102
False,False,False,False,False,False,False,8,103
False,False,False,False,False,False,False,8,104
False,False,False,False,False,False,False,8,105
False,False,False,False,False,False,False,8,106
False,False,False,False,False,False,False,8,107
False,False,False,False,False,False,False,8,108
False,False,False,False,False,False,False,8,109
False,False,False,False,False,False,False,8,110
False,False,False,False,False,False,False,8,111
False,False,False,False,False,False,False,8,112
False,False,False,False,False,False,False,8,113
False,False,False,False,False,False,False,8,114
False,False,False,False,False,False,False,8,115
False,False,False,False,False,False,False,8,116
False,False,False,False,False,False,False,8,117
False,False,False,False,False,False,False,8,118
False,False,False,False,False,False,False,8,119
False,False,False,False,False,False,False,8,120
False,False,False,False,False,False,False,8,121
False,False,False,False,False,False,False,8,122
False,False,False,False,False,False,False,8,123
False,False,False,False,False,False,False,8,124
False,False,False,False,False,False,False,8,125
False,False,False,False,False,False,False,8,126
False,False,False,False,False,False,False,8,127
False,False,False,False,False,False,False,8,128
False,False,False,False,False,False,False,8,129
False,False,False,False,False,False,False,8,130
False,False,False,False,False,False,False,8,131
False,False,False,False,False,False,False,8,132
False,False,False,False,False,False,False,8,133
False,False,False,False,False,False,False,8,134
False,False,False,False,False,False,False,8,135
False,False,False,False,False,False,False,8,136
False,False,False,False,False,False,False,8,137
False,False,False,False,False,False,False,8,138
False,False,False,False,False,False,False,8,139
False,False,False,False,False,False,False,8,140
False,False,False,False,False,False,False,8,141
False,False,False,False,False,False,False,8,142
False,False,False,False,False,False,False,8,143
False,False,False,False,False,False,False,8,144
False,False,False,False,False,False,False,8,145
False,False,False,False,False,False,False,8,146
False,False,False,False,False,False,False,8,147
False,False,False,False,False,False,False,8,148
False,False,False,False,False,False,False,8,149
False,False,False,False,False,False,False,8,150
False,False,False,False,False,False,False,8,151
False,False,False,False,False,False,False,8,152
False,False,False,False,False,False,False,8,153
False,False,False,False,False,False,False,8,154
False,False,False,False,False,False,False,8,155
False,False,False,False,False,False,False,8,156
False,False,False,False,False,False,False,8,157
False,False,False,False,False,False,False,8,158
False,False,False,False,False,False,False,8,159
False,False,False,False,False,False,False,8,160
False,False,False,False,False,False,False,8,161
False,False,False,False,False,False,False,8,162
False,False,False,False,False,False,False,8,163
False,False,False,False,False,False,False,8,164
False,False,False,False,False,False,False,8,165
False,False,False,False,False,False,False,8,166
False,False,False,False,False,False,False,8,167
False,False,False,False,False,False,False,8,168
False,False,False,False,False,False,False,8,169
False,False,False,False,False,False,False,8,170
False,False,False,False,False,False,False,8,171
False,False,False,False,False,False,False,8,172
False,False,False,False,False,False,False,8,173
False,False,False,False,False,False,False,8,174
False,False,False,False,False,False,False,8,175
False,False,False,False,False,False,False,8,176
False,False,False,False,False,False,False,8,177
False,False,False,False,False,False,False,8,178
False,False,False,False,False,False,False,8,179
False,False,False,False,False,False,False,8,180
False,False,False,False,False,False,False,8,181
False,False,False,False,False,False,False,8,182
False,False,False,False,False,False,False,8,183
False,False,False,False,False,False,False,8,184
False,False,False,False,False,False,False,8,185
False,False,False,False,False,False,False,8,186
False,False,False,False,False,False,False,8,187
False,False,False,False,False,False,False,8,188
False,False,False,False,False,False,False,8,189
False,False,False,False,False,False,False,8,190
False,False,False,False,False,False,False,8,191
False,False,False,False,False,False,False,8,192
False,False,False,False,False,False,False,8,193
False,False,False,False,False,False,False,8,194
False,False,False,False,False,False,False,8,195
False,False,False,False,False,False,False,8,196
False,False,False,False,False,False,False,8,197
False,False,False,False,False,False,False,8,198
False,False,False,False,False,False,False,8,199
False,False,False,False,False,False,False,8,200
False,False,False,False,False,False,False,8,201
False,False,False,False,False,False,False,8,202
False,False,False,False,False,False,False,8,203
False,False,False,False,False,False,False,8,204
False,False,False,False,False,False,False,8,205
False,False,False,False,False,False,False,8,206
False,False,False,False,False,False,False,8,207
False,False,False,False,False,False,False,8,208
False,False,False,False,False,False,False,8,209
False,False,False,False,False,False,False,8,210
False,False,False,False,False,False,False,8,211
False,False,False,False,False,False,False,8,212
False,False,False,False,False,False,False,8,213
False,False,False,False,False,False,False,8,214
False,False,False,False,False,False,False,8,215
False,False,False,False,False,False,False,8,216
False,False,False,False,False,False,False,8,217
False,False,False,False,False,False,False,8,218
False,False,False,False,False,False,False,8,219
False,False,False,False,False,False,False,8,220
False,False,False,False,False,False,False,8,221
False,False,False,False,False,False,False,8,222
False,False,False,False,False,False,False,8,223
False,False,False,False,False,False,False,8,224
False,False,False,False,False,False,False,8,225
False,False,False,False,False,False,False,8,226
False,False,False,False,False,False,False,8,227
False,False,False,False,False,False,False,8,228
False,False,False,False,False,False,False,8,229
False,False,False,False,False,False,False,8,230
False,False,False,False,False,False,False,8,231
False,False,False,False,False,False,False,8,232
False,False,False,False,False,False,False,8,233
False,False,False,False,False,False,False,8,234
False,False,False,False,False,False,False,8,235
False,False,False,False,False,False,False,8,236
False,False,False,False,False,False,False,8,237
False,False,False,False,False,False,False,8,238
False,False,False,False,False,False,False,8,239
False,False,False,False,False,False,False,8,240
False,False,False,False,False,False,False,8,241
False,False,False,False,False,False,False,8,242
False,False,False,False,False,False,False,8,243
False,False,False,False,False,False,False,8,244
False,False,False,False,False,False,False,8,245
False,False,False,False,False,False,False,8,246
False,False,False,False,False,False,False,8,247
False,False,False,False,False,False,False,8,248
False,False,False,False,False,False,False,8,249
False,False,False,False,False,False,False,8,250
False,False,False,False,False,False,False,8,251
False,False,False,False,False,False,False,8,252
False,False,False,False,False,False,False,8,253
False,False,False,False,False,False,False,8,254
False,False,False,False,False,False,False,8,255
False,False,False,False,False,False,False,8,256
False,False,False,False,False,False,False,8,257
False,False,False,False,False,False,False,8,258
False,False,False,False,False,False,False,8,259
False,False,False,False,False,False,False,8,260
False,False,False,False,False,False,False,8,261
False,False,False,False,False,False,False,8,262
False,False,False,False,False,False,False,8,263
False,False,False,False,False,False,False,8,264
False,False,False,False,False,False,False,8,265
False,False,False,False,False,False,False,8,266
False,False,False,False,False,False,False,8,267
False,False,False,False,False,False,False,8,268
False,False,False,False,False,False,False,8,269
False,False,False,False,False,False,False,8,270
False,False,False,False,False,False,False,8,271
False,False,False,False,False,False,False,8,272
False,False,False,False,False,False,False,8,273
False,False,False,False,False,False,False,8,274
False,False,False,False,False,False,False,8,275
False,False,False,False,False,False,False,8,276
False,False,False,False,False,False,False,8,277
False,False,False,False,False,False,False,8,278
False,False,False,False,False,False,False,8,279
False,False,False,False,False,False,False,8,280
False,False,False,False,False,False,False,8,281
False,False,False,False,False,False,False,8,282
False,False,False,False,False,False,False,8,283
False,False,False,False,False,False,False,8,284
False,False,False,False,False,False,False,8,285
False,False,False,False,False,False,False,8,286
False,False,False,False,False,False,False,8,287
False,False,False,False,False,False,False,8,288
False,False,False,False,False,False,False,8,289
False,False,False,False,False,False,False,8,290
False,False,False,False,False,False,False,8,291
False,False,False,False,False,False,False,8,292
False,False,False,False,False,False,False,8,293
False,False,False,False,False,False,False,8,294
False,False,False,False,False,False,False,8,295
False,False,False,False,False,False,False,8,296
False,False,False,False,False,False,False,8,297
False,False,False,False,False,False,False,8,298
False,False,False,False,False,False,False,8,299
False,False,False,False,False,False,False,8,300
False,False,False,False,False,False,False,8,301
False,False,False,False,False,False,False,8,302
False,False,False,False,False,False,False,8,303
False,False,False,False,False,False,False,8,304
False,False,False,False,False,False,False,8,305
False,False,False,False,False,False,False,8,306
False,False,False,False,False,False,False,8,307
False,False,False,False,False,False,False,8,308
False,False,False,False,False,False,False,8,309
False,False,False,False,False,False,False,8,310
False,False,False,False,False,False,False,8,311
False,False,False,False,False,False,False,8,312
False,False,False,False,False,False,False,8,313
False,False,False,False,False,False,False,8,314
False,False,False,False,False,False,False,8,315
False,False,False,False,False,False,False,8,316
False,False,False,False,False,False,False,8,317
False,False,False,False,False,False,False,8,318
False,False,False,False,False,False,False,8,319
False,False,False,False,False,False,False,8,320
False,False,False,False,False,False,False,8,321
False,False,False,False,False,False,False,8,322
False,False,False,False,False,False,False,8,323
False,False,False,False,False,False,False,8,324
False,False,False,False,False,False,False,8,325
False,False,False,False,False,False,False,8,326
False,False,False,False,False,False,False,8,327
False,False,False,False,False,False,False,8,328
False,False,False,False,False,False,False,8,329
False,False,False,False,False,False,False,8,330
False,False,False,False,False,False,False,8,331
False,False,False,False,False,False,False,8,332
False,False,False,False,False,False,False,8,333
False,False,False,False,False,False,False,8,334
False,False,False,False,False,False,False,8,335
False,False,False,False,False,False,False,8,336
False,False,False,False,False,False,False,8,337
False,False,False,False,False,False,False,8,338
False,False,False,False,False,False,False,8,339
False,False,False,False,False,False,False,8,340
False,False,False,False,False,False,False,8,341
False,False,False,False,False,False,False,8,342
False,False,False,False,False,False,False,8,343
False,False,False,False,False,False,False,8,344
False,False,False,False,False,False,False,8,345
False,False,False,False,False,False,False,8,346
False,False,False,False,False,False,False,8,347
False,False,False,False,False,False,False,8,348
False,False,False,False,False,False,False,8,349
False,False,False,False,False,False,False,8,350
False,False,False,False,False,False,False,8,351
False,False,False,False,False,False,False,8,352
False,False,False,False,False,False,False,8,353
False,False,False,False,False,False,False,8,354
False,False,False,False,False,False,False,8,355
False,False,False,False,False,False,False,8,356
False,False,False,False,False,False,False,8,357
False,False,False,False,False,False,False,8,358
False,False,False,False,False,False,False,8,359
False,False,False,False,False,False,False,8,360
False,False,False,False,False,False,False,8,361
False,False,False,False,False,False,False,8,362
False,False,False,False,False,False,False,8,363
False,False,False,False,False,False,False,8,364
False,False,False,False,False,False,False,8,365
False,False,False,False,False,False,False,8,366
False,False,False,False,False,False,False,8,367
False,False,False,False,False,False,False,8,368
False,False,False,False,False,False,False,8,369
False,False,False,False,False,False,False,8,370
False,False,False,False,False,False,False,8,371
False,False,False,False,False,False,False,8,372
False,False,False,False,False,False,False,8,373
False,False,False,False,False,False,False,8,374
False,False,False,False,False,False,False,8,375
False,False,False,False,False,False,False,8,376
False,False,False,False,False,False,False,8,377
False,False,False,False,False,False,False,8,378
False,False,False,False,False,False,False,8,379
False,False,False,False,False,False,False,8,380
False,False,False,False,False,False,False,8,381
False,False,False,False,False,False,False,8,382
False,False,False,False,False,False,False,8,383
False,False,False,False,False,False,False,8,384
False,False,False,False,False,False,False,8,385
False,False,False,False,False,False,False,8,386
False,False,False,False,False,False,False,8,387
False,False,False,False,False,False,False,8,388
False,False,False,False,False,False,False,8,389
False,False,False,False,False,False,False,8,390
False,False,False,False,False,False,False,8,391
False,False,False,False,False,False,False,8,392
False,False,False,False,False,False,False,8,393
False,False,False,False,False,False,False,8,394
False,False,False,False,False,False,False,8,395
False,False,False,False,False,False,False,8,396
False,False,False,False,False,False,False,8,397
False,False,False,False,False,False,False,8,398
False,False,False,False,False,False,False,8,399
False,False,False,False,False,False,False,8,400
False,False,False,False,False,False,False,8,401
False,False,False,False,False,False,False,8,402
False,False,False,False,False,False,False,8,403
False,False,False,False,False,False,False,8,404
False,False,False,False,False,False,False,8,405
False,False,False,False,False,False,False,8,406
False,False,False,False,False,False,False,8,407
False,False,False,False,False,False,False,8,408
False,False,False,False,False,False,False,8,409
False,False,False,False,False,False,False,8,410
False,False,False,False,False,False,False,8,411
False,False,False,False,False,False,False,8,412
False,False,False,False,False,False,False,8,413
False,False,False,False,False,False,False,8,414
False,False,False,False,False,False,False,8,415
False,False,False,False,False,False,False,8,416
False,False,False,False,False,False,False,8,417
False,False,False,False,False,False,False,8,418
False,False,False,False,False,False,False,8,419
False,False,False,False,False,False,False,8,420
False,False,False,False,False,False,False,8,421
False,False,False,False,False,False,False,8,422
False,False,False,False,False,False,False,8,423
False,False,False,False,False,False,False,8,424
False,False,False,False,False,False,False,8,425
False,False,False,False,False,False,False,8,426
False,False,False,False,False,False,False,8,427
False,False,False,False,False,False,False,8,428
False,False,False,False,False,False,False,8,429
False,False,False,False,False,False,False,8,430
False,False,False,False,False,False,False,8,431
False,False,False,False,False,False,False,8,432
False,False,False,False,False,False,False,8,433
False,False,False,False,False,False,False,8,434
False,False,False,False,False,False,False,8,435
False,False,False,False,False,False,False,8,436
False,False,False,False,False,False,False,8,437
False,False,False,False,False,False,False,8,438
False,False,False,False,False,False,False,8,439
False,False,False,False,False,False,False,8,440
False,False,False,False,False,False,False,8,441
False,False,False,False,False,False,False,8,442
False,False,False,False,False,False,False,8,443
False,False,False,False,False,False,False,8,444
False,False,False,False,False,False,False,8,445
False,False,False,False,False,False,False,8,446
False,False,False,False,False,False,False,8,447
False,False,False,False,False,False,False,8,448
False,False,False,False,False,False,False,8,449
False,False,False,False,False,False,False,8,450
False,False,False,False,False,False,False,8,451
False,False,False,False,False,False,False,8,452
False,False,False,False,False,False,False,8,453
False,False,False,False,False,False,False,8,454
False,False,False,False,False,False,False,8,455
False,False,False,False,False,False,False,8,456
False,False,False,False,False,False,False,8,457
False,False,False,False,False,False,False,8,458
False,False,False,False,False,False,False,8,459
False,False,False,False,False,False,False,8,460
False,False,False,False,False,False,False,8,461
False,False,False,False,False,False,False,8,462
False,False,False,False,False,False,False,8,463
False,False,False,False,False,False,False,8,464
False,False,False,False,False,False,False,8,465
False,False,False,False,False,False,False,8,466
False,False,False,False,False,False,False,8,467
False,False,False,False,False,False,False,8,468
False,False,False,False,False,False,False,8,469
False,False,False,False,False,False,False,8,470
False,False,False,False,False,False,False,8,471
False,False,False,False,False,False,False,8,472
False,False,False,False,False,False,False,8,473
False,False,False,False,False,False,False,8,474
False,False,False,False,False,False,False,8,475
False,False,False,False,False,False,False,8,476
False,False,False,False,False,False,False,8,477
False,False,False,False,False,False,False,8,478
False,False,False,False,False,False,False,8,479
False,False,False,False,False,False,False,8,480
False,False,False,False,False,False,False,8,481
False,False,False,False,False,False,False,8,482
False,False,False,False,False,False,False,8,483
False,False,False,False,False,False,False,8,484
False,False,False,False,False,False,False,8,485
False,False,False,False,False,False,False,8,486
False,False,False,False,False,False,False,8,487
False,False,False,False,False,False,False,8,488
False,False,False,False,False,False,False,8,489
False,False,False,False,False,False,False,8,490
False,False,False,False,False,False,False,8,491
False,False,False,False,False,False,False,8,492
False,False,False,False,False,False,False,8,493
False,False,False,False,False,False,False,8,494
False,False,False,False,False,False,False,8,495
False,False,False,False,False,False,False,8,496
False,False,False,False,False,False,False,8,497
False,False,False,False,False,False,False,8,498
False,False,False,False,False,False,False,8,499
False,False,False,False,False,False,False,8,500
False,False,False,False,False,False,False,8,501
False,False,False,False,False,False,False,8,502
False,False,False,False,False,False,False,8,503
False,False,False,False,False,False,False,8,504
False,False,False,False,False,False,False,8,505
False,False,False,False,False,False,False,8,506
False,False,False,False,False,False,False,8,507
False,False,False,False,False,False,False,8,508
False,False,False,False,False,False,False,8,509
False,False,False,False,False,False,False,8,510
False,False,False,False,False,False,False,8,511
False,False,False,False,False,False,False,8,512
False,False,False,False,False,False,False,8,513
False,False,False,False,False,False,False,8,514
False,False,False,False,False,False,False,8,515
False,False,False,False,False,False,False,8,516
False,False,False,False,False,False,False,8,517
False,False,False,False,False,False,False,8,518
False,False,False,False,False,False,False,8,519
False,False,False,False,False,False,False,8,520
False,False,False,False,False,False,False,8,521
False,False,False,False,False,False,False,8,522
False,False,False,False,False,False,False,8,523
False,False,False,False,False,False,False,8,524
False,False,False,False,False,False,False,8,525
False,False,False,False,False,False,False,8,526
False,False,False,False,False,False,False,8,527
False,False,False,False,False,False,False,8,528
False,False,False,False,False,False,False,8,529
False,False,False,False,False,False,False,8,530
False,False,False,False,False,False,False,8,531
False,False,False,False,False,False,False,8,532
False,False,False,False,False,False,False,8,533
False,False,False,False,False,False,False,8,534
False,False,False,False,False,False,False,8,535
False,False,False,False,False,False,False,8,536
False,False,False,False,False,False,False,8,537
False,False,False,False,False,False,False,8,538
False,False,False,False,False,False,False,8,539
False,False,False,False,False,False,False,8,540
False,False,False,False,False,False,False,8,541
False,False,False,False,False,False,False,8,542
False,False,False,False,False,False,False,8,543
False,False,False,False,False,False,False,8,544
False,False,False,False,False,False,False,8,545
False,False,False,False,False,False,False,8,546
False,False,False,False,False,False,False,8,547
False,False,False,False,False,False,False,8,548
False,False,False,False,False,False,False,8,549
False,False,False,False,False,False,False,8,550
False,False,False,False,False,False,False,8,551
False,False,False,False,False,False,False,8,552
False,False,False,False,False,False,False,8,553
False,False,False,False,False,False,False,8,554
False,False,False,False,False,False,False,8,555
False,False,False,False,False,False,False,8,556
False,False,False,False,False,False,False,8,557
False,False,False,False,False,False,False,8,558
False,False,False,False,False,False,False,8,559
False,False,False,False,False,False,False,8,560
False,False,False,False,False,False,False,9,1
False,False,False,False,False,False,False,9,2
False,False,False,False,False,False,False,9,3
False,False,False,False,False,False,False,9,4
False,False,False,False,False,False,False,9,5
False,False,False,False,False,False,False,9,6
False,False,False,False,False,False,False,9,7
False,False,False,False,False,False,False,9,8
False,False,False,False,False,False,False,9,9
False,False,False,False,False,False,False,9,10
False,False,False,False,False,False,False,9,11
False,False,False,False,False,False,False,9,12
False,False,False,False,False,False,False,9,13
False,False,False,False,False,False,False,9,14
False,False,False,False,False,False,False,9,15
False,False,False,False,False,False,False,9,16
False,False,False,False,False,False,False,9,17
False,False,False,False,False,False,False,9,18
False,False,False,False,False,False,False,9,19
False,False,False,False,False,False,False,9,20
False,False,False,False,False,False,False,9,21
False,False,False,False,False,False,False,9,22
False,False,False,False,False,False,False,9,23
False,False,False,False,False,False,False,9,24
False,False,False,False,False,False,False,9,25
False,False,False,False,False,False,False,9,26
False,False,False,False,False,False,False,9,27
False,False,False,False,False,False,False,9,28
False,False,False,False,False,False,False,9,29
False,False,False,False,False,False,False,9,30
False,False,False,False,False,False,False,9,31
False,False,False,False,False,False,False,9,32
False,False,False,False,False,False,False,9,33
False,False,False,False,False,False,False,9,34
False,False,False,False,False,False,False,9,35
False,False,False,False,False,False,False,9,36
False,False,False,False,False,False,False,9,37
False,False,False,False,False,False,False,9,38
False,False,False,False,False,False,False,9,39
False,False,False,False,False,False,False,9,40
False,False,False,False,False,False,False,9,41
False,False,False,False,False,False,False,9,42
False,False,False,False,False,False,False,9,43
False,False,False,False,False,False,False,9,44
False,False,False,False,False,False,False,9,45
False,False,False,False,False,False,False,9,46
False,False,False,False,False,False,False,9,47
False,False,False,False,False,False,False,9,48
False,False,False,False,False,False,False,9,49
False,False,False,False,False,False,False,9,50
False,False,False,False,False,False,False,9,51
False,False,False,False,False,False,False,9,52
False,False,False,False,False,False,False,9,53
False,False,False,False,False,False,False,9,54
False,False,False,False,False,False,False,9,55
False,False,False,False,False,False,False,9,56
False,False,False,False,False,False,False,9,57
False,False,False,False,False,False,False,9,58
False,False,False,False,False,False,False,9,59
False,False,False,False,False,False,False,9,60
False,False,False,False,False,False,False,9,61
False,False,False,False,False,False,False,9,62
False,False,False,False,False,False,False,9,63
False,False,False,False,False,False,False,9,64
False,False,False,False,False,False,False,9,65
False,False,False,False,False,False,False,9,66
False,False,False,False,False,False,False,9,67
False,False,False,False,False,False,False,9,68
False,False,False,False,False,False,False,9,69
False,False,False,False,False,False,False,9,70
False,False,False,False,False,False,False,9,71
False,False,False,False,False,False,False,9,72
False,False,False,False,False,False,False,9,73
False,False,False,False,False,False,False,9,74
False,False,False,False,False,False,False,9,75
False,False,False,False,False,False,False,9,76
False,False,False,False,False,False,False,9,77
False,False,False,False,False,False,False,9,78
False,False,False,False,False,False,False,9,79
False,False,False,False,False,False,False,9,80
False,False,False,False,False,False,False,9,81
False,False,False,False,False,False,False,9,82
False,False,False,False,False,False,False,9,83
False,False,False,False,False,False,False,9,84
False,False,False,False,False,False,False,9,85
False,False,False,False,False,False,False,9,86
False,False,False,False,False,False,False,9,87
False,False,False,False,False,False,False,9,88
False,False,False,False,False,False,False,9,89
False,False,False,False,False,False,False,9,90
False,False,False,False,False,False,False,9,91
False,False,False,False,False,False,False,9,92
False,False,False,False,False,False,False,9,93
False,False,False,False,False,False,False,9,94
True,False,False,False,False,False,False,9,95
False,False,False,False,False,False,False,9,96
False,False,False,False,False,False,False,9,97
False,False,False,False,False,False,False,9,98
False,False,False,False,False,False,False,9,99
False,False,False,False,False,False,False,9,100
False,False,False,False,False,False,False,9,101
False,False,False,False,False,False,False,9,102
False,False,False,False,False,False,False,9,103
False,False,False,False,False,False,False,9,104
False,False,False,False,False,False,False,9,105
False,False,False,False,False,False,False,9,106
False,False,False,False,False,False,False,9,107
False,False,False,False,False,False,False,9,108
False,False,False,False,False,False,False,9,109
False,False,False,False,False,False,False,9,110
False,False,False,False,False,False,False,9,111
False,False,False,False,False,False,False,9,112
False,False,False,False,False,False,False,9,113
False,False,False,False,False,False,False,9,114
False,False,False,False,False,False,False,9,115
False,False,False,False,False,False,False,9,116
False,False,False,False,False,False,False,9,117
False,False,False,False,False,False,False,9,118
False,False,False,False,False,False,False,9,119
False,False,False,False,False,False,False,9,120
False,False,False,False,False,False,False,9,121
False,False,False,False,False,False,False,9,122
False,False,False,False,False,False,False,9,123
False,False,False,False,True,False,False,9,124
False,False,False,False,False,False,False,9,125
False,False,False,False,False,False,False,9,126
False,False,False,False,False,False,False,9,127
False,False,False,False,False,False,False,9,128
False,False,False,False,False,False,False,9,129
False,False,False,False,False,False,False,9,130
False,False,False,False,False,False,False,9,131
False,False,False,False,False,False,False,9,132
False,False,False,False,False,False,False,9,133
False,False,False,False,False,False,False,9,134
False,False,False,False,False,False,False,9,135
False,False,False,False,False,False,False,9,136
False,False,False,False,False,False,False,9,137
False,False,False,False,False,False,False,9,138
False,False,False,False,False,False,False,9,139
False,False,False,False,False,False,False,9,140
False,False,False,False,False,False,False,9,141
False,False,False,False,False,False,False,9,142
False,False,False,False,False,False,False,9,143
False,False,False,False,False,False,False,9,144
False,False,False,False,False,False,False,9,145
False,False,False,False,False,False,False,9,146
False,False,False,False,False,False,False,9,147
False,False,False,False,False,False,False,9,148
False,False,False,False,False,False,False,9,149
False,False,False,False,False,False,False,9,150
False,False,False,False,False,False,False,9,151
False,False,False,False,False,False,False,9,152
False,False,False,False,False,False,False,9,153
False,False,False,False,False,False,False,9,154
False,False,False,False,False,False,False,9,155
False,False,False,False,False,False,False,9,156
False,False,False,False,False,False,False,9,157
False,False,False,False,False,False,False,9,158
False,False,False,False,False,False,False,9,159
False,False,False,False,False,False,False,9,160
False,False,False,False,False,False,False,9,161
False,False,False,False,False,False,False,9,162
False,False,False,False,False,False,False,9,163
False,False,False,False,False,False,False,9,164
False,False,False,False,False,False,False,9,165
False,False,False,False,False,False,False,9,166
False,False,False,False,False,False,False,9,167
False,False,False,False,False,False,False,9,168
False,False,False,False,False,False,False,9,169
False,False,False,False,False,False,False,9,170
False,False,False,False,False,False,False,9,171
False,False,False,False,False,False,False,9,172
False,False,False,False,False,False,False,9,173
False,False,False,False,False,False,False,9,174
False,False,False,False,False,False,False,9,175
True,False,False,False,False,False,False,9,176
False,False,False,False,False,False,False,9,177
False,False,False,False,False,False,False,9,178
False,False,False,False,False,False,False,9,179
False,False,False,False,False,False,False,9,180
False,False,False,False,False,False,False,9,181
False,False,False,False,False,False,False,9,182
False,False,False,False,False,False,False,9,183
False,False,False,False,False,False,False,9,184
False,False,False,False,False,False,False,9,185
False,False,False,False,False,False,False,9,186
False,False,False,False,False,False,False,9,187
False,False,False,False,False,False,False,9,188
False,False,False,False,False,False,False,9,189
False,False,False,False,False,False,False,9,190
False,False,False,False,False,False,False,9,191
False,False,False,False,False,False,False,9,192
False,False,False,False,False,False,False,9,193
False,False,False,False,False,False,False,9,194
False,False,False,False,False,False,False,9,195
False,False,False,False,False,False,False,9,196
False,False,False,False,False,False,False,9,197
False,False,False,False,False,False,False,9,198
False,False,False,False,False,False,False,9,199
False,False,False,False,False,False,False,9,200
False,False,False,False,False,False,False,9,201
False,False,False,False,False,False,False,9,202
False,False,False,False,False,False,False,9,203
False,False,False,False,False,False,False,9,204
False,False,False,False,False,False,False,9,205
False,False,False,False,False,False,False,9,206
False,False,False,False,False,False,False,9,207
False,False,False,False,False,False,False,9,208
False,False,False,False,False,False,False,9,209
False,False,False,False,False,False,False,9,210
True,False,False,False,False,False,False,9,211
False,False,False,False,False,False,False,9,212
False,False,False,False,False,False,False,9,213
False,False,False,False,False,False,False,9,214
False,False,False,False,False,False,False,9,215
False,False,False,False,False,False,False,9,216
False,False,False,False,False,False,False,9,217
False,False,False,False,False,False,False,9,218
False,False,False,False,False,False,False,9,219
False,False,False,False,False,False,False,9,220
False,False,False,False,False,False,False,9,221
False,False,False,False,False,False,False,9,222
False,False,False,False,False,False,False,9,223
False,False,False,False,False,False,False,9,224
False,False,False,False,False,False,False,9,225
False,False,False,False,False,False,False,9,226
False,False,False,False,False,False,False,9,227
False,False,False,False,False,False,False,9,228
False,False,False,False,False,False,False,9,229
False,False,False,False,False,False,False,9,230
False,False,False,False,False,False,False,9,231
False,False,False,False,False,False,False,9,232
False,False,False,False,False,False,False,9,233
False,False,False,False,False,False,False,9,234
False,False,False,False,False,False,False,9,235
False,False,False,False,False,False,False,9,236
False,False,False,False,False,False,False,9,237
False,False,False,False,False,False,False,9,238
False,False,False,False,False,False,False,9,239
False,False,False,False,False,False,False,9,240
False,False,False,False,False,False,False,9,241
False,False,False,False,False,False,False,9,242
False,False,False,False,False,False,False,9,243
False,False,False,False,False,False,False,9,244
False,False,False,False,False,False,False,9,245
False,False,False,False,False,False,False,9,246
False,False,False,False,False,False,False,9,247
False,False,False,False,False,False,False,9,248
False,False,False,False,False,False,False,9,249
False,False,False,False,False,False,False,9,250
False,False,False,False,False,False,False,9,251
False,False,False,False,False,False,False,9,252
False,False,False,False,False,False,False,9,253
False,False,False,False,False,False,False,9,254
False,False,False,False,False,False,False,9,255
False,False,False,False,False,False,False,9,256
False,False,False,False,False,False,False,9,257
False,False,False,False,False,False,False,9,258
False,False,False,False,False,False,False,9,259
False,False,False,False,False,False,False,9,260
False,False,False,False,False,False,False,9,261
False,False,False,False,False,False,False,9,262
False,False,False,False,False,False,False,9,263
False,False,False,False,False,False,False,9,264
False,False,False,False,False,False,False,9,265
False,False,False,False,False,False,False,9,266
False,False,False,False,False,False,False,9,267
False,False,False,False,False,False,False,9,268
False,False,False,False,False,False,False,9,269
False,False,False,False,False,False,False,9,270
False,False,False,False,False,False,False,9,271
False,False,False,False,False,False,False,9,272
False,False,False,False,False,False,False,9,273
False,False,False,False,False,False,False,9,274
False,False,False,False,False,False,False,9,275
False,False,False,False,False,False,False,9,276
False,False,False,False,False,False,False,9,277
False,False,False,False,False,False,False,9,278
False,False,False,False,False,False,False,9,279
False,False,False,False,False,False,False,9,280
False,False,False,False,False,False,False,9,281
False,False,False,False,False,False,False,9,282
False,False,False,False,False,False,False,9,283
False,False,False,False,False,False,False,9,284
False,False,False,False,False,False,False,9,285
False,False,False,False,False,False,False,9,286
False,False,False,False,False,False,False,9,287
False,False,False,False,False,False,False,9,288
False,False,False,False,False,False,False,9,289
False,False,False,False,False,False,False,9,290
False,False,False,False,False,False,False,9,291
False,False,False,False,False,False,False,9,292
False,False,False,False,False,False,False,9,293
False,False,False,False,False,False,False,9,294
False,False,False,False,False,False,False,9,295
False,False,False,False,False,False,False,9,296
False,False,False,False,False,False,False,9,297
False,False,False,False,False,False,False,9,298
False,False,False,False,False,False,False,9,299
False,False,False,False,False,False,False,9,300
False,False,False,False,False,False,False,9,301
False,False,False,False,False,False,False,9,302
False,False,False,False,False,False,False,9,303
False,False,False,False,False,False,False,9,304
False,False,False,False,False,False,False,9,305
False,False,False,False,False,False,False,9,306
False,False,False,False,False,False,False,9,307
False,False,False,False,False,False,False,9,308
False,False,False,False,False,False,False,9,309
False,False,False,False,False,False,False,9,310
False,False,False,False,False,False,False,9,311
False,False,False,False,False,False,False,9,312
False,False,False,False,False,False,False,9,313
False,False,False,False,False,False,False,9,314
False,False,False,False,False,False,False,9,315
False,False,False,False,False,False,False,9,316
False,False,False,False,False,False,False,9,317
False,False,False,False,False,False,False,9,318
False,False,False,False,False,False,False,9,319
False,False,False,False,False,False,False,9,320
False,False,False,False,False,False,False,9,321
False,False,False,False,False,False,False,9,322
False,False,False,False,False,False,False,9,323
False,False,False,False,False,False,False,9,324
False,False,False,False,False,False,False,9,325
False,False,False,False,False,False,False,9,326
False,False,False,False,False,False,False,9,327
False,False,False,False,False,False,False,9,328
False,False,False,False,False,False,False,9,329
False,False,False,False,False,False,False,9,330
False,False,False,False,False,False,False,9,331
False,False,False,False,False,False,False,9,332
False,False,False,False,False,False,False,9,333
False,False,False,False,False,False,False,9,334
False,False,False,False,False,False,False,9,335
False,False,False,False,False,False,False,9,336
False,False,False,False,False,False,False,9,337
False,False,False,False,False,False,False,9,338
False,False,False,False,False,False,False,9,339
False,False,False,False,False,False,False,9,340
False,False,False,False,False,False,False,9,341
False,False,False,False,False,False,False,9,342
False,False,False,False,False,False,False,9,343
False,False,False,False,False,False,False,9,344
False,False,False,False,False,False,False,9,345
False,False,False,False,False,False,False,9,346
False,False,False,False,False,False,False,9,347
False,False,False,False,False,False,False,9,348
False,False,False,False,False,False,False,9,349
False,False,False,False,False,False,False,9,350
False,False,False,False,False,False,False,9,351
False,False,False,False,False,False,False,9,352
False,False,False,False,False,False,False,9,353
False,False,False,False,False,False,False,9,354
False,False,False,False,False,False,False,9,355
False,False,False,False,False,False,False,9,356
False,False,False,False,False,False,False,9,357
False,False,False,False,False,False,False,9,358
False,False,False,False,False,False,False,9,359
False,False,False,False,False,False,False,9,360
False,False,False,False,False,False,False,9,361
False,False,False,False,False,False,False,9,362
False,False,False,False,False,False,False,9,363
False,False,False,False,False,False,False,9,364
False,False,False,False,False,False,False,9,365
False,False,False,False,False,False,False,9,366
False,False,False,False,False,False,False,9,367
False,False,False,False,False,False,False,9,368
False,False,False,False,False,False,False,9,369
False,False,False,False,False,False,False,9,370
False,False,False,False,False,False,False,9,371
False,False,False,False,False,False,False,9,372
False,False,False,False,False,False,False,9,373
False,False,False,False,False,False,False,9,374
False,False,False,False,False,False,False,9,375
False,False,False,False,False,False,False,9,376
False,False,False,False,False,False,False,9,377
False,False,False,False,False,False,False,9,378
False,False,False,False,False,False,False,9,379
False,False,False,False,False,False,False,9,380
False,False,False,False,False,False,False,9,381
False,False,False,False,False,False,False,9,382
False,False,False,False,False,False,False,9,383
False,False,False,False,False,False,False,9,384
False,False,False,False,False,False,False,9,385
False,False,False,False,False,False,False,9,386
False,False,False,False,False,False,False,9,387
False,False,False,False,False,False,False,9,388
False,False,False,False,False,False,False,9,389
False,False,False,False,False,False,False,9,390
False,False,False,False,False,False,False,9,391
False,False,False,False,False,False,False,9,392
False,False,False,False,False,False,False,9,393
False,False,False,False,False,False,False,9,394
False,False,False,False,False,False,False,9,395
False,False,False,False,False,False,False,9,396
False,False,False,False,False,False,False,9,397
False,False,False,False,False,False,False,9,398
False,False,False,False,False,False,False,9,399
False,False,False,False,False,False,False,9,400
False,False,False,False,False,False,False,9,401
False,False,False,False,False,False,False,9,402
False,False,False,False,False,False,False,9,403
False,False,False,False,False,False,False,9,404
False,False,False,False,False,False,False,9,405
False,False,False,False,False,False,False,9,406
False,False,False,False,False,False,False,9,407
False,False,False,False,False,False,False,9,408
False,False,False,False,False,False,False,9,409
False,False,False,False,False,False,False,9,410
False,False,False,False,False,False,False,9,411
False,False,False,False,False,False,False,9,412
False,False,False,False,False,False,False,9,413
False,False,False,False,False,False,False,9,414
False,False,False,False,False,False,False,9,415
False,False,False,False,False,False,False,9,416
False,False,False,False,False,False,False,9,417
False,False,False,False,False,False,False,9,418
False,False,False,False,False,False,False,9,419
False,False,False,False,False,False,False,9,420
False,False,False,False,False,False,False,9,421
False,False,False,False,False,False,False,9,422
False,False,False,False,False,False,False,9,423
False,False,False,False,False,False,False,9,424
False,False,False,False,False,False,False,9,425
False,False,False,False,False,False,False,9,426
False,False,False,False,False,False,False,9,427
False,False,False,False,True,False,False,9,428
False,False,False,False,False,False,False,9,429
False,False,False,False,False,False,False,9,430
False,False,False,False,False,False,False,9,431
False,False,False,False,False,False,False,9,432
False,False,False,False,False,False,False,9,433
False,False,False,False,False,False,False,9,434
False,False,False,False,False,False,False,9,435
False,False,False,False,False,False,False,9,436
False,False,False,False,False,False,False,9,437
False,False,False,False,False,False,False,9,438
False,False,False,False,False,False,False,9,439
False,False,False,False,False,False,False,9,440
False,False,False,False,False,False,False,9,441
False,False,False,False,False,False,False,9,442
False,False,False,False,False,False,False,9,443
False,False,False,False,False,False,False,9,444
False,False,False,False,False,False,False,9,445
False,False,False,False,False,False,False,9,446
False,False,False,False,False,False,False,9,447
False,False,False,False,False,False,False,9,448
False,False,False,False,False,False,False,9,449
False,False,False,False,False,False,False,9,450
False,False,False,False,False,False,False,9,451
False,False,False,False,False,False,False,9,452
False,False,False,False,False,False,False,9,453
False,False,False,False,False,False,False,9,454
False,False,False,False,False,False,False,9,455
False,False,False,False,False,False,False,9,456
False,False,False,False,False,False,False,9,457
False,False,False,False,False,False,False,9,458
False,False,False,False,False,False,False,9,459
False,False,False,False,False,False,False,9,460
False,False,False,False,False,False,False,9,461
False,False,False,False,False,False,False,9,462
False,False,False,False,False,False,False,9,463
False,False,False,False,False,False,False,9,464
False,False,False,False,False,False,False,9,465
False,False,False,False,False,False,False,9,466
False,False,False,False,False,False,False,9,467
False,False,False,False,False,False,False,9,468
False,False,False,False,False,False,False,9,469
False,False,False,False,False,False,False,9,470
False,False,False,False,False,False,False,9,471
False,False,False,False,False,False,False,9,472
False,False,False,False,False,False,False,9,473
False,False,False,False,False,False,False,9,474
False,False,False,False,False,False,False,9,475
False,False,False,False,False,False,False,9,476
False,False,False,False,False,False,False,9,477
False,False,False,False,False,False,False,9,478
False,False,False,False,False,False,False,9,479
False,False,False,False,False,False,False,9,480
False,False,False,False,False,False,False,9,481
False,False,False,False,False,False,False,9,482
False,False,False,False,False,False,False,9,483
False,False,False,False,False,False,False,9,484
False,False,False,False,False,False,False,9,485
False,False,False,False,False,False,False,9,486
False,False,False,False,False,False,False,9,487
False,False,False,False,False,False,False,9,488
False,False,False,False,False,False,False,9,489
False,False,False,False,False,False,False,9,490
False,False,False,False,False,False,False,9,491
False,False,False,False,False,False,False,9,492
False,False,False,False,False,False,False,9,493
False,False,False,False,False,False,False,9,494
False,False,False,False,False,False,False,9,495
False,False,False,False,False,False,False,9,496
False,False,False,False,False,False,False,9,497
False,False,False,False,False,False,False,9,498
False,False,False,False,False,False,False,9,499
False,False,False,False,False,False,False,9,500
False,False,False,False,False,False,False,9,501
False,False,False,False,False,False,False,9,502
False,False,False,False,False,False,False,9,503
False,False,False,False,False,False,False,9,504
False,False,False,False,False,False,False,9,505
False,False,False,False,False,False,False,9,506
False,False,False,False,False,False,False,9,507
False,False,False,False,False,False,False,9,508
False,False,False,False,False,False,False,9,509
False,False,False,False,False,False,False,9,510
False,False,False,False,False,False,False,9,511
False,False,False,False,False,False,False,9,512
False,False,False,False,False,False,False,9,513
False,False,False,False,False,False,False,9,514
False,False,False,False,True,False,False,9,515
False,False,False,False,True,False,False,9,516
False,False,False,False,False,False,False,9,517
False,False,False,False,False,False,False,9,518
False,False,False,False,False,False,False,9,519
False,False,False,False,False,False,False,9,520
False,False,False,False,False,False,False,9,521
False,False,False,False,False,False,False,9,522
False,False,False,False,False,False,False,9,523
False,False,False,False,True,False,False,9,524
True,False,False,False,True,False,False,9,525
False,False,False,False,False,False,False,9,526
False,False,False,False,False,False,False,9,527
False,False,False,False,False,False,False,9,528
False,False,False,False,False,False,False,9,529
False,False,False,False,False,False,False,9,530
False,False,False,False,False,False,False,9,531
False,False,False,False,False,False,False,9,532
False,False,False,False,False,False,False,9,533
False,False,False,False,False,False,False,9,534
False,False,False,False,False,False,False,9,535
False,False,False,False,False,False,False,9,536
False,False,False,False,False,False,False,9,537
False,False,False,False,False,False,False,9,538
False,False,False,False,False,False,False,9,539
False,False,False,False,False,False,False,9,540
False,False,False,False,False,False,False,9,541
False,False,False,False,False,False,False,9,542
False,False,False,False,False,False,False,9,543
False,False,False,False,False,False,False,9,544
False,False,False,False,False,False,False,9,545
False,False,False,False,False,False,False,9,546
False,False,False,False,False,False,False,9,547
False,False,False,False,False,False,False,9,548
False,False,False,False,False,False,False,9,549
False,False,False,False,False,False,False,9,550
False,False,False,False,False,False,False,9,551
False,False,False,False,False,False,False,9,552
False,False,False,False,False,False,False,9,553
False,False,False,False,False,False,False,9,554
False,False,False,False,False,False,False,9,555
False,False,False,False,False,False,False,9,556
False,False,False,False,False,False,False,9,557
False,False,False,False,False,False,False,9,558
False,False,False,False,False,False,False,9,559
False,False,False,False,False,False,False,9,560
False,False,False,False,False,False,False,9,561
False,False,False,False,False,False,False,9,562
False,False,False,False,False,False,False,9,563
False,False,False,False,False,False,False,9,564
False,False,False,False,False,False,False,9,565
False,False,False,False,False,False,False,9,566
False,False,False,False,False,False,False,9,567
False,False,False,False,False,False,False,9,568
False,False,False,False,False,False,False,9,569
False,False,False,False,False,False,False,9,570
False,False,False,False,False,False,False,9,571
False,False,False,False,False,False,False,9,572
False,False,False,False,True,False,False,9,573
False,False,False,False,True,False,False,9,574
False,False,False,False,False,False,False,9,575
False,False,False,False,False,False,False,9,576
False,False,False,False,False,False,False,9,577
False,False,False,False,False,False,False,9,578
False,False,False,False,False,False,False,9,579
False,False,False,False,False,False,False,9,580
False,False,False,False,False,False,False,9,581
False,False,False,False,False,False,False,9,582
False,False,False,False,False,False,False,9,583
False,False,False,False,False,False,False,9,584
False,False,False,False,False,False,False,9,585
False,False,False,False,False,False,False,9,586
False,False,False,False,False,False,False,9,587
False,False,False,False,False,False,False,9,588
False,False,False,False,False,False,False,9,589
False,False,False,False,False,False,False,9,590
False,False,False,False,False,False,False,9,591
False,False,False,False,False,False,False,9,592
False,False,False,False,False,False,False,9,593
False,False,False,False,False,False,False,9,594
False,False,False,False,False,False,False,9,595
False,False,False,False,False,False,False,9,596
False,False,False,False,False,False,False,9,597
False,False,False,False,False,False,False,9,598
False,False,False,False,False,False,False,9,599
False,False,False,False,False,False,False,9,600
False,False,False,False,False,False,False,9,601
False,False,False,False,False,False,False,9,602
False,False,False,False,False,False,False,9,603
False,False,False,False,False,False,False,9,604
False,False,False,False,False,False,False,9,605
False,False,False,False,False,False,False,9,606
False,False,False,False,False,False,False,9,607
False,False,False,False,False,False,False,9,608
False,False,False,False,False,False,False,9,609
