tool,run,t_min,wear,phase,rul,rul_lo,rul_hi,rul_acc,state,rec,rul_true
3,1,0.2,3,BREAK_IN,,,,,,,57.73333333333333
3,2,0.25,4,BREAK_IN,,,,,,,57.68333333333333
3,3,0.31666666666666665,5,BREAK_IN,,,,,,,57.61666666666666
3,4,0.38333333333333336,5,BREAK_IN,,,,,,,57.55
3,5,0.45,6,BREAK_IN,,,,,,,57.48333333333333
3,6,0.5166666666666667,7,BREAK_IN,,,,,,,57.416666666666664
3,7,0.5833333333333334,8,BREAK_IN,,,,,,,57.349999999999994
3,8,0.95,13,BREAK_IN,,,,,,,56.98333333333333
3,9,1.0,14,BREAK_IN,,,,,,,56.93333333333333
3,10,1.0666666666666667,15,BREAK_IN,,,,,,,56.86666666666666
3,11,1.1333333333333333,16,BREAK_IN,,,,,,,56.8
3,12,1.2,17,BREAK_IN,,,,,,,56.73333333333333
3,13,1.2666666666666666,18,BREAK_IN,,,,,,,56.666666666666664
3,14,1.3333333333333333,19,BREAK_IN,,,,,,,56.599999999999994
3,15,1.4,20,BREAK_IN,,,,,,,56.53333333333333
3,16,1.45,20,BREAK_IN,,,,,,,56.48333333333333
3,17,1.5166666666666666,21,BREAK_IN,,,,,,,56.416666666666664
3,18,1.5833333333333333,22,BREAK_IN,,,,,,,56.349999999999994
3,19,1.65,23,BREAK_IN,,,,,,,56.28333333333333
3,20,1.7166666666666666,24,BREAK_IN,,,,,,,56.21666666666666
3,21,1.7833333333333334,25,BREAK_IN,,,,,,,56.15
3,22,2.1166666666666667,30,BREAK_IN,,,,,,,55.81666666666666
3,23,2.183333333333333,31,BREAK_IN,,,,,,,55.75
3,24,2.25,32,BREAK_IN,,,,,,,55.68333333333333
3,25,2.316666666666667,32,BREAK_IN,,,,,,,55.61666666666666
3,26,2.3833333333333333,33,BREAK_IN,,,,,,,55.55
3,27,2.45,34,BREAK_IN,,,,,,,55.48333333333333
3,28,2.5,35,BREAK_IN,,,,,,,55.43333333333333
3,29,2.566666666666667,36,BREAK_IN,,,,,,,55.36666666666666
3,30,2.95,38,BASELINE,,,,,,,54.98333333333333
3,31,3.0166666666666666,39,BASELINE,,,,,,,54.916666666666664
3,32,3.0833333333333335,39,BASELINE,,,,,,,54.849999999999994
3,33,3.15,39,BASELINE,,,,,,,54.78333333333333
3,34,3.216666666666667,39,BASELINE,,,,,,,54.71666666666666
3,35,3.283333333333333,39,BASELINE,,,,,,,54.65
3,36,3.35,39,BASELINE,,,,,,,54.58333333333333
3,37,3.7,40,BASELINE,,,,,,,54.23333333333333
3,38,3.7666666666666666,40,BASELINE,,,,,,,54.166666666666664
3,39,3.8333333333333335,40,BASELINE,,,,,,,54.099999999999994
3,40,3.9,41,BASELINE,,,,,,,54.03333333333333
3,41,3.966666666666667,41,BASELINE,,,,,,,53.96666666666666
3,42,4.033333333333333,41,BASELINE,,,,,,,53.9
3,43,4.1,41,BASELINE,,,,,,,53.83333333333333
3,44,4.15,41,BASELINE,,,,,,,53.78333333333333
3,45,4.216666666666667,41,BASELINE,,,,,,,53.71666666666666
3,46,4.283333333333333,41,BASELINE,,,,,,,53.65
3,47,4.35,42,BASELINE,,,,,,,53.58333333333333
3,48,4.416666666666667,42,BASELINE,,,,,,,53.516666666666666
3,49,4.483333333333333,42,BASELINE,,,,,,,53.449999999999996
3,50,4.55,42,BASELINE,,,,,,,53.38333333333333
3,51,4.883333333333334,43,BASELINE,,,,,,,53.05
3,52,4.95,43,BASELINE,,,,,,,52.98333333333333
3,53,5.016666666666667,43,BASELINE,,,,,,,52.916666666666664
3,54,5.083333333333333,43,BASELINE,,,,,,,52.849999999999994
3,55,5.15,43,BASELINE,,,,,,,52.78333333333333
3,56,5.2,43,BASELINE,,,,,,,52.73333333333333
3,57,5.266666666666667,44,BASELINE,,,,,,,52.666666666666664
3,58,5.333333333333333,44,MONITOR,50.44740818008089,48.3658286919624,53.36722599013949,39.157872282719936,STEADY,OK,52.599999999999994
3,59,5.716666666666667,44,MONITOR,50.17632464040863,48.09474515229014,53.09614245046723,38.86741602576973,STEADY,OK,52.21666666666666
3,60,5.783333333333333,45,MONITOR,50.153970983214656,48.07239149509616,53.07378879327325,38.794689920130075,STEADY,OK,52.15
3,61,5.85,45,MONITOR,50.056442330429604,47.97486284231111,52.9762601404882,38.68461443475834,STEADY,OK,52.08333333333333
3,62,5.916666666666667,45,MONITOR,49.95891367764456,47.87733418952607,52.878731487703156,38.57453894938661,STEADY,OK,52.016666666666666
3,63,5.983333333333333,45,MONITOR,49.8635270746876,47.78194758656911,52.7833448847462,38.50625776415209,STEADY,OK,51.949999999999996
3,64,6.05,45,MONITOR,49.76814047173065,47.68656098361216,52.68795828178925,38.43797657891758,STEADY,OK,51.88333333333333
3,65,6.116666666666666,45,MONITOR,49.682774325905775,47.60119483778728,52.60259213596437,38.325216991234534,STEADY,OK,51.81666666666666
3,66,6.466666666666667,46,MONITOR,49.35147380506398,47.26989431694549,52.27129161512258,37.97741153134025,STEADY,OK,51.46666666666666
3,67,6.533333333333333,46,MONITOR,49.313527074687606,47.23194758656911,52.2333448847462,37.896874058600304,STEADY,OK,51.4
3,68,6.6,46,MONITOR,49.26672031974736,47.185140831628864,52.18653812980595,37.81633658586034,STEADY,OK,51.33333333333333
3,69,6.666666666666667,46,MONITOR,49.184500956454116,47.10292146833562,52.10431876651271,37.73939699470592,STEADY,OK,51.266666666666666
3,70,6.733333333333333,46,MONITOR,49.10228159316087,47.020702105042375,52.022099403219464,37.6624574035515,STEADY,OK,51.199999999999996
3,71,6.8,46,MONITOR,49.02687769911243,46.94529821099394,51.94669550917103,37.58593324926241,STEADY,OK,51.13333333333333
3,72,6.866666666666666,47,MONITOR,48.95147380506398,46.86989431694549,51.87129161512258,37.50940909497332,STEADY,OK,51.06666666666666
3,73,6.933333333333334,47,MONITOR,48.87456453858381,46.79298505046532,51.79438234864241,37.419592990168326,STEADY,OK,51.0
3,74,6.983333333333333,47,MONITOR,48.81432193877032,46.73274245065183,51.734139748828916,37.34644355203,STEADY,OK,50.949999999999996
3,75,7.05,47,MONITOR,48.739198392758944,46.65761890464045,51.65901620281754,37.27213788604824,STEADY,OK,50.88333333333333
3,76,7.116666666666666,47,MONITOR,48.66407484674756,46.58249535862907,51.58389265680616,37.197832220066466,STEADY,OK,50.81666666666666
3,77,7.183333333333334,47,MONITOR,48.595973111272684,46.51439362315419,51.51579092133128,37.11520505081012,STEADY,OK,50.75
3,78,7.25,47,MONITOR,48.52787137579781,46.446291887679315,51.447689185856404,37.03257788155376,STEADY,OK,50.68333333333333
3,79,7.316666666666666,47,MONITOR,48.45233061702267,46.370751128904175,51.372148427081264,36.96258441022749,STEADY,OK,50.61666666666666
3,80,7.65,48,MONITOR,48.12787137579781,46.04629188767932,51.047689185856406,36.632577881553765,STEADY,OK,50.28333333333333
3,81,7.716666666666667,48,MONITOR,48.05670087290482,45.97512138478633,50.976518682963416,36.562584410227494,STEADY,OK,50.21666666666666
3,82,7.783333333333333,48,MONITOR,47.98553037001184,45.903950881893344,50.90534818007043,36.49259093890123,STEADY,OK,50.15
3,83,7.85,48,MONITOR,47.91449344746301,45.832913959344516,50.834311257521605,36.41920612234028,STEADY,OK,50.08333333333333
3,84,7.916666666666667,49,MONITOR,47.84345652491418,45.76187703679569,50.76327433497278,36.34582130577933,STEADY,OK,50.016666666666666
3,85,7.983333333333333,49,MONITOR,47.774402135092885,45.69282264697439,50.69421994515148,36.2777510448222,STEADY,OK,49.949999999999996
3,86,8.05,49,MONITOR,47.705347745271595,45.6237682571531,50.62516555533019,36.20968078386508,STEADY,OK,49.883333333333326
3,87,8.1,49,MONITOR,47.64327070271256,45.56169121459407,50.56308851277116,36.146976350246625,STEADY,OK,49.83333333333333
3,88,8.5,49,MONITOR,47.25171367303143,45.17013418491294,50.17153148309003,35.75968078386508,STEADY,OK,49.43333333333333
3,89,8.55,50,MONITOR,47.19145366659248,45.10987417847399,50.111271476651076,35.69697635024663,STEADY,OK,49.383333333333326
3,90,8.616666666666667,50,MONITOR,47.11452699348686,45.03294750536837,50.03434480354546,35.61760524996151,STEADY,OK,49.31666666666666
3,91,8.683333333333334,50,MONITOR,47.04656398601118,44.96498449789269,49.966381796069776,35.55068118539542,STEADY,OK,49.25
3,92,8.75,50,MONITOR,46.97860097853551,44.89702149041702,49.89841878859411,35.48375712082934,STEADY,OK,49.18333333333333
3,93,8.816666666666666,50,MONITOR,46.911487279866805,44.82990779174831,49.8313050899254,35.413569864677825,STEADY,OK,49.11666666666666
3,94,8.883333333333333,50,MONITOR,46.844373581198106,44.76279409307961,49.7641913912567,35.3433826085263,STEADY,OK,49.05
3,95,9.233333333333333,50,MONITOR,46.49482061320014,44.41324112508165,49.41463842325874,34.978843322687524,STEADY,OK,48.699999999999996
3,96,9.3,50,MONITOR,46.42770691453144,44.34612742641295,49.34752472459004,34.897637370182096,STEADY,OK,48.633333333333326
3,97,9.366666666666667,50,MONITOR,46.361026855308,44.279447367189505,49.280844665366594,34.83088863757235,STEADY,OK,48.56666666666666
3,98,9.433333333333334,50,MONITOR,46.294346796084554,44.21276730796606,49.21416460614315,34.764139904962605,STEADY,OK,48.5
3,99,9.5,50,MONITOR,46.21375185919706,44.13217237107857,49.13356966925566,34.685571470699216,STEADY,OK,48.43333333333333
3,100,9.566666666666666,50,MONITOR,46.13315692230957,44.051577434191074,49.05297473236816,34.60700303643584,STEADY,OK,48.36666666666666
3,101,9.633333333333333,50,MONITOR,46.065798735716314,43.98421924759782,48.98561654577491,34.5263016253194,STEADY,OK,48.3
3,102,9.7,50,MONITOR,45.99844054912306,43.91686106100457,48.91825835918166,34.445600214202955,STEADY,OK,48.233333333333334
3,103,9.75,51,MONITOR,45.94348733067123,43.86190784255274,48.86330514072983,34.39301003435102,STEADY,OK,48.18333333333333
3,104,9.816666666666666,51,MONITOR,45.87186744555274,43.790287957434245,48.791685255611334,34.32375318783244,STEADY,OK,48.11666666666666
3,105,9.883333333333333,51,MONITOR,45.80212123623894,43.720541748120446,48.721939046297535,34.25534857768833,STEADY,OK,48.05
3,106,9.95,51,MONITOR,45.73237502692514,43.65079553880665,48.65219283698374,34.186943967544224,STEADY,OK,47.983333333333334
3,107,10.016666666666667,51,MONITOR,45.66366252330643,43.582083035187935,48.583480333365024,34.120119677941986,STEADY,OK,47.916666666666664
3,108,10.083333333333334,51,MONITOR,45.5949500196877,43.51337053156921,48.5147678297463,34.05329538833975,STEADY,OK,47.849999999999994
3,109,10.416666666666666,51,MONITOR,45.26148349827922,43.179904010160726,48.181301308337815,33.71776520655296,STEADY,OK,47.516666666666666
3,110,10.483333333333333,51,MONITOR,45.194683643537395,43.1131041554189,48.11450145359599,33.64890169143283,STEADY,OK,47.449999999999996
3,111,10.55,51,MONITOR,45.12454095950258,43.04296147138409,48.04435876956118,33.58015318711311,STEADY,OK,47.383333333333326
3,112,10.616666666666667,51,MONITOR,45.054398275467754,42.97281878734926,47.97421608552635,33.5114046827934,STEADY,OK,47.31666666666666
3,113,10.683333333333334,51,MONITOR,44.98473057284366,42.90315108472517,47.904548382902256,33.439903803312674,STEADY,OK,47.25
3,114,10.75,51,MONITOR,44.91506287021957,42.83348338210108,47.83488068027817,33.368402923831965,STEADY,OK,47.18333333333333
3,115,10.816666666666666,51,MONITOR,44.840553049386656,42.758973561268164,47.76037085944525,33.30071542327819,STEADY,OK,47.11666666666666
3,116,10.866666666666667,52,MONITOR,44.78270989522039,42.7011304071019,47.70252770527899,33.249694589391076,STEADY,OK,47.06666666666666
3,117,11.266666666666667,52,MONITOR,44.37666777662227,42.29508828850378,47.296485586680866,32.84521211576743,STEADY,OK,46.666666666666664
3,118,11.333333333333334,52,MONITOR,44.303958991357476,42.22237950323898,47.22377680141607,32.774062975477115,STEADY,OK,46.599999999999994
3,119,11.383333333333333,52,MONITOR,44.25381446553773,42.17223497741924,47.173632275596326,32.722645570565795,STEADY,OK,46.55
3,120,11.45,52,MONITOR,44.18700327305132,42.105423784932825,47.106821083109914,32.65456149898782,STEADY,OK,46.483333333333334
3,121,11.516666666666667,52,MONITOR,44.119831802955545,42.03825231483705,47.03964961301414,32.583162846750426,STEADY,OK,46.416666666666664
3,122,11.583333333333334,52,MONITOR,44.05266033285977,41.97108084474128,46.97247814291837,32.51176419451304,STEADY,OK,46.349999999999994
3,123,11.65,52,MONITOR,43.98559347114749,41.904013983028996,46.905411281206085,32.44206274443953,STEADY,OK,46.28333333333333
3,124,12.016666666666667,53,MONITOR,43.6185266094352,41.53694712131671,46.5383444194938,32.07236129436602,STEADY,OK,45.916666666666664
3,125,12.066666666666666,53,MONITOR,43.56611551621121,41.48453602809272,46.48593332626981,32.02095100504933,STEADY,OK,45.86666666666666
3,126,12.133333333333333,53,MONITOR,43.497037756320566,41.41545826820207,46.41685556637916,31.952874049065976,STEADY,OK,45.8
3,127,12.2,53,MONITOR,43.430099008759825,41.34851952064133,46.34991681881842,31.885343779804163,STEADY,OK,45.733333333333334
3,128,12.266666666666667,53,MONITOR,43.363160261199084,41.28158077308059,46.28297807125768,31.817813510542358,STEADY,OK,45.666666666666664
3,129,12.333333333333334,53,MONITOR,43.29158349924328,41.21000401112479,46.21140130930188,31.75100211826247,STEADY,OK,45.599999999999994
3,130,12.4,53,MONITOR,43.220006737287484,41.13842724916899,46.13982454734608,31.68419072598258,STEADY,OK,45.53333333333333
3,131,12.466666666666667,53,MONITOR,43.15244833769939,41.0708688495809,46.072266147757986,31.614260938977154,STEADY,OK,45.46666666666666
3,132,12.533333333333333,53,MONITOR,43.0848899381113,41.00331044999281,46.0047077481699,31.544331151971733,STEADY,OK,45.4
3,133,12.583333333333334,53,MONITOR,43.0268959003658,40.94531641224731,45.9467137104244,31.49290367570614,STEADY,OK,45.349999999999994
3,134,12.65,53,MONITOR,42.95223519595364,40.87065570783515,45.87205300601224,31.424809532773885,STEADY,OK,45.28333333333333
3,135,12.716666666666667,53,MONITOR,42.885521843231274,40.80394235511278,45.80533965328987,31.34615956215589,STEADY,OK,45.21666666666666
3,136,12.783333333333333,53,MONITOR,42.818808490508914,40.73722900239042,45.73862630056751,31.26750959153791,STEADY,OK,45.15
3,137,12.85,53,MONITOR,42.750191565895484,40.66861207777699,45.67000937595408,31.20022115625654,STEADY,OK,45.08333333333333
3,138,13.183333333333334,54,MONITOR,42.4149079746154,40.33332848649691,45.334725784674,30.8662660543085,STEADY,OK,44.75
3,139,13.25,54,MONITOR,42.34590991918769,40.2643304310692,45.26572772924629,30.79568986303866,STEADY,OK,44.68333333333333
3,140,13.316666666666666,54,MONITOR,42.27691186375999,40.1953323756415,45.19672967381859,30.72511367176882,STEADY,OK,44.61666666666666
3,141,13.383333333333333,54,MONITOR,42.20620051520938,40.12462102709089,45.12601832526798,30.652202109670526,STEADY,OK,44.55
3,142,13.45,54,MONITOR,42.13548916665877,40.05390967854028,45.05530697671737,30.57929054757223,STEADY,OK,44.483333333333334
3,143,13.516666666666667,54,MONITOR,42.06670813089865,39.985128642780154,44.98652594095724,30.5015465475285,STEADY,OK,44.416666666666664
3,144,13.583333333333334,54,MONITOR,41.99792709513852,39.91634760702003,44.91774490519712,30.42380254748476,STEADY,OK,44.349999999999994
3,145,13.65,54,MONITOR,41.92927295069365,39.84769346257516,44.84909076075225,30.355464119396522,STEADY,OK,44.28333333333333
3,146,14.033333333333333,54,MONITOR,41.54395213958212,39.462372651463625,44.463769949640714,29.973802547484766,STEADY,OK,43.9
3,147,14.1,55,MONITOR,41.476382790861855,39.39480330274336,44.39620060092045,29.90546411939652,STEADY,OK,43.83333333333333
3,148,14.166666666666666,55,MONITOR,41.40881344214159,39.3272339540231,44.32863125220019,29.837125691308273,STEADY,OK,43.766666666666666
3,149,14.216666666666667,55,MONITOR,41.35841703717405,39.27683754905556,44.278234847232646,29.786754847311144,STEADY,OK,43.71666666666666
3,150,14.283333333333333,55,MONITOR,41.29135396553984,39.20977447742135,44.21117177559844,29.71971733664735,STEADY,OK,43.65
3,151,14.35,55,MONITOR,41.219703455962154,39.13812396784366,44.13952126602075,29.65239701891452,STEADY,OK,43.58333333333333
3,152,14.416666666666666,55,MONITOR,41.14805294638447,39.066473458265975,44.067870756443064,29.5850767011817,STEADY,OK,43.516666666666666
3,153,14.783333333333333,56,MONITOR,40.786370122628824,38.70479063451033,43.70618793268742,29.21906368558119,STEADY,OK,43.15
3,154,14.85,56,MONITOR,40.72468729887317,38.64310781075468,43.64450510893177,29.15305066998068,STEADY,OK,43.08333333333333
3,155,14.9,56,MONITOR,40.66970345596216,38.588123967843664,43.58952126602075,29.103421513977814,STEADY,OK,43.03333333333333
3,156,14.966666666666667,56,MONITOR,40.59805294638446,38.51647345826597,43.51787075644306,29.03712569130827,STEADY,OK,42.96666666666666
3,157,15.033333333333333,56,MONITOR,40.52662258186618,38.445043093747685,43.446440391924774,28.97213078606319,STEADY,OK,42.9
3,158,15.1,56,MONITOR,40.45519221734789,38.3736127292294,43.37501002740649,28.907135880818096,STEADY,OK,42.83333333333333
3,159,15.166666666666666,56,MONITOR,40.386332667063414,38.30475317894492,43.30615047712201,28.8515465475285,STEADY,OK,42.766666666666666
3,160,15.233333333333333,57,MONITOR,40.31747311677893,38.235893628660435,43.237290926837524,28.795957214238896,STEADY,OK,42.699999999999996
3,161,15.3,57,MONITOR,40.2500439240999,38.168464435981406,43.169861734158495,28.730835384628914,STEADY,OK,42.633333333333326
3,162,15.366666666666667,57,MONITOR,40.18261473142086,38.10103524330237,43.10243254147946,28.665713555018925,STEADY,OK,42.56666666666666
3,163,15.416666666666666,57,MONITOR,40.1250928273624,38.04351333924391,43.044910637421,28.620413613393872,STEADY,OK,42.516666666666666
3,164,15.483333333333333,57,MONITOR,40.05090425663727,37.969324768518774,42.97072206669586,28.558447005102153,STEADY,OK,42.449999999999996
3,165,15.55,57,MONITOR,39.98407381242056,37.90249432430207,42.90389162247916,28.49568986303866,STEADY,OK,42.383333333333326
3,166,15.616666666666667,57,MONITOR,39.91724336820384,37.83566388008535,42.83706117826244,28.432932720975167,STEADY,OK,42.31666666666666
3,167,15.95,58,MONITOR,39.584073812420556,37.50249432430206,42.50389162247915,28.10022115625654,STEADY,OK,41.983333333333334
3,168,16.016666666666666,58,MONITOR,39.51724336820384,37.43566388008535,42.43706117826244,28.034176258204575,STEADY,OK,41.916666666666664
3,169,16.083333333333332,58,MONITOR,39.44905359576077,37.36747410764228,42.36887140581937,27.979492895489226,STEADY,OK,41.849999999999994
3,170,16.15,58,MONITOR,39.38086382331769,37.2992843351992,42.300681633376286,27.924809532773885,STEADY,OK,41.78333333333333
3,171,16.216666666666665,58,MONITOR,39.31240138907482,37.23082190095633,42.23221919913342,27.85957034237281,STEADY,OK,41.71666666666667
3,172,16.283333333333335,58,MONITOR,39.24393895483196,37.16235946671347,42.16375676489056,27.79433115197173,STEADY,OK,41.64999999999999
3,173,16.35,58,MONITOR,39.173215280916445,37.09163579279795,42.09303309097504,27.73092760564382,STEADY,OK,41.58333333333333
3,174,16.416666666666668,59,MONITOR,39.10249160700093,37.020912118882435,42.022309417059525,27.667524059315912,STEADY,OK,41.516666666666666
3,175,16.8,59,MONITOR,38.72321528091645,36.641635792797956,41.643033090975045,27.284335451595805,STEADY,OK,41.133333333333326
3,176,16.866666666666667,59,MONITOR,38.65249160700093,36.57091211888244,41.57230941705953,27.217813510542356,STEADY,OK,41.06666666666666
3,177,16.933333333333334,59,MONITOR,38.585144751867645,36.50356526374915,41.50496256192624,27.15201044647083,STEADY,OK,41.0
3,178,16.983333333333334,60,MONITOR,38.53446456340103,36.45288507528254,41.45428237345963,27.102874049065974,STEADY,OK,40.949999999999996
3,179,17.05,60,MONITOR,38.46771748268519,36.386137994566695,41.387535292743785,27.037617671715996,STEADY,OK,40.883333333333326
3,180,17.116666666666667,60,MONITOR,38.40097040196934,36.319390913850846,41.320788212027935,26.972361294366017,STEADY,OK,40.81666666666666
3,181,17.183333333333334,60,MONITOR,38.333246672179854,36.25166718406136,41.25306448223845,26.908729411106197,STEADY,OK,40.75
3,182,17.55,60,MONITOR,37.96763706863601,35.886057580517516,40.887454878694605,26.545097527846377,STEADY,OK,40.383333333333326
3,183,17.616666666666667,61,MONITOR,37.90105081601852,35.819471327900025,40.820868626077115,26.48220729262782,STEADY,OK,40.31666666666666
3,184,17.683333333333334,61,MONITOR,37.83430373530267,35.752724247184176,40.754121545361265,26.419317057409263,STEADY,OK,40.25
3,185,17.733333333333334,61,MONITOR,37.78371076506417,35.70213127694568,40.70352857512277,26.370272611531874,STEADY,OK,40.199999999999996
3,186,17.8,61,MONITOR,37.71645112815901,35.634871640040515,40.636268938217604,26.304561498987812,STEADY,OK,40.133333333333326
3,187,17.866666666666667,61,MONITOR,37.649320368608024,35.56774088048953,40.56913817866662,26.23931223723246,STEADY,OK,40.06666666666666
3,188,17.933333333333334,61,MONITOR,37.58218960905704,35.500610120938546,40.502007419115635,26.174062975477117,STEADY,OK,40.0
3,189,18.0,61,MONITOR,37.51450002470862,35.432920536590125,40.434317834767214,26.111131031387387,STEADY,OK,39.93333333333333
3,190,18.066666666666666,61,MONITOR,37.446810440360196,35.3652309522417,40.36662825041879,26.048199087297657,STEADY,OK,39.86666666666666
3,191,18.133333333333333,61,MONITOR,37.37848145488109,35.2969019667626,40.298299264939686,25.982176318107484,STEADY,OK,39.8
3,192,18.183333333333334,62,MONITOR,37.32681913606865,35.24523964795016,40.246636946127246,25.93282021558397,STEADY,OK,39.75
3,193,18.25,62,MONITOR,37.258847909066866,35.17726842094837,40.17866571912546,25.86625740248752,STEADY,OK,39.68333333333333
3,194,18.316666666666666,62,MONITOR,37.19087668206508,35.10929719394659,40.11069449212368,25.799694589391077,STEADY,OK,39.61666666666666
3,195,18.383333333333333,62,MONITOR,37.123376575929534,35.04179708781104,40.04319438598813,25.73404875661152,STEADY,OK,39.55
3,196,18.733333333333334,63,MONITOR,36.77421001539842,34.692630527279924,39.69402782545701,25.38506959049863,STEADY,OK,39.199999999999996
3,197,18.783333333333335,63,MONITOR,36.723376575929535,34.64179708781104,39.64319438598813,25.33676978629052,STEADY,OK,39.14999999999999
3,198,18.85,63,MONITOR,36.65587646979398,34.57429698167549,39.57569427985258,25.271803315415745,STEADY,OK,39.08333333333333
3,199,18.916666666666668,63,MONITOR,36.587884484610996,34.5063049964925,39.50770229466959,25.205304725082012,STEADY,OK,39.016666666666666
3,200,18.983333333333334,63,MONITOR,36.51989249942802,34.438313011309525,39.439710309486614,25.13880613474828,STEADY,OK,38.949999999999996
3,201,19.05,63,MONITOR,36.4496708946418,34.368091406523305,39.369488704700395,25.07243626524092,STEADY,OK,38.883333333333326
3,202,19.116666666666667,63,MONITOR,36.37944928985557,34.29786980173708,39.29926709991417,25.00606639573357,STEADY,OK,38.81666666666666
3,203,19.183333333333334,63,MONITOR,36.30914450508905,34.22756501697056,39.22896231514765,24.941547575414365,STEADY,OK,38.75
3,204,19.566666666666666,64,MONITOR,35.92217305365587,33.840593565537375,38.841990863714464,24.560362088428487,STEADY,OK,38.36666666666666
3,205,19.633333333333333,64,MONITOR,35.85483152280516,33.77325203468667,38.77464933286376,24.49421671894428,STEADY,OK,38.3
3,206,19.7,64,MONITOR,35.78748999195446,33.705910503835966,38.707307802013055,24.428071349460065,STEADY,OK,38.233333333333334
3,207,19.75,64,MONITOR,35.73639714244075,33.65481765432226,38.65621495249935,24.379371869260673,STEADY,OK,38.18333333333333
3,208,19.816666666666666,64,MONITOR,35.66863762626039,33.5870581381419,38.58845543631899,24.314005722394615,STEADY,OK,38.11666666666666
3,209,19.883333333333333,64,MONITOR,35.60154922630217,33.519969738183676,38.521367036360765,24.24812037358039,STEADY,OK,38.05
3,210,19.95,64,MONITOR,35.534460826343945,33.45288133822545,38.45427863640254,24.180672389061282,STEADY,OK,37.983333333333334
3,211,20.316666666666666,64,MONITOR,35.16821589296883,33.08663640485034,38.08803370302743,23.814787040247058,STEADY,OK,37.61666666666666
3,212,20.383333333333333,64,MONITOR,35.101127493010615,33.01954800489212,38.02094530306921,23.748901691432835,STEADY,OK,37.55
3,213,20.45,64,MONITOR,35.03389522087437,32.95231573275588,37.95371303093297,23.682825000930084,STEADY,OK,37.483333333333334
3,214,20.5,65,MONITOR,34.9833296154048,32.901750127286306,37.903147425463395,23.63341497709399,STEADY,OK,37.43333333333333
3,215,20.566666666666666,65,MONITOR,34.91401797647967,32.83243848836118,37.833835786538266,23.566158334263417,STEADY,OK,37.36666666666666
3,216,20.633333333333333,65,MONITOR,34.84470633755455,32.763126849436055,37.764524147613145,23.498901691432835,STEADY,OK,37.3
3,217,20.7,65,MONITOR,34.77797810484975,32.69639861673126,37.69779591490835,23.431453706913725,STEADY,OK,37.233333333333334
3,218,20.766666666666666,65,MONITOR,34.71124987214495,32.629670384026454,37.63106768220354,23.364005722394616,STEADY,OK,37.166666666666664
3,219,20.833333333333332,65,MONITOR,34.639765195380676,32.55818570726218,37.55958300543927,23.29603853592734,STEADY,OK,37.099999999999994
3,220,20.9,65,MONITOR,34.568280518616405,32.48670103049791,37.488098328675,23.228071349460066,STEADY,OK,37.03333333333333
3,221,20.966666666666665,65,MONITOR,34.50148103718948,32.419901549070985,37.421298847248075,23.160883385610948,STEADY,OK,36.96666666666667
3,222,21.016666666666666,65,MONITOR,34.45134822242922,32.369768734310725,37.371166032487814,23.110362088428488,STEADY,OK,36.916666666666664
3,223,21.083333333333332,65,MONITOR,34.38454031055353,32.30296082243504,37.30435812061213,23.041967642022765,STEADY,OK,36.849999999999994
3,224,21.15,65,MONITOR,34.31773239867785,32.236152910559355,37.237550208736444,22.973573195617043,STEADY,OK,36.78333333333333
3,225,21.5,65,MONITOR,33.96561813556836,31.884038647449874,36.88543594562696,22.62475894875022,STEADY,OK,36.43333333333333
3,226,21.566666666666666,65,MONITOR,33.896837205792224,31.815257717673735,36.81665501585082,22.556906528950375,STEADY,OK,36.36666666666666
3,227,21.633333333333333,65,MONITOR,33.82954792211402,31.747968433995528,36.74936573217261,22.48981979567531,STEADY,OK,36.3
3,228,21.683333333333334,66,MONITOR,33.778925305102476,31.697345816983987,36.69874311516107,22.439399729066903,STEADY,OK,36.25
3,229,21.75,66,MONITOR,33.71212045247774,31.630540964359252,36.63193826253634,22.37243626524092,STEADY,OK,36.18333333333333
3,230,21.816666666666666,66,MONITOR,33.64531559985301,31.563736111734517,36.5651334099116,22.305472801414947,STEADY,OK,36.11666666666666
3,231,21.883333333333333,66,MONITOR,33.57823433334341,31.49665484522492,36.498052143402006,22.238638058415347,STEADY,OK,36.05
3,232,21.95,66,MONITOR,33.51115306683381,31.429573578715324,36.43097087689241,22.171803315415747,STEADY,OK,35.983333333333334
3,233,22.333333333333332,66,MONITOR,33.12741687816404,31.045837390045552,36.04723468822264,21.788638058415348,STEADY,OK,35.599999999999994
3,234,22.4,66,MONITOR,33.060347356160925,30.978767868042436,35.98016516621952,21.722139468081615,STEADY,OK,35.53333333333333
3,235,22.466666666666665,66,MONITOR,32.98996405467915,30.90838456656066,35.909781864737745,21.655769598574256,STEADY,OK,35.46666666666667
3,236,22.533333333333335,66,MONITOR,32.919580753197366,30.838001265078876,35.83939856325596,21.58880613474828,STEADY,OK,35.39999999999999
3,237,22.6,66,MONITOR,32.852518470528246,30.770938982409756,35.77233628058684,21.52197139174868,STEADY,OK,35.33333333333333
3,238,22.65,66,MONITOR,32.8021228545258,30.72054336640731,35.721940664584395,21.471803315415748,STEADY,OK,35.28333333333333
3,239,22.716666666666665,66,MONITOR,32.734076282426926,30.652496794308437,35.65389409248552,21.40343645295719,STEADY,OK,35.21666666666667
3,240,23.083333333333332,67,MONITOR,32.36602971032805,30.28445022220956,35.285847520386646,21.038469982082415,STEADY,OK,34.849999999999994
3,241,23.15,67,MONITOR,32.29875946005814,30.217179971939654,35.21857727011674,20.97197139174868,STEADY,OK,34.78333333333333
3,242,23.216666666666665,67,MONITOR,32.231489209788236,30.149909721669747,35.15130701984683,20.90513664874908,STEADY,OK,34.71666666666667
3,243,23.283333333333335,67,MONITOR,32.16455422233368,30.08297473421519,35.084372032392274,20.83676978629052,STEADY,OK,34.64999999999999
3,244,23.35,67,MONITOR,32.097619234879126,30.016039746760637,35.01743704493772,20.768402923831964,STEADY,OK,34.58333333333333
3,245,23.4,67,MONITOR,32.046772605221356,29.965193117102867,34.96659041527995,20.717382089944856,STEADY,OK,34.53333333333333
3,246,23.466666666666665,67,MONITOR,31.97925930889691,29.89767982077842,34.8990771189555,20.64969458939108,STEADY,OK,34.46666666666667
3,247,23.533333333333335,67,MONITOR,31.910378525279693,29.828799037161204,34.830196335338286,20.582924069154185,STEADY,OK,34.39999999999999
3,248,23.6,67,MONITOR,31.841497741662472,29.759918253543983,34.76131555172107,20.516153548917302,STEADY,OK,34.33333333333333
3,249,23.666666666666668,67,MONITOR,31.774248207446593,29.692668719328104,34.694066017505186,20.44884298477415,STEADY,OK,34.266666666666666
3,250,23.733333333333334,67,MONITOR,31.70699867323072,29.625419185112232,34.62681648328932,20.38153242063099,STEADY,OK,34.199999999999996
3,251,23.8,67,MONITOR,31.637967260616843,29.556387772498354,34.557785070675436,20.31192218925521,STEADY,OK,34.133333333333326
3,252,23.866666666666667,67,MONITOR,31.568935848002972,29.487356359884483,34.48875365806157,20.242311957879437,STEADY,OK,34.06666666666666
3,253,23.916666666666668,67,MONITOR,31.51541715006262,29.433837661944132,34.435234960121214,20.191520800011606,STEADY,OK,34.016666666666666
3,254,24.266666666666666,68,MONITOR,31.161898452122273,29.080318964003784,34.08171626218087,19.84231195787944,STEADY,OK,33.666666666666664
3,255,24.333333333333332,68,MONITOR,31.094883851719903,29.013304363601414,34.014701661778496,19.77858885592188,STEADY,OK,33.599999999999994
3,256,24.4,68,MONITOR,31.027869251317533,28.946289763199044,33.94768706137613,19.714865753964325,STEADY,OK,33.53333333333333
3,257,24.466666666666665,68,MONITOR,30.960288493339757,28.878709005221268,33.88010630339835,19.648842984774152,STEADY,OK,33.46666666666667
3,258,24.516666666666666,68,MONITOR,30.909374402028647,28.827794913910157,33.82919221208724,19.599486882250638,STEADY,OK,33.416666666666664
3,259,24.583333333333332,68,MONITOR,30.8405333054834,28.75895381736491,33.760351115541994,19.532924069154188,STEADY,OK,33.349999999999994
3,260,24.65,68,MONITOR,30.77169220893815,28.69011272081966,33.691510018996745,19.466361256057745,STEADY,OK,33.28333333333333
3,261,24.716666666666665,68,MONITOR,30.703681971794,28.622102483675512,33.623499781852594,19.40071542327819,STEADY,OK,33.21666666666667
3,262,25.1,69,MONITOR,30.319005067983177,28.237425579864688,33.23882287804177,19.018402923831964,STEADY,OK,32.83333333333333
3,263,25.166666666666668,69,MONITOR,30.252251392878815,28.170671904760326,33.17206920293741,18.953436452957188,STEADY,OK,32.766666666666666
3,264,25.233333333333334,69,MONITOR,30.185497717774453,28.103918229655964,33.10531552783305,18.888469982082412,STEADY,OK,32.699999999999996
3,265,25.3,69,MONITOR,30.117007089094354,28.035427600975865,33.03682489915295,18.82197139174868,STEADY,OK,32.633333333333326
3,266,25.366666666666667,69,MONITOR,30.048516460414255,27.966936972295766,32.96833427047285,18.755472801414946,STEADY,OK,32.56666666666666
3,267,25.433333333333334,69,MONITOR,29.980375147353516,28.187834520827643,32.30610998520345,18.689102931907588,STEADY,OK,32.5
3,268,25.5,69,MONITOR,29.912233834292785,28.11969320776691,32.23796867214272,18.622733062400236,STEADY,OK,32.43333333333333
3,269,25.85,70,MONITOR,29.56370848068685,27.771167854160975,31.889443318536784,18.27315312900864,STEADY,OK,32.08333333333333
3,270,25.916666666666668,70,MONITOR,29.495567167626117,27.703026541100243,31.821302005476053,18.206906528950373,STEADY,OK,32.016666666666666
3,271,25.983333333333334,70,MONITOR,29.427812925167444,27.63527229864157,31.75354776301738,18.141425615416885,STEADY,OK,31.949999999999996
3,272,26.05,70,MONITOR,29.360058682708765,27.56751805618289,31.6857935205587,18.075944701883397,STEADY,OK,31.88333333333333
3,273,26.116666666666667,70,MONITOR,29.29284701409872,27.500306387572845,31.618581851948655,18.00982006182261,STEADY,OK,31.816666666666663
3,274,26.183333333333334,70,MONITOR,29.225635345488673,27.4330947189628,31.55137018333861,17.94369542176182,STEADY,OK,31.749999999999996
3,275,26.233333333333334,70,MONITOR,29.171590920969216,27.379050294443342,31.49732575881915,17.89421671894428,STEADY,OK,31.699999999999996
3,276,26.3,70,MONITOR,29.100879829783093,27.30833920325722,31.42661466763303,17.828071349460064,STEADY,OK,31.63333333333333
3,277,26.366666666666667,71,MONITOR,29.03353831968044,27.240997693154565,31.359273157530374,17.762705202594006,STEADY,OK,31.566666666666663
3,278,26.433333333333334,71,MONITOR,28.966196809577784,27.17365618305191,31.29193164742772,17.697339055727948,STEADY,OK,31.499999999999996
3,279,26.5,71,MONITOR,28.899062142556396,27.106521516030522,31.22479698040633,17.631453706913724,STEADY,OK,31.43333333333333
3,280,26.566666666666666,71,MONITOR,28.831927475535007,27.039386849009134,31.157662313384943,17.5655683580995,STEADY,OK,31.366666666666664
3,281,26.633333333333333,71,MONITOR,28.765167831910325,26.972627205384452,31.09090266976026,17.49949166759675,STEADY,OK,31.299999999999997
3,282,26.7,71,MONITOR,28.698408188285644,26.90586756175977,31.02414302613558,17.433414977093992,STEADY,OK,31.23333333333333
3,283,27.033333333333335,72,MONITOR,28.363434977496954,26.57089435097108,30.68916981534689,17.10097427445393,STEADY,OK,30.899999999999995
3,284,27.1,72,MONITOR,28.295128433374934,26.50258780684906,30.62086327122487,17.035200238480535,STEADY,OK,30.83333333333333
3,285,27.166666666666668,72,MONITOR,28.22770024693688,26.435159620411007,30.553435084786816,16.96905145587292,STEADY,OK,30.766666666666662
3,286,27.233333333333334,72,MONITOR,28.16027206049882,26.367731433972946,30.486006898348755,16.90290267326531,STEADY,OK,30.699999999999996
3,287,27.3,72,MONITOR,28.092697177810503,26.30015655128463,30.41843201566044,16.836432364135863,STEADY,OK,30.63333333333333
3,288,27.366666666666667,72,MONITOR,28.025122295122195,26.23258166859632,30.35085713297213,16.769962055006417,STEADY,OK,30.566666666666663
3,289,27.416666666666668,72,MONITOR,27.97451812828704,26.181977501761168,30.300252966136977,16.719977457393572,STEADY,OK,30.516666666666662
3,290,27.483333333333334,72,MONITOR,27.907247294785222,26.11470666825935,30.232982132635158,16.653326193114054,STEADY,OK,30.449999999999996
3,291,27.883333333333333,73,MONITOR,27.507851461620376,25.715310835094503,29.833586299470312,16.253468413662475,STEADY,OK,30.049999999999997
3,292,27.933333333333334,73,MONITOR,27.45845562845553,25.665915001929655,29.784190466305464,16.203610634210893,STEADY,OK,29.999999999999996
3,293,28.0,73,MONITOR,27.39118479495371,25.598644168427835,29.716919632803645,16.1377179311788,STEADY,OK,29.93333333333333
3,294,28.066666666666666,73,MONITOR,27.32391396145189,25.531373334926016,29.649648799301826,16.071825228146697,STEADY,OK,29.866666666666664
3,295,28.133333333333333,73,MONITOR,27.253476329835728,25.460935703309854,29.579211167685663,16.006122541322902,STEADY,OK,29.799999999999997
3,296,28.2,73,MONITOR,27.183038698219573,25.3904980716937,29.50877353606951,15.940419854499101,STEADY,OK,29.73333333333333
3,297,28.266666666666666,73,MONITOR,27.11368868895795,25.321148062432076,29.439423526807886,15.874678210021052,STEADY,OK,29.666666666666664
3,298,28.633333333333333,74,MONITOR,26.74970536488624,24.957164738360365,29.075440202736175,15.508936565543003,STEADY,OK,29.299999999999997
3,299,28.683333333333334,74,MONITOR,26.703476329835727,24.910935703309853,29.029211167685663,15.460275339201079,STEADY,OK,29.249999999999996
3,300,28.75,74,MONITOR,26.640580628118556,24.848040001592683,28.966315465968492,15.39494744619249,STEADY,OK,29.18333333333333
3,301,28.816666666666666,74,MONITOR,26.57121265737651,24.778672030850636,28.896947495226446,15.328607163531057,STEADY,OK,29.116666666666664
3,302,28.883333333333333,74,MONITOR,26.501844686634463,24.70930406010859,28.8275795244844,15.262266880869618,STEADY,OK,29.049999999999997
3,303,28.95,74,MONITOR,26.43410835909369,24.641567732567815,28.759843196943624,15.196663232514897,STEADY,OK,28.98333333333333
3,304,29.016666666666666,74,MONITOR,26.366372031552906,24.573831405027033,28.692106869402842,15.13105958416017,STEADY,OK,28.916666666666664
3,305,29.083333333333332,75,MONITOR,26.297022022291284,24.50448139576541,28.62275686014122,15.074580992084389,STEADY,OK,28.849999999999998
3,306,29.15,75,MONITOR,26.227672013029668,24.435131386503794,28.553406850879604,15.018102400008615,STEADY,OK,28.78333333333333
3,307,29.2,75,MONITOR,26.17761246328732,24.385071836761448,28.503347301137257,14.970542710817288,STEADY,OK,28.73333333333333
3,308,29.266666666666666,75,MONITOR,26.110886246878316,24.318345620352442,28.43662108472825,14.906316354959287,STEADY,OK,28.666666666666664
3,309,29.333333333333332,75,MONITOR,26.043935147369208,24.251394520843334,28.369669985219144,14.839993029030897,STEADY,OK,28.599999999999998
3,310,29.4,75,MONITOR,25.976984047860093,24.18444342133422,28.30271888571003,14.773669703102506,STEADY,OK,28.53333333333333
3,311,29.466666666666665,75,MONITOR,25.909473537385768,24.116932910859894,28.235208375235704,14.707493230742745,STEADY,OK,28.466666666666665
3,312,29.8,76,MONITOR,25.57698404786009,23.784443421334217,27.902718885710026,14.374650091716315,STEADY,OK,28.13333333333333
3,313,29.866666666666667,76,MONITOR,25.510601814035873,23.71806118751,27.83633665188581,14.313317759710024,STEADY,OK,28.066666666666663
3,314,29.933333333333334,76,MONITOR,25.443650714526758,23.651110088000884,27.769385552376693,14.251985427703733,STEADY,OK,27.999999999999996
3,315,30.0,76,MONITOR,25.376140204052433,23.58359957752656,27.70187504190237,14.191395999666497,STEADY,OK,27.93333333333333
3,316,30.066666666666666,76,MONITOR,25.308629693578116,23.516089067052242,27.63436453142805,14.130806571629268,STEADY,OK,27.866666666666664
3,317,30.133333333333333,76,MONITOR,25.239835384558226,23.447294758032353,27.565570222408162,14.064221970905685,STEADY,OK,27.799999999999997
3,318,30.2,76,MONITOR,25.171041075538337,23.378500449012463,27.496775913388273,13.997637370182094,STEADY,OK,27.73333333333333
3,319,30.266666666666666,76,MONITOR,25.104040550843933,23.31149992431806,27.42977538869387,13.933059982974669,STEADY,OK,27.666666666666664
3,320,30.65,77,MONITOR,24.721041075538338,22.928500449012464,27.046775913388274,13.551815929100577,STEADY,OK,27.28333333333333
3,321,30.716666666666665,77,MONITOR,24.656502051224894,22.86396142469902,26.98223688907483,13.491484627227361,STEADY,OK,27.216666666666665
3,322,30.783333333333335,77,MONITOR,24.591963026911447,22.799422400385573,26.917697864761383,13.431153325354142,STEADY,OK,27.149999999999995
3,323,30.833333333333332,77,MONITOR,24.5428068707191,22.750266244193227,26.868541708569037,13.387012858365406,STEADY,OK,27.099999999999998
3,324,30.9,77,MONITOR,24.475296360244784,22.68275573371891,26.80103119809472,13.326205724710007,STEADY,OK,27.03333333333333
3,325,30.966666666666665,78,MONITOR,24.406502051224894,22.61396142469902,26.73223688907483,13.259794166618153,STEADY,OK,26.966666666666665
3,326,31.033333333333335,78,MONITOR,24.337707742205,22.545167115679128,26.663442580054937,13.193382608526296,STEADY,OK,26.899999999999995
3,327,31.4,78,MONITOR,23.97316871789156,22.180628091365687,26.298903555741497,12.827088777146066,STEADY,OK,26.53333333333333
3,328,31.466666666666665,78,MONITOR,23.908629693578117,22.116089067052243,26.234364531428053,12.760794945765827,STEADY,OK,26.466666666666665
3,329,31.533333333333335,78,MONITOR,23.842806870719098,22.050266244193224,26.168541708569034,12.69727603329758,STEADY,OK,26.399999999999995
3,330,31.583333333333332,79,MONITOR,23.79196302691145,21.999422400385576,26.117697864761386,12.650423787496006,STEADY,OK,26.349999999999998
3,331,31.65,79,MONITOR,23.72316871789156,21.930628091365687,26.048903555741497,12.584014518728758,STEADY,OK,26.28333333333333
3,332,31.716666666666665,79,MONITOR,23.65437440887167,21.861833782345798,25.980109246721607,12.517605249961509,STEADY,OK,26.216666666666665
3,333,31.783333333333335,79,MONITOR,23.587373884177264,21.79483325765139,25.9131087220272,12.451032633685063,STEADY,OK,26.149999999999995
3,334,31.85,79,MONITOR,23.520373359482868,21.727832732956994,25.846108197332804,12.384460017408621,STEADY,OK,26.08333333333333
3,335,31.916666666666668,79,MONITOR,23.45314530694773,21.660604680421855,25.778880144797665,12.320849575176577,STEADY,OK,26.016666666666662
3,336,31.983333333333334,79,MONITOR,23.38591725441259,21.593376627886716,25.711652092262526,12.257239132944534,STEADY,OK,25.949999999999996
3,337,32.05,79,MONITOR,23.318420471149835,21.52587984462396,25.64415530899977,12.194686183751884,STEADY,OK,25.883333333333333
3,338,32.11666666666667,79,MONITOR,23.25092368788708,21.458383061361207,25.576658525737017,12.132133234559227,STEADY,OK,25.816666666666663
3,339,32.166666666666664,80,MONITOR,23.19994171906449,21.407401092538617,25.525676556914426,12.083873602663296,STEADY,OK,25.766666666666666
3,340,32.233333333333334,80,MONITOR,23.132293083575227,21.339752457049354,25.458027921425163,12.018947304100692,STEADY,OK,25.699999999999996
3,341,32.583333333333336,80,MONITOR,22.781440461474524,20.98889983494865,25.10717529932446,11.672203035761363,STEADY,OK,25.349999999999994
3,342,32.65,80,MONITOR,22.713921172707153,20.92138054618128,25.03965601055709,11.608792100755366,STEADY,OK,25.28333333333333
3,343,32.71666666666667,80,MONITOR,22.64434328019496,20.851802653669086,24.970078118044896,11.542569775643557,STEADY,OK,25.21666666666666
3,344,32.766666666666666,81,MONITOR,22.59143205434944,20.798891427823566,24.917166892199376,11.493014117198413,STEADY,OK,25.166666666666664
3,345,32.833333333333336,81,MONITOR,22.52453893133915,20.731998304813278,24.850273769189087,11.427751044822202,STEADY,OK,25.099999999999994
3,346,32.9,81,MONITOR,22.45764580832887,20.665105181802996,24.783380646178806,11.362487972445997,STEADY,OK,25.03333333333333
3,347,32.96666666666667,81,MONITOR,22.390704019329092,20.59816339280322,24.71643885717903,11.296325399539356,STEADY,OK,24.96666666666666
3,348,33.03333333333333,81,MONITOR,22.32376223032933,20.531221603803456,24.649497068179265,11.230162826632721,STEADY,OK,24.9
3,349,33.416666666666664,82,MONITOR,21.940704019329097,20.148163392803223,24.266438857179033,10.849794996465377,STEADY,OK,24.516666666666666
3,350,33.483333333333334,82,MONITOR,21.874312474995534,20.08177184846966,24.20004731284547,10.786093832964696,STEADY,OK,24.449999999999996
3,351,33.55,82,MONITOR,21.80787226467249,20.015331638146616,24.133607102522426,10.721749087958031,STEADY,OK,24.383333333333333
3,352,33.61666666666667,82,MONITOR,21.74143205434944,19.948891427823565,24.067166892199374,10.65740434295136,STEADY,OK,24.316666666666663
3,353,33.68333333333333,82,MONITOR,21.674538931339157,19.881998304813283,24.000273769189093,10.59156113658878,STEADY,OK,24.25
3,354,33.75,82,MONITOR,21.60764580832887,19.815105181802995,23.933380646178804,10.525717930226193,STEADY,OK,24.18333333333333
3,355,33.8,82,MONITOR,21.557370685995764,19.76483005946989,23.8831055238457,10.47582110123038,STEADY,OK,24.133333333333333
3,356,34.166666666666664,83,MONITOR,21.190979141662204,19.39843851513633,23.51671397951214,10.109257605567898,STEADY,OK,23.766666666666666
3,357,34.233333333333334,83,MONITOR,21.124538931339153,19.33199830481328,23.45027376918909,10.043736051323172,STEADY,OK,23.699999999999996
3,358,34.3,83,MONITOR,21.05809872101611,19.265558094490235,23.383833558866044,9.978214497078454,STEADY,OK,23.633333333333333
3,359,34.36666666666667,83,MONITOR,20.993549728002627,19.201009101476753,23.319284565852563,9.91372952264944,STEADY,OK,23.566666666666663
3,360,34.43333333333333,83,MONITOR,20.924765387682775,19.132224761156902,23.25050022553271,9.849244548220433,STEADY,OK,23.5
3,361,34.5,83,MONITOR,20.857872264672487,19.065331638146613,23.183607102522423,9.782607794207422,STEADY,OK,23.43333333333333
3,362,34.56666666666667,83,MONITOR,20.7909791416622,18.998438515136325,23.116713979512134,9.715971040194411,STEADY,OK,23.36666666666666
3,363,34.61666666666667,84,MONITOR,20.740704019329094,18.94816339280322,23.06643885717903,9.668040446875061,STEADY,OK,23.316666666666663
3,364,34.68333333333333,84,MONITOR,20.67376223032933,18.881221603803457,22.999497068179267,9.603443186889045,STEADY,OK,23.25
3,365,34.75,84,MONITOR,20.606989741623266,18.814449115097393,22.932724579473202,9.539538929194052,STEADY,OK,23.18333333333333
3,366,34.81666666666667,84,MONITOR,20.540217252917202,18.74767662639133,22.865952090767138,9.475634671499058,STEADY,OK,23.11666666666666
3,367,34.88333333333333,84,MONITOR,20.4714368253181,18.678896198792227,22.797171663168037,9.409891680071532,STEADY,OK,23.049999999999997
3,368,34.95,84,MONITOR,20.402656397719,18.610115771193126,22.728391235568935,9.344148688643998,STEADY,OK,22.983333333333327
3,369,35.016666666666666,84,MONITOR,20.335865584758096,18.543324958232223,22.661600422608032,9.278746433041007,STEADY,OK,22.916666666666664
3,370,35.35,85,MONITOR,20.002656397719,18.210115771193127,22.328391235568937,8.946677510771345,STEADY,OK,22.58333333333333
3,371,35.416666666666664,85,MONITOR,19.93633799740779,18.187959275534823,22.23824938326188,8.88011185345075,STEADY,OK,22.516666666666666
3,372,35.483333333333334,85,MONITOR,19.869323064385668,18.1209443425127,22.17123445023976,8.813546196130154,STEADY,OK,22.449999999999996
3,373,35.55,85,MONITOR,19.802532251424765,18.054153529551797,22.104443637278855,8.747588685927624,STEADY,OK,22.383333333333333
3,374,35.61666666666667,85,MONITOR,19.735741438463855,17.987362716590887,22.037652824317945,8.68163117572508,STEADY,OK,22.316666666666663
3,375,35.68333333333333,85,MONITOR,19.669001373500414,17.920622651627447,21.970912759354505,8.614255352594292,STEADY,OK,22.25
3,376,35.75,85,MONITOR,19.602261308536974,17.853882586664007,21.904172694391065,8.546879529463489,STEADY,OK,22.18333333333333
3,377,35.8,86,MONITOR,19.552157790428097,17.80377906855513,21.854069176282188,8.496778520117417,STEADY,OK,22.133333333333333
3,378,36.2,86,MONITOR,19.15226130853697,17.403882586664004,21.454172694391062,8.096879529463486,STEADY,OK,21.733333333333327
3,379,36.266666666666666,86,MONITOR,19.08566804016708,17.33728931829411,21.38757942602117,8.030922019260956,STEADY,OK,21.666666666666664
3,380,36.31666666666667,87,MONITOR,19.03574143846385,17.287362716590884,21.337652824317942,7.981631175725077,STEADY,OK,21.61666666666666
3,381,36.38333333333333,87,MONITOR,18.96919891809143,17.22082019621846,21.27111030394552,7.915138522213574,STEADY,OK,21.549999999999997
3,382,36.45,87,MONITOR,18.902656397719,17.154277675846032,21.20456778357309,7.848645868702057,STEADY,OK,21.483333333333327
3,383,36.516666666666666,87,MONITOR,18.83633799740779,17.08795927553482,21.13824938326188,7.783447756842122,STEADY,OK,21.416666666666664
3,384,36.583333333333336,87,MONITOR,18.77001959709657,17.021640875223603,21.07193098295066,7.718249644982187,STEADY,OK,21.349999999999994
3,385,36.95,88,MONITOR,18.40511842500689,16.656739703133923,20.70702981086098,7.352732455688013,STEADY,OK,20.983333333333327
3,386,37.016666666666666,88,MONITOR,18.340217252917206,16.59183853104424,20.642128638771297,7.287215266393851,STEADY,OK,20.916666666666664
3,387,37.06666666666667,88,MONITOR,18.290323074956596,16.54194435308363,20.592234460810687,7.239276326496416,STEADY,OK,20.86666666666666
3,388,37.13333333333333,88,MONITOR,18.223762230329328,16.47538350845636,20.52567361618342,7.1746707199323225,STEADY,OK,20.799999999999997
3,389,37.2,88,MONITOR,18.157370685995758,16.40899196412279,20.45928207184985,7.108244423579997,STEADY,OK,20.733333333333327
3,390,37.266666666666666,88,MONITOR,18.090979141662203,16.342600419789235,20.392890527516293,7.041818127227678,STEADY,OK,20.666666666666664
3,391,37.333333333333336,88,MONITOR,18.024037352662425,16.275658630789458,20.325948738516516,6.976106916216203,STEADY,OK,20.599999999999994
3,392,37.4,89,MONITOR,17.957095563662662,16.208716841789695,20.259006949516753,6.910395705204728,STEADY,OK,20.53333333333333
3,393,37.46666666666667,89,MONITOR,17.890323074956598,16.14194435308363,20.19223446081069,6.844003177304138,STEADY,OK,20.46666666666666
3,394,37.53333333333333,89,MONITOR,17.82355058625054,16.075171864377573,20.12546197210463,6.777610649403556,STEADY,OK,20.4
3,395,37.583333333333336,89,MONITOR,17.771785091673557,16.02340636980059,20.073696477527648,6.727336510637471,STEADY,OK,20.349999999999994
3,396,37.65,89,MONITOR,17.703352930429908,15.95497420855694,20.005264316284,6.660395705204728,STEADY,OK,20.28333333333333
3,397,37.71666666666667,89,MONITOR,17.636337997407786,15.887959275534818,19.938249383261876,6.59277358288287,STEADY,OK,20.21666666666666
3,398,37.78333333333333,89,MONITOR,17.56932306438567,15.820944342512703,19.87123445023976,6.525151460561013,STEADY,OK,20.15
3,399,38.13333333333333,90,MONITOR,17.21967133074112,15.471292608868154,19.521582716595212,6.176106916216206,STEADY,OK,19.799999999999997
3,400,38.18333333333333,90,MONITOR,17.170019597096577,15.42164087522361,19.471930982950667,6.127062371871396,STEADY,OK,19.75
3,401,38.25,90,MONITOR,17.105118425006893,15.356739703133925,19.407029810860983,6.060669843970807,STEADY,OK,19.68333333333333
3,402,38.31666666666667,90,MONITOR,17.040137591483386,15.291758869610419,19.342048977337477,5.994277316070217,STEADY,OK,19.61666666666666
3,403,38.38333333333333,90,MONITOR,16.971745260956645,15.223366539083678,19.273656646810736,5.928091399357449,STEADY,OK,19.549999999999997
3,404,38.45,91,MONITOR,16.903352930429904,15.154974208556936,19.205264316283994,5.86190548264468,STEADY,OK,19.483333333333327
3,405,38.516666666666666,91,MONITOR,16.83633799740779,15.087959275534821,19.13824938326188,5.796535518022239,STEADY,OK,19.416666666666664
3,406,38.583333333333336,91,MONITOR,16.769323064385667,15.0209443425127,19.071234450239757,5.731165553399798,STEADY,OK,19.349999999999994
3,407,38.96666666666667,92,MONITOR,16.386337997407786,14.637959275534818,18.688249383261876,5.348093660244608,STEADY,OK,18.96666666666666
3,408,39.03333333333333,92,MONITOR,16.320019597096575,14.571640875223608,18.621930982950666,5.281688433756088,STEADY,OK,18.9
3,409,39.1,92,MONITOR,16.255078594289976,14.506699872417009,18.556989980144067,5.215759961177355,STEADY,OK,18.83333333333333
3,410,39.166666666666664,92,MONITOR,16.190137591483392,14.441758869610425,18.492048977337483,5.149831488598629,STEADY,OK,18.766666666666666
3,411,39.233333333333334,92,MONITOR,16.12351075553363,14.375132033660663,18.42542214138772,5.085985213221967,STEADY,OK,18.699999999999996
3,412,39.28333333333333,92,MONITOR,16.07355058625054,14.325171864377573,18.37546197210463,5.038805604511978,STEADY,OK,18.65
3,413,39.35,92,MONITOR,16.006989741623265,14.258611019750298,18.308901127477355,4.972295472235693,STEADY,OK,18.58333333333333
3,414,39.71666666666667,93,MONITOR,15.640428896995992,13.892050175123025,17.942340282850083,4.605785339959418,STEADY,OK,18.21666666666666
3,415,39.78333333333333,93,MONITOR,15.57403735266243,13.825658630789462,17.87594873851652,4.54012834546829,STEADY,OK,18.15
3,416,39.85,93,MONITOR,15.507645808328867,13.7592670864559,17.809557194182958,4.474471350977147,STEADY,OK,18.08333333333333
3,417,39.916666666666664,93,MONITOR,15.441205598005823,13.692826876132855,17.743116983859913,4.409248206804904,STEADY,OK,18.016666666666666
3,418,39.96666666666667,94,MONITOR,15.391432054349437,13.64305333247647,17.693343440203527,4.360691729299319,STEADY,OK,17.96666666666666
3,419,40.03333333333333,94,MONITOR,15.326883061335963,13.578504339462995,17.628794447190053,4.294802201625686,STEADY,OK,17.9
3,420,40.1,94,MONITOR,15.262334068322481,13.513955346449514,17.56424545417657,4.2289126739520455,STEADY,OK,17.83333333333333
3,421,40.166666666666664,94,MONITOR,15.196460953848153,13.448082231975185,17.498372339702243,4.16237707084381,STEADY,OK,17.766666666666666
3,422,40.233333333333334,94,MONITOR,15.130587839373817,13.38220911750085,17.432499225227907,4.095841467735568,STEADY,OK,17.699999999999996
3,423,40.3,94,MONITOR,15.064773794807863,13.316395072934895,17.366685180661953,4.029475843216119,STEADY,OK,17.633333333333333
3,424,40.36666666666667,94,MONITOR,14.998959750241895,13.288440887835483,17.2907636951475,3.96311021869667,STEADY,OK,17.566666666666663
3,425,40.43333333333333,94,MONITOR,14.933275052397825,13.222756189991413,17.22507899730343,3.897356186343224,STEADY,OK,17.5
3,426,40.5,94,MONITOR,14.867590354553748,13.157071492147336,17.159394299459354,3.8316021539897633,STEADY,OK,17.43333333333333
3,427,40.55,95,MONITOR,14.816608385731158,13.106089523324746,17.108412330636764,3.7841192880756864,STEADY,OK,17.383333333333333
3,428,40.9,95,MONITOR,14.46759035455375,12.757071492147338,16.759394299459355,3.4366364221616053,STEADY,OK,17.03333333333333
3,429,40.96666666666667,95,MONITOR,14.401535219190492,12.69101635678408,16.6933391640961,3.3714242344055165,STEADY,OK,16.96666666666666
3,430,41.03333333333333,96,MONITOR,14.335480083827235,12.624961221420824,16.62728402873284,3.306212046649435,STEADY,OK,16.9
3,431,41.1,96,MONITOR,14.269032002453244,12.558513140046832,16.56083594735885,3.2403873504655323,STEADY,OK,16.83333333333333
3,432,41.166666666666664,96,MONITOR,14.202146750493903,12.491627888087491,16.49395069539951,3.174562654281644,STEADY,OK,16.766666666666666
3,433,41.21666666666667,96,MONITOR,14.151535219190492,12.44101635678408,16.4433391640961,3.12840267548917,STEADY,OK,16.71666666666666
3,434,41.28333333333333,96,MONITOR,14.084257021220417,12.373738158814005,16.376060966126023,3.06557603003003,STEADY,OK,16.65
3,435,41.35,96,MONITOR,14.016608385731153,12.306089523324742,16.30841233063676,2.999210689578497,STEADY,OK,16.58333333333333
3,436,41.733333333333334,97,MONITOR,13.634257021220414,11.923738158814002,15.92606096612602,2.6161786824603013,STEADY,OK,16.199999999999996
3,437,41.8,97,MONITOR,13.568201885857164,11.857683023450752,15.86000583076277,2.551062392040876,STEADY,OK,16.133333333333333
3,438,41.86666666666667,97,MONITOR,13.5021467504939,11.791627888087488,15.793950695399506,2.485946101621444,STEADY,OK,16.066666666666663
3,439,41.93333333333333,97,MONITOR,13.435698669119915,11.725179806713504,15.727502614025521,2.419548439852832,STEADY,OK,16.0
3,440,42.0,97,MONITOR,13.369250587745924,11.658731725339512,15.66105453265153,2.3531507780842134,STEADY,OK,15.93333333333333
3,441,42.06666666666667,97,MONITOR,13.303145306947727,11.592626444541315,15.594949251853333,2.2873599383157597,STEADY,OK,15.86666666666666
3,442,42.13333333333333,97,MONITOR,13.237040026149536,11.526521163743125,15.528843971055142,2.221569098547313,STEADY,OK,15.799999999999997
3,443,42.483333333333334,98,MONITOR,12.887373884177265,11.176855021770853,15.179177829082871,1.8740202427015475,STEADY,OK,15.449999999999996
3,444,42.55,98,MONITOR,12.82104107553834,11.110522213131928,15.112845020443945,1.8098047201891205,STEADY,OK,15.383333333333333
3,445,42.61666666666667,98,MONITOR,12.75589344996505,11.045374587558639,15.047697394870656,1.7436018184939002,STEADY,OK,15.316666666666663
3,446,42.68333333333333,98,MONITOR,12.690745824391762,10.98022696198535,14.982549769297368,1.677398916798687,STEADY,OK,15.25
3,447,42.75,98,MONITOR,12.624687758984933,10.914168896578522,14.91649170389054,1.6120981333116333,STEADY,OK,15.18333333333333
3,448,42.81666666666667,98,MONITOR,12.558322695520026,10.847803833113614,14.850126640425632,1.5467973498245726,STEADY,OK,15.11666666666666
3,449,42.88333333333333,98,MONITOR,12.491200926622561,10.78068206421615,14.783004871528167,1.4806387270458075,STEADY,OK,15.049999999999997
3,450,42.95,98,MONITOR,12.424079157725089,10.713560295318677,14.715883102630695,1.4144801042670423,STEADY,OK,14.983333333333327
3,451,43.0,98,MONITOR,12.372560116631718,10.662041254225306,14.664364061537324,1.364836139270352,STEADY,OK,14.93333333333333
3,452,43.06666666666667,98,MONITOR,12.304374408871666,10.593855546465255,14.596178353777272,1.298525507606989,STEADY,OK,14.86666666666666
3,453,43.13333333333333,98,MONITOR,12.237373884177266,10.526855021770855,14.529177829082872,1.232224060531884,STEADY,OK,14.799999999999997
3,454,43.2,99,MONITOR,12.170373359482866,10.459854497076455,14.462177304388472,1.1659226134567788,STEADY,OK,14.733333333333327
3,455,43.266666666666666,99,MONITOR,12.10314530694773,10.39262644454132,14.394949251853337,1.1036267571825036,STEADY,OK,14.666666666666664
3,456,43.333333333333336,99,MONITOR,12.035917254412588,10.325398392006177,14.327721199318194,1.0413309009082212,STEADY,OK,14.599999999999994
3,457,43.666666666666664,99,MONITOR,11.702365335786581,9.99184647338017,13.994169280692187,0.7087033312741085,STEADY,OK,14.266666666666666
3,458,43.733333333333334,99,MONITOR,11.635480083827233,9.924961221420821,13.927284028732839,0.6427424283066543,STEADY,OK,14.199999999999996
3,459,43.8,99,MONITOR,11.568201885857164,9.857683023450752,13.86000583076277,0.5767790282478842,STEADY,OK,14.133333333333333
3,460,43.86666666666667,99,MONITOR,11.50092368788708,9.79040482548067,13.792727632792687,0.510815628189107,STEADY,OK,14.066666666666663
3,461,43.93333333333333,99,MONITOR,11.433275052397825,9.722756189991413,13.72507899730343,0.445454241848374,STEADY,OK,14.0
3,462,44.0,100,MONITOR,11.365626416908562,9.65510755450215,13.657430361814168,0.38009285550762684,STEADY,OK,13.93333333333333
3,463,44.06666666666667,100,MONITOR,11.29810712814119,9.587588265734778,13.589911073046796,0.3145914781000343,STEADY,OK,13.86666666666666
3,464,44.13333333333333,100,MONITOR,11.230587839373818,9.520068976967407,13.522391784279424,0.24909010069244886,STEADY,OK,13.799999999999997
3,465,44.516666666666666,100,MONITOR,10.846460953848151,9.13594209144174,13.138264898753757,0.0,ACCELERATED,WATCH,13.416666666666664
3,466,44.583333333333336,100,MONITOR,10.779000734989147,9.068481872582735,13.070804679894753,0.0,ACCELERATED,WATCH,13.349999999999994
3,467,44.63333333333333,100,MONITOR,10.726883061335961,9.01636419892955,13.018687006241567,0.0,ACCELERATED,WATCH,13.299999999999997
3,468,44.7,100,MONITOR,10.658098721016103,8.947579858609691,12.949902665921709,0.0,ACCELERATED,WATCH,13.233333333333327
3,469,44.766666666666666,100,MONITOR,10.591205598005821,8.88068673559941,12.883009542911427,0.0,ACCELERATED,WATCH,13.166666666666664
3,470,44.833333333333336,101,MONITOR,10.524312474995533,8.813793612589121,12.816116419901139,0.0,ACCELERATED,WATCH,13.099999999999994
3,471,44.9,101,MONITOR,10.457370685995762,8.74685182358935,12.749174630901368,0.0,ACCELERATED,WATCH,13.033333333333331
3,472,45.266666666666666,101,MONITOR,10.090979141662203,8.380460279255791,12.382783086567809,0.0,ACCELERATED,WATCH,12.666666666666664
3,473,45.333333333333336,101,MONITOR,10.024538931339151,8.31402006893274,12.316342876244757,0.0,ACCELERATED,WATCH,12.599999999999994
3,474,45.38333333333333,101,MONITOR,9.974765387682773,8.288232667752759,12.289720323392398,0.0,ACCELERATED,WATCH,12.549999999999997
3,475,45.45,101,MONITOR,9.907872264672484,8.22133954474247,12.22282720038211,0.0,ACCELERATED,WATCH,12.483333333333327
3,476,45.516666666666666,101,MONITOR,9.840979141662203,8.154446421732189,12.155934077371828,0.0,ACCELERATED,PLAN_REPLACEMENT,12.416666666666664
3,477,45.583333333333336,102,MONITOR,9.774037352662425,8.087504632732411,12.08899228837205,0.0,ACCELERATED,PLAN_REPLACEMENT,12.349999999999994
3,478,45.65,102,MONITOR,9.707095563662662,8.020562843732648,12.022050499372288,0.0,ACCELERATED,PLAN_REPLACEMENT,12.283333333333331
3,479,45.71666666666667,102,MONITOR,9.640323074956598,7.953790355026584,11.955278010666223,0.0,ACCELERATED,PLAN_REPLACEMENT,12.216666666666661
3,480,45.78333333333333,102,MONITOR,9.57355058625054,7.887017866320527,11.888505521960166,0.0,ACCELERATED,PLAN_REPLACEMENT,12.149999999999999
3,481,45.85,102,MONITOR,9.506844088866963,7.820311368936949,11.821799024576588,0.0,ACCELERATED,PLAN_REPLACEMENT,12.083333333333329
3,482,45.916666666666664,102,MONITOR,9.440137591483392,7.753604871553378,11.755092527193018,0.0,ACCELERATED,PLAN_REPLACEMENT,12.016666666666666
3,483,45.96666666666667,102,MONITOR,9.38841192762331,7.701879207693295,11.703366863332935,0.0,ACCELERATED,PLAN_REPLACEMENT,11.966666666666661
3,484,46.03333333333333,102,MONITOR,9.320019597096575,7.633486877166561,11.6349745328062,0.0,ACCELERATED,PLAN_REPLACEMENT,11.899999999999999
3,485,46.1,102,MONITOR,9.253004664074453,7.566471944144439,11.567959599784079,0.0,ACCELERATED,PLAN_REPLACEMENT,11.833333333333329
3,486,46.45,103,MONITOR,8.902656397719,7.2161236777889854,11.217611333428625,0.0,ACCELERATED,PLAN_REPLACEMENT,11.483333333333327
3,487,46.516666666666666,103,MONITOR,8.835865584758096,7.149332864828082,11.150820520467722,0.0,ACCELERATED,PLAN_REPLACEMENT,11.416666666666664
3,488,46.56666666666667,103,MONITOR,8.785741438463852,7.099208718533838,11.100696374173477,0.0,ACCELERATED,PLAN_REPLACEMENT,11.36666666666666
3,489,46.63333333333333,103,MONITOR,8.719001373500411,7.0324686535703975,11.033956309210037,0.0,ACCELERATED,PLAN_REPLACEMENT,11.299999999999997
3,490,46.7,103,MONITOR,8.652261308536971,6.965728588606957,10.967216244246597,0.0,ACCELERATED,PLAN_REPLACEMENT,11.233333333333327
3,491,46.766666666666666,103,MONITOR,8.585491123761429,6.898958403831415,10.900446059471054,0.0,ACCELERATED,PLAN_REPLACEMENT,11.166666666666664
3,492,46.833333333333336,103,MONITOR,8.51872093898588,6.832188219055865,10.833675874695505,0.0,ACCELERATED,PLAN_REPLACEMENT,11.099999999999994
3,493,46.9,103,MONITOR,8.451551144308276,6.765018424378262,10.766506080017901,0.0,ACCELERATED,PLAN_REPLACEMENT,11.033333333333331
3,494,47.28333333333333,104,MONITOR,8.067714682963995,6.381181963033981,10.38266961867362,0.0,ACCELERATED,PLAN_REPLACEMENT,10.649999999999999
3,495,47.35,105,MONITOR,7.999499708578817,6.312966988648803,10.314454644288443,0.0,ACCELERATED,PLAN_REPLACEMENT,10.583333333333329
3,496,47.416666666666664,105,MONITOR,7.931284734193653,6.244752014263639,10.246239669903279,0.0,ACCELERATED,PLAN_REPLACEMENT,10.516666666666666
3,497,47.483333333333334,105,MONITOR,7.863937771793047,6.177405051863033,10.178892707502673,0.0,ACCELERATED,PLAN_REPLACEMENT,10.449999999999996
3,498,47.55,105,MONITOR,7.796590809392448,6.110058089462434,10.111545745102074,0.0,ACCELERATED,PLAN_REPLACEMENT,10.383333333333333
3,499,47.6,106,MONITOR,7.7459967319333956,6.059464012003382,10.060951667643021,0.0,ACCELERATED,PLAN_REPLACEMENT,10.333333333333329
3,500,47.666666666666664,106,MONITOR,7.678735987807691,5.992203267877677,9.993690923517317,0.0,ACCELERATED,PLAN_REPLACEMENT,10.266666666666666
3,501,48.03333333333333,107,MONITOR,7.312045099117228,5.625512379187214,9.627000034826853,0.0,ACCELERATED,PLAN_REPLACEMENT,9.899999999999999
3,502,48.1,107,MONITOR,7.245354210426761,5.558821490496747,9.560309146136387,0.0,ACCELERATED,PLAN_REPLACEMENT,9.833333333333329
3,503,48.166666666666664,108,MONITOR,7.1785429323086944,5.4920102123786805,9.49349786801832,0.0,ACCELERATED,PLAN_REPLACEMENT,9.766666666666666
3,504,48.233333333333334,108,MONITOR,7.111731654190621,5.425198934260607,9.426686589900246,0.0,ACCELERATED,PLAN_REPLACEMENT,9.699999999999996
3,505,48.3,108,MONITOR,7.04402901053092,5.357496290600906,9.358983946240546,0.0,ACCELERATED,PLAN_REPLACEMENT,9.633333333333333
3,506,48.35,108,MONITOR,6.9929930335378785,5.3064603136078645,9.307947969247504,0.0,ACCELERATED,PLAN_REPLACEMENT,9.583333333333329
3,507,48.416666666666664,109,MONITOR,6.926325206878715,5.239792486948701,9.24128014258834,0.0,ACCELERATED,PLAN_REPLACEMENT,9.516666666666666
3,508,48.483333333333334,109,MONITOR,6.859657380219545,5.173124660289531,9.17461231592917,0.0,ACCELERATED,PLAN_REPLACEMENT,9.449999999999996
3,509,48.55,109,MONITOR,6.792529054772906,5.105996334842892,9.107483990482532,0.0,ACCELERATED,PLAN_REPLACEMENT,9.383333333333333
3,510,48.61666666666667,109,MONITOR,6.72540072932626,5.038868009396246,9.040355665035886,0.0,ACCELERATED,PLAN_REPLACEMENT,9.316666666666663
3,511,48.68333333333333,110,MONITOR,6.6584802269260095,4.9719475069959955,8.973435162635635,0.0,ACCELERATED,PLAN_REPLACEMENT,9.25
3,512,48.75,110,MONITOR,6.591559724525752,4.905027004595738,8.906514660235377,0.0,ACCELERATED,PLAN_REPLACEMENT,9.18333333333333
3,513,48.81666666666667,110,MONITOR,6.524860101838158,4.838327381908144,8.839815037547783,0.0,ACCELERATED,PLAN_REPLACEMENT,9.11666666666666
3,514,48.88333333333333,110,MONITOR,6.458160479150571,4.771627759220557,8.773115414860197,0.0,ACCELERATED,PLAN_REPLACEMENT,9.049999999999997
3,515,49.21666666666667,112,MONITOR,6.12458957846799,4.438056858537976,8.439544514177616,0.0,ACCELERATED,PLAN_REPLACEMENT,8.716666666666661
3,516,49.28333333333333,112,MONITOR,6.057685344452082,4.371152624522068,8.372640280161708,0.0,ACCELERATED,PLAN_REPLACEMENT,8.649999999999999
3,517,49.35,112,MONITOR,5.990758380235512,4.323053441982741,8.305218626003743,0.0,ACCELERATED,PLAN_REPLACEMENT,8.583333333333329
3,518,49.416666666666664,112,MONITOR,5.923831416018949,4.256126477766178,8.23829166178718,0.0,ACCELERATED,PLAN_REPLACEMENT,8.516666666666666
3,519,49.483333333333334,113,MONITOR,5.856082315467262,4.188377377214491,8.170542561235493,0.0,ACCELERATED,PLAN_REPLACEMENT,8.449999999999996
3,520,49.55,113,MONITOR,5.788333214915575,4.120628276662804,8.102793460683806,0.0,ACCELERATED,PLAN_REPLACEMENT,8.383333333333333
3,521,49.61666666666667,113,MONITOR,5.721196757646631,4.05349181939386,8.035657003414862,0.0,ACCELERATED,PLAN_REPLACEMENT,8.316666666666663
3,522,49.666666666666664,113,MONITOR,5.670726967044352,4.003022028791581,7.985187212812583,0.0,ACCELERATED,PLAN_REPLACEMENT,8.266666666666666
3,523,50.06666666666667,114,MONITOR,5.270657645996096,3.6029527077433245,7.585117891764327,0.0,ACCELERATED,PLAN_REPLACEMENT,7.86666666666666
3,524,50.11666666666667,114,MONITOR,5.2205883249478475,3.5528833866950764,7.535048570716079,0.0,ACCELERATED,PLAN_REPLACEMENT,7.816666666666663
3,525,50.18333333333333,115,MONITOR,5.15364078917915,3.4859358509263787,7.468101034947381,0.0,ACCELERATED,PLAN_REPLACEMENT,7.75
3,526,50.25,115,MONITOR,5.086693253410445,3.418988315157674,7.401153499178676,0.0,ACCELERATED,PLAN_REPLACEMENT,7.68333333333333
3,527,50.31666666666667,115,MONITOR,5.019563111902677,3.351858173649906,7.334023357670908,0.0,ACCELERATED,PLAN_REPLACEMENT,7.61666666666666
3,528,50.38333333333333,115,MONITOR,4.9524329703949235,3.2847280321421524,7.2668932161631545,0.0,ACCELERATED,PLAN_REPLACEMENT,7.549999999999997
3,529,50.45,115,MONITOR,4.88530564761929,3.2176007093665193,7.1997658933875215,0.0,ACCELERATED,PLAN_REPLACEMENT,7.483333333333327
3,530,50.81666666666667,116,MONITOR,4.518178324843667,2.850473386590896,6.832638570611898,0.0,ACCELERATED,PLAN_REPLACEMENT,7.11666666666666
3,531,50.86666666666667,116,MONITOR,4.467382777452308,2.7996778391995365,6.781843023220539,0.0,ACCELERATED,PLAN_REPLACEMENT,7.066666666666663
3,532,50.93333333333333,116,MONITOR,4.399920563394282,2.732215625141511,6.714380809162513,0.0,ACCELERATED,REPLACE_NOW,7.0
3,533,51.0,116,MONITOR,4.332736014941105,2.665031076688334,6.647196260709336,0.0,ACCELERATED,REPLACE_NOW,6.93333333333333
3,534,51.06666666666667,116,MONITOR,4.265551466487928,2.5978465282351566,6.580011712256159,0.0,ACCELERATED,REPLACE_NOW,6.86666666666666
3,535,51.13333333333333,116,MONITOR,4.19854261312264,2.5308376748698693,6.5130028588908715,0.0,ACCELERATED,REPLACE_NOW,6.799999999999997
3,536,51.2,116,MONITOR,4.131533759757346,2.463828821504575,6.445994005525577,0.0,ACCELERATED,REPLACE_NOW,6.733333333333327
3,537,51.266666666666666,116,MONITOR,4.0627803543599015,2.3950754161071304,6.3772406001281325,0.0,ACCELERATED,REPLACE_NOW,6.666666666666664
3,538,51.333333333333336,116,MONITOR,3.99402694896245,2.3263220107096787,6.308487194730681,0.0,ACCELERATED,REPLACE_NOW,6.599999999999994
3,539,51.4,117,MONITOR,3.9270884022503694,2.2593834639975983,6.2415486480186,0.0,ACCELERATED,REPLACE_NOW,6.533333333333331
3,540,51.45,117,MONITOR,3.8768165222049475,2.2091115839521764,6.191276767973179,0.0,ACCELERATED,REPLACE_NOW,6.483333333333327
3,541,51.516666666666666,117,MONITOR,3.8099958970039935,2.1422909587512224,6.124456142772225,0.0,ACCELERATED,REPLACE_NOW,6.416666666666664
3,542,51.583333333333336,117,MONITOR,3.7431752718030324,2.0754703335502613,6.0576355175712635,0.0,ACCELERATED,REPLACE_NOW,6.349999999999994
3,543,51.65,117,MONITOR,3.673882805542391,2.0061778672896198,5.988343051310622,0.0,ACCELERATED,REPLACE_NOW,6.283333333333331
3,544,52.0,117,MONITOR,3.321257005948411,1.6535520676956394,5.635717251716642,0.0,ACCELERATED,REPLACE_NOW,5.93333333333333
3,545,52.05,118,MONITOR,3.2709940513133517,1.6032891130605804,5.585454297081583,0.0,ACCELERATED,REPLACE_NOW,5.883333333333333
3,546,52.11666666666667,118,MONITOR,3.20406443001162,1.5363594917588486,5.518524675779851,0.0,ACCELERATED,REPLACE_NOW,5.816666666666663
3,547,52.18333333333333,118,MONITOR,3.137199343525161,1.4694944052723897,5.451659589293392,0.0,ACCELERATED,REPLACE_NOW,5.75
3,548,52.25,118,MONITOR,3.070334257038702,1.402629318785931,5.384794502806933,0.0,ACCELERATED,REPLACE_NOW,5.68333333333333
3,549,52.31666666666667,118,MONITOR,3.003126051775972,1.3354211135232006,5.317586297544203,0.0,ACCELERATED,REPLACE_NOW,5.61666666666666
3,550,52.38333333333333,118,MONITOR,2.935917846513256,1.9538107094689834,5.192281775096187,0.0,ACCELERATED,REPLACE_NOW,5.549999999999997
3,551,52.45,118,MONITOR,2.8691959745977087,1.8870888375534363,5.12555990318064,0.0,ACCELERATED,REPLACE_NOW,5.483333333333327
3,552,52.833333333333336,119,MONITOR,2.4858074360154987,1.5037002989712263,4.74217136459843,0.0,ACCELERATED,REPLACE_NOW,5.099999999999994
3,553,52.9,120,MONITOR,2.418942168576912,1.4368350315326395,4.675306097159843,0.0,ACCELERATED,REPLACE_NOW,5.033333333333331
3,554,52.96666666666667,120,MONITOR,2.352076901138318,1.3699697640940456,4.608440829721249,0.0,ACCELERATED,REPLACE_NOW,4.9666666666666615
3,555,53.03333333333333,120,MONITOR,2.2848449472804973,1.3027378102362248,4.541208875863428,0.0,ACCELERATED,REPLACE_NOW,4.899999999999999
3,556,53.1,120,MONITOR,2.2176129934226694,1.235505856378397,4.4739769220056,0.0,ACCELERATED,REPLACE_NOW,4.833333333333329
3,557,53.15,121,MONITOR,2.1672966461482304,1.185189509103958,4.423660574731161,0.0,ACCELERATED,REPLACE_NOW,4.783333333333331
3,558,53.21666666666667,121,MONITOR,2.1003136322071185,1.118206495162846,4.356677560790049,0.0,ACCELERATED,REPLACE_NOW,4.7166666666666615
3,559,53.583333333333336,122,MONITOR,1.7334130934316505,0.7513059563873782,3.9897770220145814,0.0,ACCELERATED,REPLACE_NOW,4.349999999999994
3,560,53.65,122,MONITOR,1.6665125546561868,0.6844054176119144,3.9228764832391176,0.0,ACCELERATED,REPLACE_NOW,4.283333333333331
3,561,53.71666666666667,123,MONITOR,1.5990932666909927,0.6169861296467204,3.8554571952739236,0.0,ACCELERATED,REPLACE_NOW,4.2166666666666615
3,562,53.78333333333333,123,MONITOR,1.5316739787258058,0.5495668416815335,3.7880379073087367,0.0,ACCELERATED,REPLACE_NOW,4.149999999999999
3,563,53.85,123,MONITOR,1.4647671080534863,0.482659971009214,3.721131036636417,0.0,ACCELERATED,REPLACE_NOW,4.083333333333329
3,564,53.9,123,MONITOR,1.4145269040478397,0.4324197670035673,3.6708908326307705,0.0,ACCELERATED,REPLACE_NOW,4.033333333333331
3,565,53.96666666666667,124,MONITOR,1.347570821936685,0.36546368489241277,3.603934750519616,0.0,ACCELERATED,REPLACE_NOW,3.9666666666666615
3,566,54.03333333333333,124,MONITOR,1.2806147398255376,0.2985076027812653,3.5369786684084685,0.0,ACCELERATED,REPLACE_NOW,3.8999999999999986
3,567,54.1,124,MONITOR,1.2135283330289397,0.23142119598466737,3.4698922616118706,0.0,ACCELERATED,REPLACE_NOW,3.8333333333333286
3,568,54.166666666666664,124,MONITOR,1.1464419262323418,0.16433478918806943,3.4028058548152726,0.0,ACCELERATED,REPLACE_NOW,3.7666666666666657
3,569,54.233333333333334,124,MONITOR,1.0778292394491444,0.09572210240487211,3.3341931680320753,0.0,ACCELERATED,REPLACE_NOW,3.6999999999999957
3,570,54.3,125,MONITOR,1.0092165526659613,0.027109415621689004,3.265580481248892,0.0,ACCELERATED,REPLACE_NOW,3.633333333333333
3,571,54.36666666666667,125,MONITOR,0.9416494048264283,0.0,3.1980133334093592,0.0,ACCELERATED,REPLACE_NOW,3.566666666666663
3,572,54.43333333333333,125,MONITOR,0.8740822569869025,0.0,3.1304461855698333,0.0,ACCELERATED,REPLACE_NOW,3.5
3,573,54.766666666666666,126,MONITOR,0.5416494048264298,0.0,2.7980133334093606,0.0,ACCELERATED,REPLACE_NOW,3.1666666666666643
3,574,54.833333333333336,127,MONITOR,0.4758832193326228,0.0,2.7322471479155537,0.0,ACCELERATED,REPLACE_NOW,3.0999999999999943
3,575,54.9,127,MONITOR,0.41116257278248014,0.0,2.667526501365411,0.0,ACCELERATED,REPLACE_NOW,3.0333333333333314
3,576,54.96666666666667,127,MONITOR,0.3464419262323375,0.0,2.6028058548152684,0.0,ACCELERATED,REPLACE_NOW,2.9666666666666615
3,577,55.03333333333333,127,MONITOR,0.2801949996956097,0.0,2.5365589282785406,0.0,ACCELERATED,REPLACE_NOW,2.8999999999999986
3,578,55.083333333333336,128,MONITOR,0.23061473982553338,0.0,2.4869786684084643,0.0,ACCELERATED,REPLACE_NOW,2.8499999999999943
3,579,55.15,128,MONITOR,0.16423748860335508,0.0,2.420601417186286,0.0,ACCELERATED,REPLACE_NOW,2.7833333333333314
3,580,55.21666666666667,128,MONITOR,0.09786023738116967,0.0,2.3542241659641006,0.0,ACCELERATED,REPLACE_NOW,2.7166666666666615
3,581,55.61666666666667,130,MONITOR,0.0,0.0,2.256363928582931,0.0,END_OF_LIFE,REPLACE_NOW,2.316666666666663
3,582,55.666666666666664,130,MONITOR,0.0,0.0,2.256363928582931,0.0,END_OF_LIFE,REPLACE_NOW,2.2666666666666657
3,583,55.733333333333334,130,MONITOR,0.0,0.0,2.256363928582931,0.0,END_OF_LIFE,REPLACE_NOW,2.1999999999999957
3,584,55.8,130,MONITOR,0.0,0.0,2.256363928582931,0.0,END_OF_LIFE,REPLACE_NOW,2.133333333333333
3,585,55.86666666666667,131,MONITOR,0.0,0.0,2.256363928582931,0.0,END_OF_LIFE,REPLACE_NOW,2.066666666666663
3,586,55.93333333333333,131,MONITOR,0.0,0.0,2.256363928582931,0.0,END_OF_LIFE,REPLACE_NOW,2.0
3,587,56.0,131,MONITOR,0.0,0.0,2.256363928582931,0.0,END_OF_LIFE,REPLACE_NOW,1.93333333333333
3,588,56.36666666666667,133,MONITOR,0.0,0.0,2.256363928582931,0.0,END_OF_LIFE,REPLACE_NOW,1.5666666666666629
3,589,56.416666666666664,133,MONITOR,0.0,0.0,2.256363928582931,0.0,END_OF_LIFE,REPLACE_NOW,1.5166666666666657
3,590,56.483333333333334,133,MONITOR,0.0,0.0,2.256363928582931,0.0,END_OF_LIFE,REPLACE_NOW,1.4499999999999957
3,591,56.55,134,MONITOR,0.0,0.0,2.256363928582931,0.0,END_OF_LIFE,REPLACE_NOW,1.3833333333333329
3,592,56.61666666666667,134,MONITOR,0.0,0.0,2.256363928582931,0.0,END_OF_LIFE,REPLACE_NOW,1.3166666666666629
3,593,56.68333333333333,134,MONITOR,0.0,0.0,2.256363928582931,0.0,END_OF_LIFE,REPLACE_NOW,1.25
3,594,56.75,135,MONITOR,0.0,0.0,2.256363928582931,0.0,END_OF_LIFE,REPLACE_NOW,1.18333333333333
3,595,56.81666666666667,135,MONITOR,0.0,0.0,2.256363928582931,0.0,END_OF_LIFE,REPLACE_NOW,1.11666666666666
3,596,56.88333333333333,135,MONITOR,0.0,0.0,2.256363928582931,0.0,END_OF_LIFE,REPLACE_NOW,1.0499999999999972
3,597,56.93333333333333,135,MONITOR,0.0,0.0,2.256363928582931,0.0,END_OF_LIFE,REPLACE_NOW,1.0
3,598,57.0,136,MONITOR,0.0,0.0,2.256363928582931,0.0,END_OF_LIFE,REPLACE_NOW,0.93333333333333
3,599,57.06666666666667,136,MONITOR,0.0,0.0,2.256363928582931,0.0,END_OF_LIFE,REPLACE_NOW,0.86666666666666
3,600,57.13333333333333,136,MONITOR,0.0,0.0,2.256363928582931,0.0,END_OF_LIFE,REPLACE_NOW,0.7999999999999972
3,601,57.2,137,MONITOR,0.0,0.0,2.256363928582931,0.0,END_OF_LIFE,REPLACE_NOW,0.7333333333333272
3,602,57.55,138,MONITOR,0.0,0.0,2.256363928582931,0.0,END_OF_LIFE,REPLACE_NOW,0.38333333333333286
3,603,57.6,138,MONITOR,0.0,0.0,2.256363928582931,0.0,END_OF_LIFE,REPLACE_NOW,0.3333333333333286
3,604,57.666666666666664,139,MONITOR,0.0,0.0,2.256363928582931,0.0,END_OF_LIFE,REPLACE_NOW,0.2666666666666657
3,605,57.733333333333334,139,MONITOR,0.0,0.0,2.256363928582931,0.0,END_OF_LIFE,REPLACE_NOW,0.19999999999999574
3,606,57.8,139,MONITOR,0.0,0.0,2.256363928582931,0.0,END_OF_LIFE,REPLACE_NOW,0.13333333333333286
3,607,57.86666666666667,139,MONITOR,0.0,0.0,2.256363928582931,0.0,END_OF_LIFE,REPLACE_NOW,0.06666666666666288
3,608,57.93333333333333,140,MONITOR,0.0,0.0,2.256363928582931,0.0,END_OF_LIFE,REPLACE_NOW,0.0
3,609,58.0,140,MONITOR,0.0,0.0,2.256363928582931,0.0,END_OF_LIFE,REPLACE_NOW,0.0
3,610,58.38333333333333,142,MONITOR,0.0,0.0,2.256363928582931,0.0,END_OF_LIFE,REPLACE_NOW,0.0
3,611,58.45,142,MONITOR,0.0,0.0,2.256363928582931,0.0,END_OF_LIFE,REPLACE_NOW,0.0
3,612,58.516666666666666,142,MONITOR,0.0,0.0,2.256363928582931,0.0,END_OF_LIFE,REPLACE_NOW,0.0
3,613,58.583333333333336,142,MONITOR,0.0,0.0,2.256363928582931,0.0,END_OF_LIFE,REPLACE_NOW,0.0
3,614,58.63333333333333,143,MONITOR,0.0,0.0,2.256363928582931,0.0,END_OF_LIFE,REPLACE_NOW,0.0
3,615,58.7,143,MONITOR,0.0,0.0,2.256363928582931,0.0,END_OF_LIFE,REPLACE_NOW,0.0
3,616,58.766666666666666,143,MONITOR,0.0,0.0,2.256363928582931,0.0,END_OF_LIFE,REPLACE_NOW,0.0
3,617,59.13333333333333,145,MONITOR,0.0,0.0,2.256363928582931,0.0,END_OF_LIFE,REPLACE_NOW,0.0
3,618,59.2,145,MONITOR,0.0,0.0,2.256363928582931,0.0,END_OF_LIFE,REPLACE_NOW,0.0
3,619,59.266666666666666,145,MONITOR,0.0,0.0,2.256363928582931,0.0,END_OF_LIFE,REPLACE_NOW,0.0
3,620,59.333333333333336,146,MONITOR,0.0,0.0,2.256363928582931,0.0,END_OF_LIFE,REPLACE_NOW,0.0
3,621,59.4,146,MONITOR,0.0,0.0,2.256363928582931,0.0,END_OF_LIFE,REPLACE_NOW,0.0
3,622,59.45,146,MONITOR,0.0,0.0,2.256363928582931,0.0,END_OF_LIFE,REPLACE_NOW,0.0
3,623,59.516666666666666,147,MONITOR,0.0,0.0,2.256363928582931,0.0,END_OF_LIFE,REPLACE_NOW,0.0
3,624,59.583333333333336,147,MONITOR,0.0,0.0,2.256363928582931,0.0,END_OF_LIFE,REPLACE_NOW,0.0
3,625,59.65,147,MONITOR,0.0,0.0,2.256363928582931,0.0,END_OF_LIFE,REPLACE_NOW,0.0
3,626,59.71666666666667,147,MONITOR,0.0,0.0,2.256363928582931,0.0,END_OF_LIFE,REPLACE_NOW,0.0
3,627,59.78333333333333,148,MONITOR,0.0,0.0,2.256363928582931,0.0,END_OF_LIFE,REPLACE_NOW,0.0
3,628,59.85,148,MONITOR,0.0,0.0,2.256363928582931,0.0,END_OF_LIFE,REPLACE_NOW,0.0
3,629,59.916666666666664,148,MONITOR,0.0,0.0,2.256363928582931,0.0,END_OF_LIFE,REPLACE_NOW,0.0
3,630,59.983333333333334,149,MONITOR,0.0,0.0,2.256363928582931,0.0,END_OF_LIFE,REPLACE_NOW,0.0
3,631,60.31666666666667,150,MONITOR,0.0,0.0,2.256363928582931,0.0,END_OF_LIFE,REPLACE_NOW,0.0
3,632,60.38333333333333,150,MONITOR,0.0,0.0,2.256363928582931,0.0,END_OF_LIFE,REPLACE_NOW,0.0
3,633,60.45,151,MONITOR,0.0,0.0,2.256363928582931,0.0,END_OF_LIFE,REPLACE_NOW,0.0
3,634,60.516666666666666,151,MONITOR,0.0,0.0,2.256363928582931,0.0,END_OF_LIFE,REPLACE_NOW,0.0
3,635,60.583333333333336,151,MONITOR,0.0,0.0,2.256363928582931,0.0,END_OF_LIFE,REPLACE_NOW,0.0
3,636,60.63333333333333,151,MONITOR,0.0,0.0,2.256363928582931,0.0,END_OF_LIFE,REPLACE_NOW,0.0
3,637,60.7,152,MONITOR,0.0,0.0,2.256363928582931,0.0,END_OF_LIFE,REPLACE_NOW,0.0
3,638,60.766666666666666,152,MONITOR,0.0,0.0,2.256363928582931,0.0,END_OF_LIFE,REPLACE_NOW,0.0
6,1,0.18333333333333332,3,BREAK_IN,,,,,,,83.81666666666666
6,2,0.25,4,BREAK_IN,,,,,,,83.75
6,3,0.31666666666666665,5,BREAK_IN,,,,,,,83.68333333333334
6,4,0.38333333333333336,6,BREAK_IN,,,,,,,83.61666666666666
6,5,0.45,7,BREAK_IN,,,,,,,83.55
6,6,0.5,8,BREAK_IN,,,,,,,83.5
6,7,0.5666666666666667,10,BREAK_IN,,,,,,,83.43333333333334
6,8,0.9333333333333333,15,BREAK_IN,,,,,,,83.06666666666666
6,9,0.9833333333333333,17,BREAK_IN,,,,,,,83.01666666666667
6,10,1.05,18,BREAK_IN,,,,,,,82.95
6,11,1.1166666666666667,19,BREAK_IN,,,,,,,82.88333333333334
6,12,1.1833333333333333,20,BREAK_IN,,,,,,,82.81666666666666
6,13,1.25,21,BREAK_IN,,,,,,,82.75
6,14,1.3,22,BREAK_IN,,,,,,,82.7
6,15,1.3666666666666667,23,BREAK_IN,,,,,,,82.63333333333334
6,16,1.4333333333333333,24,BREAK_IN,,,,,,,82.56666666666666
6,17,1.5,25,BREAK_IN,,,,,,,82.5
6,18,1.5666666666666667,26,BREAK_IN,,,,,,,82.43333333333334
6,19,1.6166666666666667,27,BREAK_IN,,,,,,,82.38333333333334
6,20,1.6833333333333333,28,BREAK_IN,,,,,,,82.31666666666666
6,21,1.75,29,BREAK_IN,,,,,,,82.25
6,22,2.0833333333333335,35,BREAK_IN,,,,,,,81.91666666666667
6,23,2.1333333333333333,36,BREAK_IN,,,,,,,81.86666666666666
6,24,2.2,37,BREAK_IN,,,,,,,81.8
6,25,2.2666666666666666,38,BREAK_IN,,,,,,,81.73333333333333
6,26,2.3333333333333335,39,BREAK_IN,,,,,,,81.66666666666667
6,27,2.4,40,BREAK_IN,,,,,,,81.6
6,28,2.466666666666667,41,BREAK_IN,,,,,,,81.53333333333333
6,29,2.5166666666666666,42,BREAK_IN,,,,,,,81.48333333333333
6,30,2.8333333333333335,45,BASELINE,,,,,,,81.16666666666667
6,31,2.9,45,BASELINE,,,,,,,81.1
6,32,2.966666666666667,45,BASELINE,,,,,,,81.03333333333333
6,33,3.033333333333333,45,BASELINE,,,,,,,80.96666666666667
6,34,3.1,45,BASELINE,,,,,,,80.9
6,35,3.15,46,BASELINE,,,,,,,80.85
6,36,3.216666666666667,46,BASELINE,,,,,,,80.78333333333333
6,37,3.5833333333333335,47,BASELINE,,,,,,,80.41666666666667
6,38,3.65,47,BASELINE,,,,,,,80.35
6,39,3.7,47,BASELINE,,,,,,,80.3
6,40,3.7666666666666666,47,BASELINE,,,,,,,80.23333333333333
6,41,3.8333333333333335,47,BASELINE,,,,,,,80.16666666666667
6,42,3.9,48,BASELINE,,,,,,,80.1
6,43,3.966666666666667,48,BASELINE,,,,,,,80.03333333333333
6,44,4.016666666666667,48,BASELINE,,,,,,,79.98333333333333
6,45,4.083333333333333,48,BASELINE,,,,,,,79.91666666666667
6,46,4.15,48,BASELINE,,,,,,,79.85
6,47,4.216666666666667,48,BASELINE,,,,,,,79.78333333333333
6,48,4.283333333333333,49,BASELINE,,,,,,,79.71666666666667
6,49,4.35,49,BASELINE,,,,,,,79.65
6,50,4.4,49,BASELINE,,,,,,,79.6
6,51,4.733333333333333,50,BASELINE,,,,,,,79.26666666666667
6,52,4.8,50,BASELINE,,,,,,,79.2
6,53,4.866666666666666,50,BASELINE,,,,,,,79.13333333333334
6,54,4.916666666666667,50,BASELINE,,,,,,,79.08333333333333
6,55,4.983333333333333,50,BASELINE,,,,,,,79.01666666666667
6,56,5.05,51,BASELINE,,,,,,,78.95
6,57,5.116666666666666,51,BASELINE,,,,,,,78.88333333333334
6,58,5.183333333333334,51,MONITOR,75.62727061302141,73.54569112490292,78.54708842308,63.637271795426926,STEADY,OK,78.81666666666666
6,59,5.533333333333333,52,MONITOR,75.40852579044933,73.32694630233084,78.32834360050792,63.405423835420294,STEADY,OK,78.46666666666667
6,60,5.6,52,MONITOR,75.44725750441219,73.3656780162937,78.36707531447078,63.415831709280376,STEADY,OK,78.4
6,61,5.65,52,MONITOR,75.38222333887774,73.30064385075924,78.30204114893633,63.33368312626241,STEADY,OK,78.35
6,62,5.716666666666667,52,MONITOR,75.30198434396615,73.22040485584766,78.22180215402474,63.23486787657775,STEADY,OK,78.28333333333333
6,63,5.783333333333333,52,MONITOR,75.2388444778521,73.1572649897336,78.15866228791069,63.1432692924875,STEADY,OK,78.21666666666667
6,64,5.85,52,MONITOR,75.17190657420917,73.09032708609068,78.09172438426776,63.051670708397246,STEADY,OK,78.15
6,65,5.916666666666667,52,MONITOR,75.10361212575432,73.02203263763583,78.02342993581291,62.9646588654008,STEADY,OK,78.08333333333333
6,66,6.266666666666667,53,MONITOR,74.7552399075425,72.67366041942401,77.67505771760109,62.63500404173058,STEADY,OK,77.73333333333333
6,67,6.333333333333333,53,MONITOR,74.69047225964029,72.6088927715218,77.61029006969888,62.5932692924875,STEADY,OK,77.66666666666667
6,68,6.4,53,MONITOR,74.62570461173804,72.54412512361955,77.54552242179663,62.55153454324442,STEADY,OK,77.6
6,69,6.466666666666667,53,MONITOR,74.56981439140844,72.48823490328995,77.48963220146703,62.51701645959574,STEADY,OK,77.53333333333333
6,70,6.516666666666667,53,MONITOR,74.53059083774552,72.44901134962703,77.45040864780411,62.496248655735684,STEADY,OK,77.48333333333333
6,71,6.583333333333333,54,MONITOR,74.47685256947805,72.39527308135956,77.39667037953664,62.43104018250802,STEADY,OK,77.41666666666667
6,72,6.65,54,MONITOR,74.42311430121057,72.34153481309208,77.34293211126916,62.36583170928038,STEADY,OK,77.35
6,73,6.716666666666667,54,MONITOR,74.42396259948889,72.3423831113704,77.34378040954748,62.30091669704663,STEADY,OK,77.28333333333333
6,74,6.783333333333333,54,MONITOR,74.4248108977672,72.34323140964871,77.34462870782579,62.232498375947046,STEADY,OK,77.21666666666667
6,75,6.833333333333333,54,MONITOR,74.37822395983265,72.29664447171416,77.29804176989124,62.18104018250802,STEADY,OK,77.16666666666667
6,76,6.9,54,MONITOR,74.31497035523144,72.23339086711294,77.23478816529003,62.11291532240235,STEADY,OK,77.1
6,77,6.966666666666667,54,MONITOR,74.24656650336487,72.16498701524638,77.16638431342346,62.04198388687914,STEADY,OK,77.03333333333333
6,78,7.033333333333333,54,MONITOR,74.17816265149831,72.09658316337982,77.0979804615569,61.971052451355916,STEADY,OK,76.96666666666667
6,79,7.1,54,MONITOR,74.1098201079661,72.02824061984761,77.02963791802469,61.89240112515662,STEADY,OK,76.9
6,80,7.416666666666667,55,MONITOR,73.79482931816497,71.71324983004648,76.71464712822356,61.587719118022584,STEADY,OK,76.58333333333333
6,81,7.483333333333333,55,MONITOR,73.72989983669821,71.64832034857972,76.6497176467568,61.52531722021247,STEADY,OK,76.51666666666667
6,82,7.55,55,MONITOR,73.66497035523145,71.58339086711295,76.58478816529004,61.46291532240235,STEADY,OK,76.45
6,83,7.616666666666666,55,MONITOR,73.5988897427696,71.51731025465111,76.51870755282819,61.39770684917469,STEADY,OK,76.38333333333334
6,84,7.683333333333334,55,MONITOR,73.53280913030774,71.45122964218925,76.45262694036633,61.33249837594704,STEADY,OK,76.31666666666666
6,85,7.733333333333333,56,MONITOR,73.48341144981468,71.40183196169619,76.40322925987327,61.284250030379965,STEADY,OK,76.26666666666667
6,86,7.8,56,MONITOR,73.41734710265494,71.33576761453645,76.33716491271353,61.219335018146225,STEADY,OK,76.2
6,87,7.866666666666666,56,MONITOR,73.35374921917844,71.27216973105995,76.27356702923703,61.153133729100695,STEADY,OK,76.13333333333334
6,88,8.216666666666667,56,MONITOR,73.00681800236859,70.9252385142501,75.92663581242718,60.80359910672185,STEADY,OK,75.78333333333333
6,89,8.283333333333333,56,MONITOR,72.94528458634832,70.86370509822983,75.86510239640691,60.73948636532428,STEADY,OK,75.71666666666667
6,90,8.35,56,MONITOR,72.88375117032807,70.80217168220958,75.80356898038666,60.67537362392671,STEADY,OK,75.65
6,91,8.4,56,MONITOR,72.83763456337039,70.7560550752519,75.75745237342898,60.63006074248471,STEADY,OK,75.6
6,92,8.466666666666667,56,MONITOR,72.77485128974604,70.69327180162755,75.69466909980463,60.568081194376035,STEADY,OK,75.53333333333333
6,93,8.533333333333333,56,MONITOR,72.7086909560736,70.6271114679551,75.62850876613219,60.51096942871216,STEADY,OK,75.46666666666667
6,94,8.6,56,MONITOR,72.64253062240115,70.56095113428266,75.56234843245974,60.453857663048275,STEADY,OK,75.4
6,95,8.95,56,MONITOR,72.2946940107068,70.21311452258831,75.2145118207654,60.10538343589762,STEADY,OK,75.05
6,96,9.016666666666667,56,MONITOR,72.23019073234579,70.1486112442273,75.15000854240438,60.04024254208031,STEADY,OK,74.98333333333333
6,97,9.083333333333334,56,MONITOR,72.16416696203162,70.08258747391312,75.0839847720902,59.9833793689704,STEADY,OK,74.91666666666667
6,98,9.15,56,MONITOR,72.09814319171741,70.01656370359892,75.017961001776,59.92651619586051,STEADY,OK,74.85
6,99,9.216666666666667,56,MONITOR,72.04270187590559,69.9611223877871,74.96251968596418,59.86388930042364,STEADY,OK,74.78333333333333
6,100,9.266666666666667,56,MONITOR,72.00392722676044,69.92234773864195,74.92374503681903,59.81792907165344,STEADY,OK,74.73333333333333
6,101,9.333333333333334,56,MONITOR,72.005207204798,69.9236277166795,74.92502501485659,59.80285630050731,STEADY,OK,74.66666666666667
6,102,9.4,56,MONITOR,72.00648718283554,69.92490769471705,74.92630499289413,59.78778352936117,STEADY,OK,74.6
6,103,9.466666666666667,56,MONITOR,71.93991482956986,69.85833534145137,74.85973263962845,59.722121016863525,STEADY,OK,74.53333333333333
6,104,9.533333333333333,56,MONITOR,71.87334247630416,69.79176298818567,74.79316028636275,59.65645850436587,STEADY,OK,74.46666666666667
6,105,9.6,56,MONITOR,71.81569881512938,69.73411932701089,74.73551662518797,59.595549849709975,STEADY,OK,74.4
6,106,9.65,56,MONITOR,71.77472182062125,69.69314233250276,74.69453963067984,59.551307861720765,STEADY,OK,74.35
6,107,9.716666666666667,56,MONITOR,71.71258607645153,69.63100658833304,74.63240388651012,59.48893418998014,STEADY,OK,74.28333333333333
6,108,9.783333333333333,56,MONITOR,71.6504503322818,69.56887084416331,74.5702681423404,59.42656051823954,STEADY,OK,74.21666666666667
6,109,10.116666666666667,56,MONITOR,71.31792770322221,69.23634821510372,74.2377455132808,59.10750372805075,STEADY,OK,73.88333333333333
6,110,10.183333333333334,56,MONITOR,71.25207174082928,69.17049225271079,74.17188955088787,59.05511360452864,STEADY,OK,73.81666666666666
6,111,10.233333333333333,56,MONITOR,71.20292685415221,69.12134736603372,74.1227446642108,59.01160443320525,STEADY,OK,73.76666666666667
6,112,10.3,56,MONITOR,71.13711530080849,69.05553581269,74.05693311086708,58.951428595215205,STEADY,OK,73.7
6,113,10.366666666666667,56,MONITOR,71.07646428384348,68.99488479572499,73.99628209390207,58.89613673363693,STEADY,OK,73.63333333333333
6,114,10.433333333333334,56,MONITOR,71.01581326687847,68.93423377875997,73.93563107693706,58.84084487205864,STEADY,OK,73.56666666666666
6,115,10.5,57,MONITOR,70.94938308873759,68.8678036006191,73.86920089879618,58.780662506704076,STEADY,OK,73.5
6,116,10.55,57,MONITOR,70.89961957726338,68.81804008914489,73.81943738732197,58.73714680801618,STEADY,OK,73.45
6,117,10.933333333333334,57,MONITOR,70.60487496229365,68.52329547417516,73.52469277235224,58.36388606550807,STEADY,OK,73.06666666666666
6,118,11.0,57,MONITOR,70.62679701399061,68.54521752587212,73.5466148240492,58.30729198966665,STEADY,OK,73.0
6,119,11.066666666666666,57,MONITOR,70.56826725134809,68.4866877632296,73.48808506140668,58.25760623882461,STEADY,OK,72.93333333333334
6,120,11.133333333333333,57,MONITOR,70.50973748870558,68.42815800058709,73.42955529876417,58.207920487982555,STEADY,OK,72.86666666666667
6,121,11.2,57,MONITOR,70.44462736585885,68.36304787774036,73.36444517591744,58.141929345939374,STEADY,OK,72.8
6,122,11.25,57,MONITOR,70.3961839096788,68.3146044215603,73.31600171973739,58.09260487056285,STEADY,OK,72.75
6,123,11.316666666666666,57,MONITOR,70.33295986816685,68.25138038004836,73.25277767822544,58.044474693619776,STEADY,OK,72.68333333333334
6,124,11.683333333333334,57,MONITOR,69.96973582665491,67.88815633853642,72.8895536367135,57.696344516676675,STEADY,OK,72.31666666666666
6,125,11.75,57,MONITOR,69.90711760506107,67.82553811694258,72.82693541511966,57.63596829455801,STEADY,OK,72.25
6,126,11.8,57,MONITOR,69.86116605013392,67.77958656201542,72.7809838601925,57.592258739106015,STEADY,OK,72.2
6,127,11.866666666666667,57,MONITOR,69.80333520405387,67.72175571593537,72.72315301411246,57.530254022931906,STEADY,OK,72.13333333333333
6,128,11.933333333333334,57,MONITOR,69.74550435797384,67.66392486985535,72.66532216803243,57.468249306757784,STEADY,OK,72.06666666666666
6,129,12.0,57,MONITOR,69.69030344241088,67.60872395429239,72.61012125246947,57.40346390103551,STEADY,OK,72.0
6,130,12.066666666666666,57,MONITOR,69.63510252684792,67.55352303872942,72.5549203369065,57.33867849531322,STEADY,OK,71.93333333333334
6,131,12.116666666666667,57,MONITOR,69.6074797091355,67.52590022101701,72.5272975191941,57.295476470729916,STEADY,OK,71.88333333333333
6,132,12.183333333333334,57,MONITOR,69.56319022475645,67.48161073663796,72.48300803481504,57.235607779479935,STEADY,OK,71.81666666666666
6,133,12.25,57,MONITOR,69.50730365227898,67.42572416416048,72.42712146233757,57.1737159733282,STEADY,OK,71.75
6,134,12.316666666666666,57,MONITOR,69.4514170798015,67.36983759168301,72.37123488986009,57.11182416717648,STEADY,OK,71.68333333333334
6,135,12.383333333333333,57,MONITOR,69.39722289350252,67.31564340538402,72.3170407035611,57.054463988911884,STEADY,OK,71.61666666666667
6,136,12.45,57,MONITOR,69.34302870720354,67.26144921908505,72.26284651726213,56.99710381064729,STEADY,OK,71.55
6,137,12.5,57,MONITOR,69.29704569807275,67.21546620995426,72.21686350813134,56.95468203057587,STEADY,OK,71.5
6,138,12.833333333333334,57,MONITOR,68.96772935560863,66.88614986749013,71.88754716566721,56.62892691717109,STEADY,OK,71.16666666666667
6,139,12.9,57,MONITOR,68.90362965746851,66.82205016935002,71.8234474675271,56.56448439941165,STEADY,OK,71.1
6,140,12.966666666666667,57,MONITOR,68.83952995932842,66.75795047120992,71.759347769387,56.50004188165218,STEADY,OK,71.03333333333333
6,141,13.016666666666667,57,MONITOR,68.79393173013783,66.71235224201934,71.71374954019642,56.452846798337674,STEADY,OK,70.98333333333333
6,142,13.083333333333334,57,MONITOR,68.73166683428056,66.65008734616207,71.65148464433915,56.388985048356496,STEADY,OK,70.91666666666667
6,143,13.15,57,MONITOR,68.66714005626568,66.58556056814719,71.58695786632427,56.324391501737985,STEADY,OK,70.85
6,144,13.216666666666667,57,MONITOR,68.60261327825083,66.52103379013234,71.52243108830942,56.25979795511948,STEADY,OK,70.78333333333333
6,145,13.283333333333333,57,MONITOR,68.53612886442875,66.45454937631025,71.45594667448734,56.1996792379185,STEADY,OK,70.71666666666667
6,146,13.65,57,MONITOR,68.16964445060665,66.08806496248816,71.08946226066524,55.839560520717534,STEADY,OK,70.35
6,147,13.716666666666667,57,MONITOR,68.11105130506789,66.0294718169494,71.03086911512648,55.78090504194674,STEADY,OK,70.28333333333333
6,148,13.783333333333333,57,MONITOR,68.05245815952912,65.97087867141063,70.97227596958771,55.722249563175964,STEADY,OK,70.21666666666667
6,149,13.85,57,MONITOR,67.99216969502217,65.91059020690368,70.91198750508076,55.66003716655121,STEADY,OK,70.15
6,150,13.916666666666666,57,MONITOR,67.93188123051519,65.8503017423967,70.85169904057378,55.59782476992647,STEADY,OK,70.08333333333333
6,151,13.966666666666667,57,MONITOR,67.88550431035023,65.80392482223174,70.80532212040882,55.54982635812675,STEADY,OK,70.03333333333333
6,152,14.033333333333333,57,MONITOR,67.82246072351862,65.74088123540012,70.7422785335772,55.485161279660375,STEADY,OK,69.96666666666667
6,153,14.4,57,MONITOR,67.45730763002263,65.37572814190413,70.37712544008122,55.128787218047854,STEADY,OK,69.6
6,154,14.466666666666667,57,MONITOR,67.39215453652666,65.31057504840817,70.31197234658525,55.07241315643532,STEADY,OK,69.53333333333333
6,155,14.516666666666667,57,MONITOR,67.34272504354853,65.26114555543003,70.26254285360712,55.02817520376644,STEADY,OK,69.48333333333333
6,156,14.583333333333334,57,MONITOR,67.27662888390374,65.19504939578525,70.19644669396233,54.967270584430885,STEADY,OK,69.41666666666667
6,157,14.65,57,MONITOR,67.21955589576851,65.13797640765002,70.1393737058271,54.907517082964894,STEADY,OK,69.35
6,158,14.716666666666667,57,MONITOR,67.16248290763329,65.0809034195148,70.08230071769188,54.84776358149891,STEADY,OK,69.28333333333333
6,159,14.783333333333333,57,MONITOR,67.1352765839387,65.05369709582021,70.0550943939973,54.80112822939489,STEADY,OK,69.21666666666667
6,160,14.833333333333334,57,MONITOR,67.12473692691078,65.04315743879229,70.04455473696937,54.771159543957516,STEADY,OK,69.16666666666667
6,161,14.9,57,MONITOR,67.05871067756168,64.97713118944318,69.97852848762027,54.71060154670602,STEADY,OK,69.1
6,162,14.966666666666667,57,MONITOR,66.99268442821258,64.91110494009409,69.91250223827117,54.65004354945451,STEADY,OK,69.03333333333333
6,163,15.033333333333333,57,MONITOR,66.92838770735187,64.84680821923338,69.84820551741046,54.58444660849008,STEADY,OK,68.96666666666667
6,164,15.1,57,MONITOR,66.86409098649115,64.78251149837266,69.78390879654974,54.518849667525636,STEADY,OK,68.9
6,165,15.166666666666666,57,MONITOR,66.80726014808631,64.72568065996782,69.7270779581449,54.453084330915,STEADY,OK,68.83333333333333
6,166,15.216666666666667,57,MONITOR,66.76709597634817,64.68551648822968,69.68691378640676,54.40398566097103,STEADY,OK,68.78333333333333
6,167,15.55,57,MONITOR,66.4416255929665,64.36004610484801,69.36144340302509,54.07810087921838,STEADY,OK,68.45
6,168,15.616666666666667,57,MONITOR,66.38282187625148,64.30124238813299,69.30263968631007,54.01888276413238,STEADY,OK,68.38333333333333
6,169,15.683333333333334,57,MONITOR,66.31727750837204,64.23569802025355,69.23709531843063,53.95637362130822,STEADY,OK,68.31666666666666
6,170,15.75,57,MONITOR,66.25173314049262,64.17015365237413,69.17155095055121,53.89386447848405,STEADY,OK,68.25
6,171,15.8,57,MONITOR,66.20377017328458,64.12219068516609,69.12358798334317,53.84523235919761,STEADY,OK,68.2
6,172,15.866666666666667,57,MONITOR,66.13914053940985,64.05756105129136,69.05895834946844,53.7799335732445,STEADY,OK,68.13333333333333
6,173,15.933333333333334,57,MONITOR,66.07434054568438,63.992761057565886,68.99415835574297,53.71474066034608,STEADY,OK,68.06666666666666
6,174,16.0,57,MONITOR,66.00954055195892,63.92796106384043,68.92935836201751,53.649547747447656,STEADY,OK,68.0
6,175,16.383333333333333,57,MONITOR,65.6910599611495,63.60948047303101,68.6108777712081,53.275895330941545,STEADY,OK,67.61666666666667
6,176,16.45,57,MONITOR,65.68924603700673,63.60766654888823,68.60906384706531,53.21890958110208,STEADY,OK,67.55
6,177,16.5,57,MONITOR,65.64806692762836,63.56648743950987,68.56788473768695,53.176633585609466,STEADY,OK,67.5
6,178,16.566666666666666,57,MONITOR,65.59022115158334,63.50864166346484,68.51003896164192,53.1176909234502,STEADY,OK,67.43333333333334
6,179,16.633333333333333,57,MONITOR,65.53768534955083,63.456105861432334,68.45750315960942,53.053878947122364,STEADY,OK,67.36666666666667
6,180,16.7,57,MONITOR,65.48514954751829,63.4035700593998,68.40496735757688,52.99006697079453,STEADY,OK,67.3
6,181,16.766666666666666,57,MONITOR,65.42043610780867,63.338856619690176,68.34025391786726,52.924367725460016,STEADY,OK,67.23333333333333
6,182,17.116666666666667,57,MONITOR,65.07238933476569,62.990809846647196,67.99220714482428,52.57533514679215,STEADY,OK,66.88333333333333
6,183,17.183333333333334,57,MONITOR,65.00742314445847,62.92584365633998,67.92724095451706,52.511442356467555,STEADY,OK,66.81666666666666
6,184,17.25,57,MONITOR,64.94245695415125,62.86087746603276,67.86227476420984,52.44754956614297,STEADY,OK,66.75
6,185,17.316666666666666,57,MONITOR,64.87909957596727,62.79752008784878,67.79891738602586,52.38568179008138,STEADY,OK,66.68333333333334
6,186,17.366666666666667,57,MONITOR,64.83240886444997,62.75082937633148,67.75222667450856,52.34048068068646,STEADY,OK,66.63333333333333
6,187,17.433333333333334,57,MONITOR,64.77511005414334,62.69353056602485,67.69492786420193,52.276207308169035,STEADY,OK,66.56666666666666
6,188,17.5,57,MONITOR,64.71781124383674,62.63623175571824,67.63762905389532,52.211933935651615,STEADY,OK,66.5
6,189,17.566666666666666,57,MONITOR,64.66141121295206,62.57983172483357,67.58122902301065,52.149198810974056,STEADY,OK,66.43333333333334
6,190,17.633333333333333,57,MONITOR,64.60501118206739,62.52343169394889,67.52482899212598,52.08646368629649,STEADY,OK,66.36666666666667
6,191,17.7,57,MONITOR,64.54251489969919,62.46093541158069,67.46233270975777,52.024371279910085,STEADY,OK,66.3
6,192,17.75,57,MONITOR,64.49668528399766,62.41510579587917,67.41650309405625,51.97894554019037,STEADY,OK,66.25
6,193,17.816666666666666,57,MONITOR,64.44019657210956,62.358617083991064,67.36001438216815,51.92333310101725,STEADY,OK,66.18333333333334
6,194,17.883333333333333,57,MONITOR,64.38370786022145,62.302128372102956,67.30352567028004,51.86772066184414,STEADY,OK,66.11666666666667
6,195,17.95,57,MONITOR,64.32319068187208,62.241611193753585,67.24300849193067,51.81118564748333,STEADY,OK,66.05
6,196,18.283333333333335,57,MONITOR,63.996006836856054,61.91442734873756,66.91582464691464,51.48798396645584,STEADY,OK,65.71666666666667
6,197,18.333333333333332,57,MONITOR,63.946374506911056,61.86479501879256,66.86619231696965,51.439735007409524,STEADY,OK,65.66666666666667
6,198,18.4,57,MONITOR,63.8800755102994,61.798496022180906,66.799893320358,51.37481938169653,STEADY,OK,65.6
6,199,18.466666666666665,57,MONITOR,63.81525489056179,61.733675402443296,66.73507270062038,51.31072915322474,STEADY,OK,65.53333333333333
6,200,18.533333333333335,57,MONITOR,63.75043427082417,61.66885478270568,66.67025208088276,51.24663892475297,STEADY,OK,65.46666666666667
6,201,18.6,57,MONITOR,63.68467310502415,61.60309361690566,66.60449091508275,51.183732821140886,STEADY,OK,65.4
6,202,18.65,57,MONITOR,63.63557860589079,61.5539991177723,66.55539641594939,51.13749338419549,STEADY,OK,65.35
6,203,18.716666666666665,57,MONITOR,63.581316529095005,61.49973704097651,66.5011343391536,51.080955530883756,STEADY,OK,65.28333333333333
6,204,19.116666666666667,58,MONITOR,63.19372111896589,61.1121416308474,66.11353892902449,50.69108434423871,STEADY,OK,64.88333333333333
6,205,19.183333333333334,58,MONITOR,63.1380660357685,61.05648654765001,66.05788384582709,50.63483706945877,STEADY,OK,64.81666666666666
6,206,19.233333333333334,58,MONITOR,63.099077619237775,61.01749813111928,66.01889542929636,50.595256461345485,STEADY,OK,64.76666666666667
6,207,19.3,58,MONITOR,63.03840501086238,60.956825522743884,65.95822282092097,50.532809059415015,STEADY,OK,64.7
6,208,19.366666666666667,58,MONITOR,62.97773240248696,60.896152914368464,65.89755021254555,50.47036165748455,STEADY,OK,64.63333333333333
6,209,19.433333333333334,58,MONITOR,62.91367968570354,60.83210019758505,65.83349749576213,50.40623800622819,STEADY,OK,64.56666666666666
6,210,19.5,58,MONITOR,62.849626968920134,60.76804748080164,65.76944477897872,50.342114354971855,STEADY,OK,64.5
6,211,19.85,58,MONITOR,62.50103803919702,60.41945855107853,65.42085584925562,49.992466807201616,STEADY,OK,64.15
6,212,19.916666666666668,58,MONITOR,62.43578244280722,60.35420295468873,65.35560025286581,49.92615259276471,STEADY,OK,64.08333333333333
6,213,19.983333333333334,58,MONITOR,62.379969198311514,60.29838971019302,65.2997870083701,49.869644075045656,STEADY,OK,64.01666666666667
6,214,20.05,58,MONITOR,62.324155953815804,60.24257646569731,65.2439737638744,49.8131355573266,STEADY,OK,63.95
6,215,20.1,58,MONITOR,62.28319929445484,60.201619806336346,65.20301710451344,49.76711939139735,STEADY,OK,63.9
6,216,20.166666666666668,58,MONITOR,62.22557596842721,60.143996480308715,65.1453937784858,49.70443655880143,STEADY,OK,63.83333333333333
6,217,20.233333333333334,58,MONITOR,62.161420392168154,60.07984090404966,65.08123820222674,49.64006806323927,STEADY,OK,63.766666666666666
6,218,20.3,58,MONITOR,62.097264815909114,60.01568532779062,65.0170826259677,49.575699567677106,STEADY,OK,63.7
6,219,20.366666666666667,58,MONITOR,62.032702275823844,59.95112278770535,64.95252008588244,49.51112005113874,STEADY,OK,63.63333333333333
6,220,20.416666666666668,58,MONITOR,61.98480640240524,59.90322691428675,64.90462421246383,49.46320720126704,STEADY,OK,63.58333333333333
6,221,20.483333333333334,58,MONITOR,61.91927672269604,59.83769723457755,64.83909453275463,49.396832801330376,STEADY,OK,63.516666666666666
6,222,20.55,58,MONITOR,61.85374704298685,59.77216755486836,64.77356485304544,49.3304584013937,STEADY,OK,63.45
6,223,20.616666666666667,58,MONITOR,61.79710261118492,59.715523123066426,64.71692042124351,49.265288789884984,STEADY,OK,63.38333333333333
6,224,20.683333333333334,58,MONITOR,61.74045817938298,59.65887869126449,64.66027598944157,49.20011917837627,STEADY,OK,63.31666666666666
6,225,21.0,58,MONITOR,61.43199895552388,59.35041946740539,64.35181676558247,48.88372213273814,STEADY,OK,63.0
6,226,21.066666666666666,58,MONITOR,61.37353973166479,59.2919602435463,64.29335754172338,48.8173250871,STEADY,OK,62.93333333333334
6,227,21.133333333333333,58,MONITOR,61.31225672936085,59.230677241242354,64.23207453941944,48.752090019777846,STEADY,OK,62.86666666666667
6,228,21.2,58,MONITOR,61.250973727056916,59.16939423893842,64.1707915371155,48.68685495245569,STEADY,OK,62.8
6,229,21.266666666666666,58,MONITOR,61.18590453880135,59.10432505068286,64.10572234885994,48.62408948853711,STEADY,OK,62.733333333333334
6,230,21.333333333333332,58,MONITOR,61.1208353505458,59.03925586242731,64.04065316060439,48.56132402461853,STEADY,OK,62.66666666666667
6,231,21.383333333333333,58,MONITOR,61.07240267249727,58.990823184378776,63.992220482555865,48.512824624387044,STEADY,OK,62.61666666666667
6,232,21.45,58,MONITOR,61.00730332778207,58.925723839663576,63.927121137840665,48.44765855748889,STEADY,OK,62.55
6,233,21.816666666666666,58,MONITOR,60.64349784259963,58.561918354481136,63.563315652658225,48.08141698199452,STEADY,OK,62.18333333333334
6,234,21.883333333333333,58,MONITOR,60.579692357417194,58.4981128692987,63.49951016747579,48.01517540650013,STEADY,OK,62.11666666666667
6,235,21.95,58,MONITOR,60.531723732455546,58.450144244337054,63.45154154251414,47.949966784954555,STEADY,OK,62.05
6,236,22.016666666666666,58,MONITOR,60.48375510749392,58.40217561937543,63.403572917552516,47.88475816340899,STEADY,OK,61.983333333333334
6,237,22.083333333333332,58,MONITOR,60.417470361023035,58.33589087290454,63.33728817108163,47.818123490231145,STEADY,OK,61.91666666666667
6,238,22.133333333333333,58,MONITOR,60.367852281218795,58.2862727931003,63.28767009127739,47.76815548371996,STEADY,OK,61.86666666666667
6,239,22.2,58,MONITOR,60.31464180882054,58.23306232070205,63.234459618879136,47.70145682356447,STEADY,OK,61.8
6,240,22.566666666666666,59,MONITOR,59.961431336422294,57.8798518483038,62.88124914648089,47.33482215038663,STEADY,OK,61.43333333333334
6,241,22.633333333333333,59,MONITOR,59.89717900625711,57.81559951813862,62.81699681631571,47.27033465997905,STEADY,OK,61.36666666666667
6,242,22.683333333333334,59,MONITOR,59.849593342758595,57.7680138546401,62.76941115281719,47.22251383623815,STEADY,OK,61.31666666666666
6,243,22.75,59,MONITOR,59.79389183671559,57.712312348597095,62.713709646774184,47.16039556576462,STEADY,OK,61.25
6,244,22.816666666666666,59,MONITOR,59.73819033067258,57.65661084255409,62.65800814073118,47.09827729529108,STEADY,OK,61.18333333333334
6,245,22.883333333333333,59,MONITOR,59.67328162229351,57.591702134175016,62.593099432352105,47.031884949510804,STEADY,OK,61.11666666666667
6,246,22.95,59,MONITOR,59.60837291391444,57.526793425795944,62.52819072397303,46.96549260373054,STEADY,OK,61.05
6,247,23.0,59,MONITOR,59.56067568731645,57.479096199197954,62.48049349737504,46.917655172480664,STEADY,OK,61.0
6,248,23.066666666666666,59,MONITOR,59.49631179405179,57.4147323059333,62.41612960411039,46.84882593706388,STEADY,OK,60.93333333333334
6,249,23.133333333333333,59,MONITOR,59.43010490196942,57.34852541385093,62.34992271202802,46.781884949510804,STEADY,OK,60.86666666666667
6,250,23.2,59,MONITOR,59.363898009887066,57.28231852176857,62.28371581994566,46.714943961957744,STEADY,OK,60.8
6,251,23.266666666666666,59,MONITOR,59.299953758939495,57.218374270821,62.21977156899809,46.64818426165323,STEADY,OK,60.733333333333334
6,252,23.316666666666666,59,MONITOR,59.25267617465859,57.171096686540096,62.172493984717185,46.59809122801538,STEADY,OK,60.68333333333334
6,253,23.383333333333333,59,MONITOR,59.186428335078226,57.10484884695973,62.10624614513682,46.52696919879343,STEADY,OK,60.61666666666667
6,254,23.716666666666665,59,MONITOR,58.8535138288312,56.771934340712704,61.77333163888979,46.19809122801537,STEADY,OK,60.28333333333333
6,255,23.783333333333335,59,MONITOR,58.79091409212472,56.70933460400623,61.71073190218332,46.13151759498656,STEADY,OK,60.21666666666667
6,256,23.85,59,MONITOR,58.72831435541824,56.64673486729975,61.64813216547684,46.064943961957745,STEADY,OK,60.15
6,257,23.9,59,MONITOR,58.67951220480098,56.597932716682486,61.599330014859575,46.01521828284414,STEADY,OK,60.1
6,258,23.966666666666665,59,MONITOR,58.61404338751703,56.532463899398536,61.533861197575625,45.94882593706387,STEADY,OK,60.03333333333333
6,259,24.033333333333335,59,MONITOR,58.549711183632255,56.46813169551376,61.46952899369085,45.88432183914733,STEADY,OK,59.96666666666667
6,260,24.1,59,MONITOR,58.48537897974747,56.40379949162898,61.40519678980607,45.81794260148708,STEADY,OK,59.9
6,261,24.166666666666668,59,MONITOR,58.424785669417005,56.34320618129851,61.3446034794756,45.75005093594214,STEADY,OK,59.83333333333333
6,262,24.55,59,MONITOR,58.04752569241988,55.96594620430139,60.96734350247848,45.36794260148709,STEADY,OK,59.45
6,263,24.616666666666667,59,MONITOR,57.98737124780488,55.90579175968639,60.90718905786348,45.30221350469227,STEADY,OK,59.38333333333333
6,264,24.683333333333334,59,MONITOR,57.92721680318988,55.845637315071386,60.847034613248475,45.23648440789745,STEADY,OK,59.31666666666666
6,265,24.75,59,MONITOR,57.864096060033944,55.78251657191545,60.78391387009254,45.17382754397673,STEADY,OK,59.25
6,266,24.8,60,MONITOR,57.81764198354466,55.73606249542617,60.73745979360326,45.11981774123079,STEADY,OK,59.2
6,267,24.866666666666667,60,MONITOR,57.75611090663285,55.674531418514356,60.675928716691445,45.05221350469227,STEADY,OK,59.13333333333333
6,268,24.933333333333334,60,MONITOR,57.694579829721036,55.61300034160254,60.61439763977963,44.98460926815375,STEADY,OK,59.06666666666666
6,269,25.3,60,MONITOR,57.33434194362586,55.252762455507366,60.254159753684455,44.61888017135894,STEADY,OK,58.7
6,270,25.35,60,MONITOR,57.29077072419735,55.20919123607886,60.21058853425595,44.569817741230786,STEADY,OK,58.65
6,271,25.416666666666668,60,MONITOR,57.23392700416643,55.15234751604794,60.15374481422503,44.507160877310056,STEADY,OK,58.58333333333333
6,272,25.483333333333334,60,MONITOR,57.177083284135506,55.09550379601701,60.0969010941941,44.43648440789745,STEADY,OK,58.516666666666666
6,273,25.55,60,MONITOR,57.110839378672736,55.02925989055424,60.03065718873133,44.36888017135894,STEADY,OK,58.45
6,274,25.616666666666667,60,MONITOR,57.044595473209974,54.96301598509148,59.96441328326857,44.30127593482042,STEADY,OK,58.38333333333333
6,275,25.683333333333334,60,MONITOR,56.97814151989988,54.896562031781386,59.897959329958475,44.233384269275476,STEADY,OK,58.31666666666666
6,276,25.733333333333334,60,MONITOR,56.92835423325647,54.84677474513798,59.84817204331507,44.18215927039721,STEADY,OK,58.266666666666666
6,277,25.8,60,MONITOR,56.865949077654705,54.78436958953621,59.7857668877133,44.11521828284414,STEADY,OK,58.2
6,278,25.866666666666667,60,MONITOR,56.80354392205293,54.72196443393444,59.72336173211153,44.04827729529108,STEADY,OK,58.13333333333333
6,279,25.933333333333334,61,MONITOR,56.737406753138714,54.65582726502022,59.65722456319731,43.981517594986556,STEADY,OK,58.06666666666666
6,280,26.0,61,MONITOR,56.67126958422452,54.589690096106025,59.591087394283115,43.91475789468204,STEADY,OK,58.0
6,281,26.05,61,MONITOR,56.62396782219652,54.542388334078026,59.543785632255116,43.86165737139167,STEADY,OK,57.95
6,282,26.116666666666667,61,MONITOR,56.55460291755785,54.47302342943936,59.47442072761645,43.791890181434646,STEADY,OK,57.88333333333333
6,283,26.45,61,MONITOR,56.223967822196514,54.14238833407802,59.14378563225511,43.45918684997551,STEADY,OK,57.55
6,284,26.516666666666666,61,MONITOR,56.159999393501835,54.07841990538334,59.07981720356043,43.39189018143465,STEADY,OK,57.483333333333334
6,285,26.583333333333332,61,MONITOR,56.09579949054306,54.014220002424565,59.015617300601654,43.32386867550308,STEADY,OK,57.41666666666667
6,286,26.65,61,MONITOR,56.031599587584275,53.95002009946578,58.95141739764287,43.25584716957149,STEADY,OK,57.35
6,287,26.7,61,MONITOR,55.98368558591723,53.902106097798736,58.903503395975825,43.20366799331238,STEADY,OK,57.3
6,288,26.766666666666666,61,MONITOR,55.91910491758351,53.83752542946502,58.83892272764211,43.134822150386626,STEADY,OK,57.233333333333334
6,289,26.833333333333332,61,MONITOR,55.85347174139224,53.77189225327375,58.77328955145084,43.068123490231145,STEADY,OK,57.16666666666667
6,290,26.9,61,MONITOR,55.787838565200964,53.70625907708247,58.70765637525956,43.001424830075656,STEADY,OK,57.1
6,291,27.25,62,MONITOR,55.438546489738314,53.35696700161982,58.35836429979691,42.65145682356447,STEADY,OK,56.75
6,292,27.316666666666666,62,MONITOR,55.372587747609,53.29100825949051,58.2924055576676,42.58475816340899,STEADY,OK,56.68333333333334
6,293,27.366666666666667,62,MONITOR,55.323568757862326,53.24198926974383,58.24338656792092,42.53390234230155,STEADY,OK,56.63333333333333
6,294,27.433333333333334,62,MONITOR,55.25788310144897,53.176303613330475,58.177700911507564,42.466379854527446,STEADY,OK,56.56666666666666
6,295,27.5,62,MONITOR,55.193711414327055,53.11213192620856,58.11352922438565,42.39911096384712,STEADY,OK,56.5
6,296,27.566666666666666,62,MONITOR,55.12953972720514,53.04796023908665,58.04935753726374,42.3318420731668,STEADY,OK,56.43333333333334
6,297,27.633333333333333,62,MONITOR,55.06552623495485,52.98394674683636,57.98534404501345,42.26475031532785,STEADY,OK,56.36666666666667
6,298,27.983333333333334,62,MONITOR,54.71817940937122,52.636599921252724,57.63799721942981,41.91432522415556,STEADY,OK,56.016666666666666
6,299,28.05,62,MONITOR,54.653945097096724,52.57236560897823,57.57376290715532,41.84615795772038,STEADY,OK,55.95
6,300,28.116666666666667,62,MONITOR,54.58971078482221,52.508131296703716,57.509528594880805,41.77799069128519,STEADY,OK,55.88333333333333
6,301,28.183333333333334,63,MONITOR,54.523781397023356,52.44220190890486,57.44359920708195,41.70742282187044,STEADY,OK,55.81666666666666
6,302,28.233333333333334,63,MONITOR,54.47451867589119,52.3929391877727,57.394336485949786,41.65352161912236,STEADY,OK,55.766666666666666
6,303,28.3,63,MONITOR,54.41116151383521,52.32958202571672,57.33097932389381,41.58542335311118,STEADY,OK,55.7
6,304,28.366666666666667,63,MONITOR,54.347804351779224,52.26622486366073,57.26762216183782,41.5173250871,STEADY,OK,55.63333333333333
6,305,28.433333333333334,63,MONITOR,54.28158438584616,52.200004897727666,57.201402195904755,41.450388799404806,STEADY,OK,55.56666666666666
6,306,28.5,63,MONITOR,54.21447101844589,52.1328915303274,57.13428882850449,41.383452511709606,STEADY,OK,55.5
6,307,28.566666666666666,63,MONITOR,54.14546150701344,52.063882018894944,57.06527931707203,41.31652212177073,STEADY,OK,55.43333333333334
6,308,28.616666666666667,63,MONITOR,54.09311866224764,52.01153917412915,57.01293647230624,41.26625839849853,STEADY,OK,55.38333333333333
6,309,28.683333333333334,63,MONITOR,54.02548533573608,51.943905847617586,56.945303145794675,41.19839535183641,STEADY,OK,55.31666666666666
6,310,28.75,63,MONITOR,53.957852009224524,51.87627252110603,56.87766981928312,41.130532305174285,STEADY,OK,55.25
6,311,28.816666666666666,63,MONITOR,53.89044806369003,51.80886857557154,56.81026587374863,41.06382868661733,STEADY,OK,55.18333333333334
6,312,29.15,63,MONITOR,53.557852009224526,51.47627252110603,56.47766981928312,40.7304584013937,STEADY,OK,54.85
6,313,29.2,63,MONITOR,53.50881866906941,51.42723918095092,56.42863647912801,40.68016613466371,STEADY,OK,54.8
6,314,29.266666666666666,63,MONITOR,53.44311866224764,51.36153917412915,56.36293647230624,40.613207201267045,STEADY,OK,54.733333333333334
6,315,29.333333333333332,64,MONITOR,53.37879484034677,51.29721535222828,56.29861265040537,40.5461877079138,STEADY,OK,54.66666666666667
6,316,29.4,64,MONITOR,53.31447101844589,51.2328915303274,56.23428882850449,40.47916821456055,STEADY,OK,54.6
6,317,29.466666666666665,64,MONITOR,53.24546150701343,51.16388201889494,56.16527931707203,40.41076722445216,STEADY,OK,54.53333333333333
6,318,29.533333333333335,64,MONITOR,53.176451995580976,51.09487250746248,56.09626980563957,40.34236623434377,STEADY,OK,54.46666666666667
6,319,29.583333333333332,64,MONITOR,53.12548533573609,51.043905847617594,56.04530314579468,40.290068063239275,STEADY,OK,54.41666666666667
6,320,29.933333333333334,64,MONITOR,52.77645199558097,50.69487250746248,55.69626980563957,39.93776989213477,STEADY,OK,54.06666666666666
6,321,30.0,64,MONITOR,52.7121281736801,50.63054868556161,55.631945983738696,39.86938113063201,STEADY,OK,54.0
6,322,30.066666666666666,64,MONITOR,52.64780435177923,50.566224863660736,55.567622161837825,39.80099236912923,STEADY,OK,53.93333333333334
6,323,30.116666666666667,64,MONITOR,52.59546150701343,50.51388201889494,55.51527931707203,39.75092947218217,STEADY,OK,53.88333333333333
6,324,30.183333333333334,64,MONITOR,52.52645199558097,50.44487250746248,55.44626980563957,39.684199908568445,STEADY,OK,53.81666666666666
6,325,30.25,65,MONITOR,52.458818669069416,50.37723918095092,55.37863647912801,39.6153343996142,STEADY,OK,53.75
6,326,30.316666666666666,65,MONITOR,52.39118534255786,50.30960585443937,55.31100315261646,39.54646889065994,STEADY,OK,53.68333333333334
6,327,30.666666666666668,65,MONITOR,52.042152002402744,49.96057251428425,54.96196981246134,39.19107060705433,STEADY,OK,53.33333333333333
6,328,30.733333333333334,65,MONITOR,51.97645199558097,49.89487250746248,54.89626980563957,39.11900565678205,STEADY,OK,53.266666666666666
6,329,30.8,65,MONITOR,51.9121281736801,49.83054868556161,54.8319459837387,39.05061863846102,STEADY,OK,53.2
6,330,30.866666666666667,65,MONITOR,51.84311866224764,49.76153917412915,54.76293647230624,38.98223162013996,STEADY,OK,53.13333333333333
6,331,30.933333333333334,65,MONITOR,51.77548533573608,49.693905847617586,54.695303145794675,38.91553832592169,STEADY,OK,53.06666666666666
6,332,31.0,65,MONITOR,51.707852009224524,49.62627252110603,54.62766981928312,38.84884503170342,STEADY,OK,53.0
6,333,31.05,65,MONITOR,51.65759174720283,49.57601225908434,54.577409557261426,38.7958321455674,STEADY,OK,52.95
6,334,31.116666666666667,66,MONITOR,51.590664818514476,49.50908533039598,54.51048262857307,38.72615259276471,STEADY,OK,52.88333333333333
6,335,31.183333333333334,66,MONITOR,51.52352113500167,49.44194164688318,54.44333894506027,38.65913347386828,STEADY,OK,52.81666666666666
6,336,31.25,66,MONITOR,51.456377451488876,49.37479796337038,54.37619526154747,38.592114354971855,STEADY,OK,52.75
6,337,31.316666666666666,66,MONITOR,51.38847863877828,49.30689915065979,54.30829644883688,38.523959452820975,STEADY,OK,52.68333333333334
6,338,31.383333333333333,66,MONITOR,51.32057982606769,49.2390003379492,54.24039763612629,38.455804550670074,STEADY,OK,52.61666666666667
6,339,31.433333333333334,66,MONITOR,51.26937961771945,49.18780012960096,54.18919742777805,38.40572486210395,STEADY,OK,52.56666666666666
6,340,31.5,66,MONITOR,51.20151274270455,49.11993325458606,54.12133055276315,38.33897850687117,STEADY,OK,52.5
6,341,31.833333333333332,66,MONITOR,50.86552623495486,48.783946746836364,53.78534404501345,38.00467008217787,STEADY,OK,52.16666666666667
6,342,31.9,66,MONITOR,50.796206393871806,48.71462690575331,53.7160242039304,37.93702832415122,STEADY,OK,52.1
6,343,31.966666666666665,67,MONITOR,50.72918201496407,48.647602526845574,53.64899982502266,37.86727688300523,STEADY,OK,52.03333333333333
6,344,32.016666666666666,67,MONITOR,50.67882430272299,48.597244814604494,53.59864211278158,37.814192108525916,STEADY,OK,51.983333333333334
6,345,32.083333333333336,67,MONITOR,50.61193357921092,48.53035409109243,53.531751389269516,37.74639095160237,STEADY,OK,51.916666666666664
6,346,32.15,67,MONITOR,50.54504285569886,48.46346336758037,53.464860665757456,37.67858979467882,STEADY,OK,51.85
6,347,32.21666666666667,67,MONITOR,50.477886164819196,48.3963066767007,53.39770397487779,37.607349473257756,STEADY,OK,51.78333333333333
6,348,32.28333333333333,67,MONITOR,50.41072947393954,48.32914998582105,53.330547283998136,37.53610915183668,STEADY,OK,51.71666666666667
6,349,32.61666666666667,67,MONITOR,50.0778861648192,47.996306676700705,52.997703974877794,37.19995762937217,STEADY,OK,51.38333333333333
6,350,32.68333333333333,67,MONITOR,50.01072947393954,47.92914998582105,52.93054728399814,37.13047277357433,STEADY,OK,51.31666666666667
6,351,32.75,67,MONITOR,49.943554677800506,47.86197518968201,52.8633724878591,37.06370067406931,STEADY,OK,51.25
6,352,32.81666666666667,68,MONITOR,49.87637988166147,47.79480039354298,52.79619769172007,36.9969285745643,STEADY,OK,51.18333333333333
6,353,32.88333333333333,68,MONITOR,49.80879815822188,47.72721867010339,52.72861596828048,36.927339792734834,STEADY,OK,51.11666666666667
6,354,32.93333333333333,68,MONITOR,49.757883101448975,47.67630361333048,52.67770091150757,36.87441767757205,STEADY,OK,51.06666666666667
6,355,33.0,68,MONITOR,49.69023542452899,47.6086559364105,52.61005323458759,36.80145299234637,STEADY,OK,51.0
6,356,33.36666666666667,68,MONITOR,49.32454976811564,47.242970279997145,52.244367578174234,36.428488307120695,STEADY,OK,50.63333333333333
6,357,33.43333333333333,68,MONITOR,49.25690209119566,47.17532260307717,52.17671990125426,36.35999120420863,STEADY,OK,50.56666666666667
6,358,33.483333333333334,68,MONITOR,49.20592108094233,47.12434159282384,52.12573889100093,36.30816076796323,STEADY,OK,50.516666666666666
6,359,33.55,68,MONITOR,49.13854648973832,47.056967001619824,52.058364299796914,36.24044319343811,STEADY,OK,50.45
6,360,33.61666666666667,68,MONITOR,49.071171898534296,46.9895924104158,51.99098970859289,36.17272561891297,STEADY,OK,50.38333333333333
6,361,33.68333333333333,69,MONITOR,49.00347174139224,46.92189225327375,51.923289551450836,36.10510950155423,STEADY,OK,50.31666666666667
6,362,33.75,69,MONITOR,48.935771584250176,46.85419209613168,51.85558939430877,36.037493384195486,STEADY,OK,50.25
6,363,33.81666666666667,69,MONITOR,48.86820218695852,46.78662269884003,51.788019997017116,35.97028295803869,STEADY,OK,50.18333333333333
6,364,33.86666666666667,69,MONITOR,48.81729945633354,46.735719968215044,51.73711726639213,35.91973919854855,STEADY,OK,50.13333333333333
6,365,33.93333333333333,69,MONITOR,48.7494495219589,46.66787003384041,51.6692673320175,35.851476347187194,STEADY,OK,50.06666666666667
6,366,34.0,69,MONITOR,48.68159958758427,46.60002009946578,51.60141739764287,35.783213495825834,STEADY,OK,50.0
6,367,34.06666666666667,69,MONITOR,48.61354658167334,46.53196709355485,51.533364391731936,35.71654228104429,STEADY,OK,49.93333333333333
6,368,34.13333333333333,69,MONITOR,48.545493575762414,46.46391408764392,51.46531138582101,35.649871066262754,STEADY,OK,49.86666666666667
6,369,34.18333333333333,69,MONITOR,48.494413151298794,46.4128336631803,51.41423096135739,35.598254995507865,STEADY,OK,49.81666666666667
6,370,34.516666666666666,70,MONITOR,48.159999393501835,46.07841990538334,51.07981720356043,35.26330559141964,STEADY,OK,49.483333333333334
6,371,34.583333333333336,70,MONITOR,48.09063448886318,46.00905500074469,51.01045229892178,35.194062486558074,STEADY,OK,49.416666666666664
6,372,34.65,70,MONITOR,48.02126958422452,45.93969009610603,50.941087394283116,35.12481938169653,STEADY,OK,49.35
6,373,34.71666666666667,70,MONITOR,47.95437638819925,45.87279690008076,50.87419419825785,35.056401674076184,STEADY,OK,49.28333333333333
6,374,34.78333333333333,70,MONITOR,47.887483192174,45.80590370405551,50.8073010022326,34.98798396645584,STEADY,OK,49.21666666666667
6,375,34.833333333333336,70,MONITOR,47.83718022378013,45.75560073566164,50.75699803383873,34.9369846114079,STEADY,OK,49.166666666666664
6,376,34.9,70,MONITOR,47.7702105887196,45.68863110060111,50.690028398778196,34.869318589693314,STEADY,OK,49.1
6,377,34.96666666666667,70,MONITOR,47.702535985323465,45.62095649720497,50.62235379538206,34.79762686997883,STEADY,OK,49.03333333333333
6,378,35.31666666666667,71,MONITOR,47.351528048593984,45.26994856047549,50.27134585865258,34.44260181693101,STEADY,OK,48.68333333333333
6,379,35.38333333333333,71,MONITOR,47.284528659370515,45.20294917125202,50.20434646942911,34.37558273172602,STEADY,OK,48.61666666666667
6,380,35.45,71,MONITOR,47.21752927014704,45.13594978202855,50.137347080205636,34.30856364652102,STEADY,OK,48.55
6,381,35.516666666666666,71,MONITOR,47.147941751701765,45.06636226358327,50.06775956176036,34.23814215418258,STEADY,OK,48.483333333333334
6,382,35.56666666666667,71,MONITOR,47.095020899923135,45.01344141180464,50.01483870998173,34.1843873285108,STEADY,OK,48.43333333333333
6,383,35.63333333333333,71,MONITOR,47.028184348794206,44.94660486067571,49.9480021588528,34.117434651590564,STEADY,OK,48.36666666666667
6,384,35.7,71,MONITOR,46.96134779766528,44.87976830954679,49.88116560772388,34.05048197467032,STEADY,OK,48.3
6,385,36.06666666666667,72,MONITOR,46.59463830210429,44.5130588139858,49.51445611216289,33.67764491010606,STEADY,OK,47.93333333333333
6,386,36.11666666666667,72,MONITOR,46.544595473209974,44.46301598509148,49.46441328326857,33.621474512208486,STEADY,OK,47.88333333333333
6,387,36.18333333333333,72,MONITOR,46.4775060453394,44.39592655722091,49.397323855398,33.55310783048031,STEADY,OK,47.81666666666667
6,388,36.25,72,MONITOR,46.41041661746884,44.32883712935035,49.33023442752744,33.48474114875212,STEADY,OK,47.75
6,389,36.31666666666667,72,MONITOR,46.342328771510914,44.26074928339242,49.26214658156951,33.415502651164196,STEADY,OK,47.68333333333333
6,390,36.38333333333333,72,MONITOR,46.274240925552995,44.1926614374345,49.19405873561159,33.34626415357628,STEADY,OK,47.61666666666667
6,391,36.45,72,MONITOR,46.207360582968604,44.12578109485011,49.1271783930272,33.279271513549986,STEADY,OK,47.55
6,392,36.5,73,MONITOR,46.1571469070509,44.07556741893241,49.0769647171095,33.22894554019037,STEADY,OK,47.5
6,393,36.56666666666667,73,MONITOR,46.088344126568636,44.00676463845014,49.00816193662723,33.15770461324342,STEADY,OK,47.43333333333333
6,394,36.63333333333333,73,MONITOR,46.01954134608639,43.9379618579679,48.93935915614499,33.08646368629649,STEADY,OK,47.36666666666667
6,395,36.7,73,MONITOR,45.950560422299276,43.86898093418078,48.87037823235787,33.01817874914623,STEADY,OK,47.3
6,396,36.766666666666666,73,MONITOR,45.88157949851217,43.800000010393674,48.80139730857076,32.94989381199598,STEADY,OK,47.233333333333334
6,397,36.833333333333336,73,MONITOR,45.81387870399448,43.73229921587599,48.73369651405308,32.88091387382379,STEADY,OK,47.166666666666664
6,398,36.88333333333333,73,MONITOR,45.762844576143486,43.68126508802499,48.68266238620208,32.82860060231828,STEADY,OK,47.11666666666667
6,399,37.21666666666667,74,MONITOR,45.42680765017042,43.345228162051924,48.34662546022901,32.4928739748357,STEADY,OK,46.78333333333333
6,400,37.28333333333333,74,MONITOR,45.35743739086402,43.27585790274553,48.27725520092262,32.4238140140198,STEADY,OK,46.71666666666667
6,401,37.35,74,MONITOR,45.288994381400094,43.2074148932816,48.20881219145869,32.35234845674804,STEADY,OK,46.65
6,402,37.416666666666664,74,MONITOR,45.220551371936175,43.13897188381768,48.14036918199477,32.2808828994763,STEADY,OK,46.583333333333336
6,403,37.483333333333334,74,MONITOR,45.15086307009854,43.069283581980045,48.070680880157134,32.21286917454404,STEADY,OK,46.516666666666666
6,404,37.53333333333333,74,MONITOR,45.09784143492756,43.01626194680907,48.017659244986156,32.16152211627845,STEADY,OK,46.46666666666667
6,405,37.6,74,MONITOR,45.03031976556088,42.94874027744239,47.95013757561948,32.09368146469131,STEADY,OK,46.4
6,406,37.666666666666664,75,MONITOR,44.96279809619421,42.88121860807572,47.88261590625281,32.02584081310416,STEADY,OK,46.333333333333336
6,407,38.0,75,MONITOR,44.628688962957625,42.54710947483913,47.54850677301622,31.692254646614828,STEADY,OK,46.0
6,408,38.05,75,MONITOR,44.577913163054376,42.49633367493588,47.49773097311297,31.64200181345882,STEADY,OK,45.95
6,409,38.11666666666667,75,MONITOR,44.51006329566011,42.42848380754162,47.42988110571871,31.574367725460014,STEADY,OK,45.88333333333333
6,410,38.18333333333333,75,MONITOR,44.44221342826584,42.360633940147345,47.362031238324434,31.506733637461203,STEADY,OK,45.81666666666667
6,411,38.25,76,MONITOR,44.37467205528509,42.293092567166596,47.294489865343685,31.439096919245415,STEADY,OK,45.75
6,412,38.31666666666667,76,MONITOR,44.307130682304326,42.22555119418583,47.22694849236292,31.371460201029628,STEADY,OK,45.68333333333333
6,413,38.38333333333333,76,MONITOR,44.24000841173713,42.15842892361864,47.159826221795726,31.302908895573246,STEADY,OK,45.61666666666667
6,414,38.733333333333334,76,MONITOR,43.88955280783658,41.80797331971809,46.809370617895176,30.951024256783526,STEADY,OK,45.266666666666666
6,415,38.8,76,MONITOR,43.82174811131914,41.740168623200645,46.741565921377735,30.879271706794455,STEADY,OK,45.2
6,416,38.86666666666667,77,MONITOR,43.753943414801675,41.67236392668318,46.67376122486027,30.807519156805377,STEADY,OK,45.13333333333333
6,417,38.93333333333333,77,MONITOR,43.68579269917317,41.60421321105468,46.60561050923177,30.739965411433893,STEADY,OK,45.06666666666667
6,418,38.983333333333334,77,MONITOR,43.634308650211324,41.55272916209283,46.55412646026992,30.689078332729068,STEADY,OK,45.016666666666666
6,419,39.05,77,MONITOR,43.56409606003395,41.482516571915454,46.48391387009254,30.620660623582253,STEADY,OK,44.95
6,420,39.11666666666667,77,MONITOR,43.49388346985655,41.412303981738056,46.413701279915145,30.552242914435418,STEADY,OK,44.88333333333333
6,421,39.18333333333333,77,MONITOR,43.424218086574434,41.34263859845594,46.34403589663303,30.47744117028666,STEADY,OK,44.81666666666667
6,422,39.25,77,MONITOR,43.35455270329231,41.27297321517382,46.27437051335091,30.40263942613791,STEADY,OK,44.75
6,423,39.31666666666667,77,MONITOR,43.284372531189426,41.20279304307093,46.20419034124802,30.334426920126113,STEADY,OK,44.68333333333333
6,424,39.36666666666667,77,MONITOR,43.23085902575321,41.14927953763472,46.15067683581181,30.28288108078099,STEADY,OK,44.63333333333333
6,425,39.43333333333333,78,MONITOR,43.1638602968743,41.082280808755804,46.083678106932894,30.214740660346088,STEADY,OK,44.56666666666667
6,426,39.5,78,MONITOR,43.096861567995376,41.01528207987688,46.01667937805397,30.146600239911166,STEADY,OK,44.5
6,427,39.56666666666667,78,MONITOR,43.02907980823576,40.947500320117264,45.94889761829435,30.078565692530937,STEADY,OK,44.43333333333333
6,428,39.9,78,MONITOR,42.694631381809465,40.61305189369097,45.61444919186806,29.74386447848405,STEADY,OK,44.1
6,429,39.96666666666667,78,MONITOR,42.626218894108575,40.54463940599008,45.54603670416717,29.67488164241304,STEADY,OK,44.03333333333333
6,430,40.016666666666666,79,MONITOR,42.574473073074344,40.49289358495585,45.49429088313294,29.622565473008706,STEADY,OK,43.983333333333334
6,431,40.083333333333336,79,MONITOR,42.50707861318853,40.42549912507004,45.42689642324713,29.55405745190388,STEADY,OK,43.916666666666664
6,432,40.15,79,MONITOR,42.43968415330273,40.358104665184236,45.359501963361325,29.485549430799047,STEADY,OK,43.85
6,433,40.21666666666667,79,MONITOR,42.37240684405555,40.290827355937054,45.29222465411414,29.41143421255171,STEADY,OK,43.78333333333333
6,434,40.28333333333333,79,MONITOR,42.30512953480839,40.223550046689894,45.22494734486698,29.33731899430437,STEADY,OK,43.71666666666667
6,435,40.35,79,MONITOR,42.237810785488016,40.15623129736952,45.15762859554661,29.26975099758166,STEADY,OK,43.65
6,436,40.71666666666667,79,MONITOR,41.87049203616763,39.78891254804914,44.79030984622623,28.90218300085897,STEADY,OK,43.28333333333333
6,437,40.766666666666666,79,MONITOR,41.819677742455795,39.7380982543373,44.73949555251439,28.85111327515675,STEADY,OK,43.233333333333334
6,438,40.833333333333336,79,MONITOR,41.75219678207727,39.67061729395878,44.67201459213587,28.78337688278784,STEADY,OK,43.166666666666664
6,439,40.9,80,MONITOR,41.68545454757905,39.603875059460556,44.605272357637645,28.71653805451178,STEADY,OK,43.1
6,440,40.96666666666667,80,MONITOR,41.618712313080806,39.53713282496231,44.5385301231394,28.64969922623571,STEADY,OK,43.03333333333333
6,441,41.03333333333333,80,MONITOR,41.549711183632255,39.46813169551376,44.46952899369085,28.579320496604737,STEADY,OK,42.96666666666667
6,442,41.1,80,MONITOR,41.480710054183696,39.3991305660652,44.40052786424229,28.50894176697374,STEADY,OK,42.9
6,443,41.45,80,MONITOR,41.129512204800974,39.04793271668248,44.04933001485957,28.156717322132295,STEADY,OK,42.55
6,444,41.516666666666666,80,MONITOR,41.06164768875158,38.980068200633085,43.981465498810174,28.087826210624186,STEADY,OK,42.483333333333334
6,445,41.583333333333336,80,MONITOR,40.993691250081845,38.91211176196335,43.91350906014044,28.015438775357985,STEADY,OK,42.416666666666664
6,446,41.65,80,MONITOR,40.92573481141212,38.84415532329363,43.845552621470716,27.94305134009179,STEADY,OK,42.35
6,447,41.7,80,MONITOR,40.87492598520811,38.793346497089615,43.794743795266704,27.88765533113704,STEADY,OK,42.3
6,448,41.766666666666666,80,MONITOR,40.80745049233744,38.725871004218945,43.727268302396034,27.81559265551563,STEADY,OK,42.233333333333334
6,449,41.833333333333336,80,MONITOR,40.739105866394375,38.65752637827588,43.65892367645297,27.741872419518607,STEADY,OK,42.166666666666664
6,450,41.9,80,MONITOR,40.670761240451334,38.58918175233284,43.59057905050993,27.668152183521592,STEADY,OK,42.1
6,451,41.96666666666667,80,MONITOR,40.60380420130792,38.52222471318943,43.52362201136652,27.601039991117332,STEADY,OK,42.03333333333333
6,452,42.03333333333333,80,MONITOR,40.536847162164534,38.45526767404604,43.45666497222313,27.53392779871308,STEADY,OK,41.96666666666667
6,453,42.083333333333336,80,MONITOR,40.48642833507822,38.40484884695973,43.40624614513682,27.482512356772652,STEADY,OK,41.916666666666664
6,454,42.15,80,MONITOR,40.41934284132525,38.33776335320676,43.33916065138385,27.41443024816558,STEADY,OK,41.85
6,455,42.21666666666667,80,MONITOR,40.34995375893949,38.268374270821,43.26977156899809,27.343530118429783,STEADY,OK,41.78333333333333
6,456,42.28333333333333,80,MONITOR,40.28056467655374,38.198985188435245,43.200382486612334,27.272629988693993,STEADY,OK,41.71666666666667
6,457,42.61666666666667,80,MONITOR,39.94682421606233,37.86524472794384,42.86664202612093,26.93849322380276,STEADY,OK,41.38333333333333
6,458,42.68333333333333,80,MONITOR,39.8797504222376,37.798170934119106,42.799568232296195,26.871023125578198,STEADY,OK,41.31666666666667
6,459,42.75,80,MONITOR,39.813031108144685,37.73145162002619,42.73284891820328,26.803876748207855,STEADY,OK,41.25
6,460,42.8,80,MONITOR,39.76297846071846,37.681398972599965,42.682796270777054,26.753397037504186,STEADY,OK,41.2
6,461,42.86666666666667,80,MONITOR,39.69596479019291,37.61438530207442,42.61578260025151,26.685333810967542,STEADY,OK,41.13333333333333
6,462,42.93333333333333,80,MONITOR,39.628951119667384,37.54737163154889,42.54876892972598,26.61727058443089,STEADY,OK,41.06666666666667
6,463,43.0,80,MONITOR,39.560514729000715,37.47893524088222,42.48033253905931,26.54834494508208,STEADY,OK,41.0
6,464,43.06666666666667,80,MONITOR,39.49207833833403,37.41049885021554,42.41189614839263,26.479419305733252,STEADY,OK,40.93333333333333
6,465,43.45,81,MONITOR,39.10855895945757,37.026979471339075,42.028376769516164,26.098344945082076,STEADY,OK,40.55
6,466,43.516666666666666,81,MONITOR,39.041706247247774,36.96012675912928,41.96152405730637,26.029419305733256,STEADY,OK,40.483333333333334
6,467,43.56666666666667,81,MONITOR,38.98994828896017,36.90836880084168,41.90976609901877,25.978049882879894,STEADY,OK,40.43333333333333
6,468,43.63333333333333,81,MONITOR,38.92152366400591,36.83994417588742,41.84134147406451,25.910013793359887,STEADY,OK,40.36666666666667
6,469,43.7,81,MONITOR,38.84962183169074,36.76804234357225,41.76943964174934,25.8412134748976,STEADY,OK,40.3
6,470,43.766666666666666,81,MONITOR,38.77771999937558,36.696140511257084,41.69753780943417,25.77241315643532,STEADY,OK,40.233333333333334
6,471,43.833333333333336,81,MONITOR,38.710338088628426,36.62875860050993,41.63015589868702,25.70481306433293,STEADY,OK,40.166666666666664
6,472,44.18333333333333,81,MONITOR,38.359622844547964,36.27804335642947,41.27944065460656,25.35387963889722,STEADY,OK,39.81666666666667
6,473,44.25,81,MONITOR,38.291769038985194,36.2101895508667,41.21158684904379,25.285611729753896,STEADY,OK,39.75
6,474,44.31666666666667,81,MONITOR,38.22391523342244,36.142335745303946,41.143733043481035,25.217343820610573,STEADY,OK,39.68333333333333
6,475,44.38333333333333,81,MONITOR,38.15696397949039,36.0753844913719,41.07678178954899,25.149509671341967,STEADY,OK,39.61666666666667
6,476,44.43333333333333,81,MONITOR,38.106679392225026,36.02509990410653,41.02649720228362,25.098342188740027,STEADY,OK,39.56666666666667
6,477,44.5,81,MONITOR,38.038071422906214,35.95649193478772,40.95788923296481,25.030238443458742,STEADY,OK,39.5
6,478,44.56666666666667,81,MONITOR,37.9694634535874,35.88788396546891,40.889281263646,24.962134698177458,STEADY,OK,39.43333333333333
6,479,44.63333333333333,81,MONITOR,37.901443220314,35.81986373219551,40.8212610303726,24.892471586317605,STEADY,OK,39.36666666666667
6,480,44.7,81,MONITOR,37.833422987040606,35.75184349892211,40.7532407970992,24.82280847445776,STEADY,OK,39.3
6,481,44.766666666666666,81,MONITOR,37.76667528400313,35.685095795884635,40.686493094061724,24.754950694590278,STEADY,OK,39.233333333333334
6,482,44.81666666666667,81,MONITOR,37.71659424763231,35.635014759513815,40.636412057690904,24.70375958138944,STEADY,OK,39.18333333333333
6,483,44.88333333333333,81,MONITOR,37.649890512752584,35.56831102463409,40.56970832281118,24.63612709719157,STEADY,OK,39.11666666666667
6,484,44.95,81,MONITOR,37.583186777872854,35.50160728975436,40.50300458793145,24.568494612993703,STEADY,OK,39.05
6,485,45.016666666666666,81,MONITOR,37.51639006031573,35.434810572197236,40.436207870374325,24.501810175809922,STEADY,OK,38.983333333333334
6,486,45.35,81,MONITOR,37.18292667609193,35.10134718797344,40.10274448615053,24.168494612993705,STEADY,OK,38.65
6,487,45.416666666666664,81,MONITOR,37.11384567292378,35.03226618480529,40.03366348298238,24.101810175809923,STEADY,OK,38.583333333333336
6,488,45.46666666666667,81,MONITOR,37.06143133642229,34.979851848303795,39.981249146480884,24.0517924052928,STEADY,OK,38.53333333333333
6,489,45.53333333333333,81,MONITOR,36.994254616410686,34.91267512829219,39.91407242646928,23.98314192094297,STEADY,OK,38.46666666666667
6,490,45.6,81,MONITOR,36.92707789639908,34.845498408280584,39.84689570645767,23.91449143659313,STEADY,OK,38.4
6,491,45.666666666666664,81,MONITOR,36.85959441644031,34.77801492832182,39.779412226498906,23.84337049988455,STEADY,OK,38.333333333333336
6,492,45.733333333333334,81,MONITOR,36.792110936481535,34.71053144836304,39.71192874654013,23.77224956317596,STEADY,OK,38.266666666666666
6,493,45.8,81,MONITOR,36.724465411478846,34.64288592336035,39.64428322153744,23.702823907986286,STEADY,OK,38.2
6,494,46.13333333333333,82,MONITOR,36.390153219809484,34.30857373169099,39.30997102986808,23.372249563175963,STEADY,OK,37.86666666666667
6,495,46.2,82,MONITOR,36.320828844586046,34.23924935646755,39.24064665464464,23.31003716655121,STEADY,OK,37.8
6,496,46.266666666666666,82,MONITOR,36.251504469362615,34.16992498124412,39.17132227942121,23.23891622984263,STEADY,OK,37.733333333333334
6,497,46.333333333333336,82,MONITOR,36.18480036449983,34.103220876381336,39.104618174558425,23.169490574652947,STEADY,OK,37.666666666666664
6,498,46.4,82,MONITOR,36.11809625963705,34.036516771518556,39.037914069695645,23.100064919463257,STEADY,OK,37.6
6,499,46.46666666666667,82,MONITOR,36.04854781756613,33.96696832944764,38.96836562762473,23.03247530881623,STEADY,OK,37.53333333333333
6,500,46.516666666666666,82,MONITOR,35.995666042161886,33.914086554043394,38.91548385222048,22.981552364835892,STEADY,OK,37.483333333333334
6,501,46.88333333333333,82,MONITOR,35.628881482793226,33.54730199467473,38.54869929285182,22.614485649728742,STEADY,OK,37.11666666666667
6,502,46.95,82,MONITOR,35.56209692342456,33.48051743530607,38.48191473348316,22.547418934621575,STEADY,OK,37.05
6,503,47.016666666666666,82,MONITOR,35.48997460232168,33.40839511420319,38.40979241238028,22.479572160813703,STEADY,OK,36.983333333333334
6,504,47.06666666666667,82,MONITOR,35.43451894788546,33.352939459766965,38.354336757944054,22.42839205367249,STEADY,OK,36.93333333333333
6,505,47.13333333333333,82,MONITOR,35.36747036102303,33.28589087290454,38.28728817108163,22.360274094263836,STEADY,OK,36.86666666666667
6,506,47.2,82,MONITOR,35.30042177416058,33.21884228604209,38.22023958421918,22.29215613485519,STEADY,OK,36.8
6,507,47.266666666666666,82,MONITOR,35.22822155609329,33.146642067974796,38.148039366151885,22.224396728773357,STEADY,OK,36.733333333333334
6,508,47.333333333333336,82,MONITOR,35.156021338026,33.07444184990751,38.0758391480846,22.156637322691502,STEADY,OK,36.666666666666664
6,509,47.4,82,MONITOR,35.08910977460456,33.007530286486066,38.008927584663155,22.089765588371186,STEADY,OK,36.6
6,510,47.45,82,MONITOR,35.038864877849775,32.95728538973128,37.95868268790837,22.03956052071753,STEADY,OK,36.55
6,511,47.516666666666666,82,MONITOR,34.97093261890326,32.88935313078477,37.89075042896186,21.97219926151871,STEADY,OK,36.483333333333334
6,512,47.583333333333336,82,MONITOR,34.90300035995674,32.82142087183825,37.82281817001534,21.904838002319885,STEADY,OK,36.416666666666664
6,513,47.65,82,MONITOR,34.83093068347744,32.74935119535895,37.75074849353604,21.833590681049536,STEADY,OK,36.35
6,514,47.71666666666667,83,MONITOR,34.75886100699813,32.67728151887964,37.67867881705673,21.76234335977918,STEADY,OK,36.28333333333333
6,515,48.05,83,MONITOR,34.42551965530343,32.34394016718494,37.34533746536203,21.433590681049537,STEADY,OK,35.95
6,516,48.11666666666667,83,MONITOR,34.35884497027539,32.2772654821569,37.27866278033399,21.371504668986553,STEADY,OK,35.88333333333333
6,517,48.18333333333333,83,MONITOR,34.29083901362262,32.20925952550413,37.21065682368122,21.305532594852046,STEADY,OK,35.81666666666667
6,518,48.233333333333334,83,MONITOR,34.23949972363653,32.157920235518034,37.15931753369512,21.256227187384198,STEADY,OK,35.766666666666666
6,519,48.3,83,MONITOR,34.170990181912615,32.08941069379412,37.09080799197121,21.189765588371188,STEADY,OK,35.7
6,520,48.36666666666667,83,MONITOR,34.10248064018871,32.020901152070216,37.022298450247305,21.12330398935817,STEADY,OK,35.63333333333333
6,521,48.43333333333333,83,MONITOR,34.034964652717015,31.953385164598526,36.95478246277561,21.057730062106693,STEADY,OK,35.56666666666667
6,522,48.5,83,MONITOR,33.967448665245314,31.885869177126825,36.88726647530391,20.992156134855193,STEADY,OK,35.5
6,523,48.88333333333333,83,MONITOR,33.58403579831187,31.502456310193377,36.50385360837046,20.610274094263836,STEADY,OK,35.11666666666667
6,524,48.93333333333333,83,MONITOR,33.53395626471177,31.45237677659328,36.453774074770365,20.56172538700583,STEADY,OK,35.06666666666667
6,525,49.0,83,MONITOR,33.465157644397806,31.383578156279317,36.3849754544564,20.49623882748037,STEADY,OK,35.0
6,526,49.06666666666667,83,MONITOR,33.39635902408386,31.314779535965368,36.31617683414245,20.430752267954908,STEADY,OK,34.93333333333333
6,527,49.13333333333333,83,MONITOR,33.32831843491848,31.24673894679999,36.248136244977076,20.362905494147036,STEADY,OK,34.86666666666667
6,528,49.2,83,MONITOR,33.26027784575311,31.17869835763462,36.180095655811705,20.295058720339156,STEADY,OK,34.8
6,529,49.266666666666666,83,MONITOR,33.19268880867925,31.11110932056076,36.11250661873785,20.226940760930503,STEADY,OK,34.733333333333334
6,530,49.61666666666667,84,MONITOR,32.84176643827204,30.76018695015355,35.761584248330635,19.878392053672492,STEADY,OK,34.38333333333333
6,531,49.68333333333333,84,MONITOR,32.774534883027066,30.692955394908576,35.69435269308566,19.81290549414704,STEADY,OK,34.31666666666667
6,532,49.75,84,MONITOR,32.70730332778207,30.625723839663582,35.62712113784067,19.747418934621578,STEADY,OK,34.25
6,533,49.81666666666667,84,MONITOR,32.639495798184804,30.557916310066314,35.5593136082434,19.681152316395405,STEADY,OK,34.18333333333333
6,534,49.86666666666667,84,MONITOR,32.58835493525421,30.50677544713572,35.508172745312805,19.63155236483589,STEADY,OK,34.13333333333333
6,535,49.93333333333333,84,MONITOR,32.521261809566674,30.439682321448185,35.44107961962527,19.564485649728745,STEADY,OK,34.06666666666667
6,536,50.0,84,MONITOR,32.45416868387913,30.372589195760643,35.37398649393773,19.498219031502558,STEADY,OK,34.0
6,537,50.06666666666667,84,MONITOR,32.38630945225386,30.304729964135372,35.30612726231246,19.43247530881623,STEADY,OK,33.93333333333333
6,538,50.13333333333333,84,MONITOR,32.318450220628584,30.236870732510095,35.23826803068718,19.366731586129923,STEADY,OK,33.86666666666667
6,539,50.2,84,MONITOR,32.251378640509415,30.169799152390926,35.17119645056801,19.30072616907735,STEADY,OK,33.8
6,540,50.25,84,MONITOR,32.20097372705692,30.11939423893843,35.120791537115515,19.250064919463256,STEADY,OK,33.75
6,541,50.31666666666667,84,MONITOR,32.13315230409059,30.051572815972104,35.05297011414919,19.18247530881623,STEADY,OK,33.68333333333333
6,542,50.38333333333333,84,MONITOR,32.065330881124275,29.983751393005786,34.98514869118287,19.114885698169225,STEADY,OK,33.61666666666667
6,543,50.45,84,MONITOR,31.995145605007238,29.91356611688875,34.914963415065834,19.047818983062072,STEADY,OK,33.55
6,544,50.78333333333333,84,MONITOR,31.658293662223542,29.576714174105053,34.57811147228214,18.714885698169226,STEADY,OK,33.21666666666667
6,545,50.85,84,MONITOR,31.590916696944156,29.509337208825666,34.51073450700275,18.649141975482898,STEADY,OK,33.15
6,546,50.916666666666664,84,MONITOR,31.52353973166479,29.4419602435463,34.44335754172339,18.58339825279659,STEADY,OK,33.083333333333336
6,547,50.96666666666667,84,MONITOR,31.473231115556572,29.391651627438083,34.39304892561517,18.534059502410685,STEADY,OK,33.03333333333333
6,548,51.03333333333333,84,MONITOR,31.406255832781696,29.324676344663207,34.32607364284029,18.46805408535812,STEADY,OK,32.96666666666667
6,549,51.1,84,MONITOR,31.33851051072353,29.25693102260504,34.25832832078213,18.40348515760038,STEADY,OK,32.9
6,550,51.166666666666664,84,MONITOR,31.270765188665372,29.189185700546883,34.19058299872397,18.33891622984263,STEADY,OK,32.833333333333336
6,551,51.233333333333334,84,MONITOR,31.203659580817288,29.1220800926988,34.123477390875884,18.275601043325665,STEADY,OK,32.766666666666666
6,552,51.55,85,MONITOR,30.88655397296921,28.80497448485072,33.80637178302781,17.96228585680869,STEADY,OK,32.45
6,553,51.61666666666667,85,MONITOR,30.818482648094523,28.736903159976034,33.73830045815312,17.89672198003425,STEADY,OK,32.38333333333333
6,554,51.68333333333333,85,MONITOR,30.75041132321983,28.66883183510134,33.670229133278426,17.831158103259803,STEADY,OK,32.31666666666667
6,555,51.75,85,MONITOR,30.679811653194463,28.598232165075974,33.59962946325306,17.76580478597276,STEADY,OK,32.25
6,556,51.81666666666667,85,MONITOR,30.609211983169097,28.527632495050607,33.52902979322769,17.700451468685735,STEADY,OK,32.18333333333333
6,557,51.88333333333333,85,MONITOR,30.54150174794271,28.45992225982422,33.46131955800131,17.63247145263943,STEADY,OK,32.11666666666667
6,558,51.93333333333333,85,MONITOR,30.49045817938299,28.4088786912645,33.41027598944159,17.581158103259803,STEADY,OK,32.06666666666667
6,559,52.3,85,MONITOR,30.12301951989413,28.04144003177564,33.042837329952725,17.215804785972765,STEADY,OK,31.700000000000003
6,560,52.36666666666667,85,MONITOR,30.05558086040525,27.97400137228676,32.975398670463846,17.150451468685738,STEADY,OK,31.633333333333333
6,561,52.43333333333333,85,MONITOR,29.988801512402,28.196260885876125,32.314536350251934,17.0844552703226,STEADY,OK,31.56666666666667
6,562,52.483333333333334,85,MONITOR,29.938688831065406,28.146148204539532,32.26442366891534,17.035125738626135,STEADY,OK,31.516666666666666
6,563,52.55,85,MONITOR,29.87055053526889,28.078009908743017,32.196285373118826,16.96847684247659,STEADY,OK,31.450000000000003
6,564,52.61666666666667,85,MONITOR,29.802412239472382,28.009871612946508,32.12814707732232,16.901792405292802,STEADY,OK,31.383333333333333
6,565,52.68333333333333,85,MONITOR,29.73511210134847,27.942571474822596,32.060846939198406,16.8344552703226,STEADY,OK,31.31666666666667
6,566,52.75,85,MONITOR,29.66781196322455,27.875271336698678,31.993546801074487,16.76845907195947,STEADY,OK,31.25
6,567,52.8,85,MONITOR,29.616415651353734,27.82387502482786,31.94215048920367,16.71847684247659,STEADY,OK,31.200000000000003
6,568,52.86666666666667,85,MONITOR,29.548352672816243,27.75581204629037,31.87408751066618,16.651792405292802,STEADY,OK,31.133333333333333
6,569,52.93333333333333,85,MONITOR,29.480971719970974,27.6884310934451,31.80670655782091,16.5844552703226,STEADY,OK,31.06666666666667
6,570,53.0,85,MONITOR,29.413590767125697,27.621050140599824,31.739325604975633,16.517118135352405,STEADY,OK,31.0
6,571,53.06666666666667,85,MONITOR,29.345965361748604,27.55342473522273,31.67170019959854,16.44959933256427,STEADY,OK,30.93333333333333
6,572,53.13333333333333,85,MONITOR,29.278339956371518,27.485799329845644,31.604074794221454,16.383784802019072,STEADY,OK,30.866666666666667
6,573,53.46666666666667,86,MONITOR,28.94386456888877,27.151323942362897,31.269599406738706,16.05112193698926,STEADY,OK,30.53333333333333
6,574,53.516666666666666,86,MONITOR,28.89272251473936,27.100181888213488,31.218457352589297,16.001792405292804,STEADY,OK,30.483333333333334
6,575,53.583333333333336,86,MONITOR,28.82480860090599,27.032267974380115,31.150543438755925,15.935143509143252,STEADY,OK,30.416666666666664
6,576,53.65,86,MONITOR,28.756894687072624,26.96435406054675,31.08262952492256,15.868494612993707,STEADY,OK,30.35
6,577,53.71666666666667,86,MONITOR,28.68866720507613,26.896126578550255,31.014402042926065,15.801988697287157,STEADY,OK,30.28333333333333
6,578,53.78333333333333,86,MONITOR,28.62043972307964,26.827899096553768,30.946174560929578,15.7354827815806,STEADY,OK,30.21666666666667
6,579,53.85,86,MONITOR,28.55376004969991,26.761219423174037,30.879494887549846,15.669477110757434,STEADY,OK,30.15
6,580,53.9,86,MONITOR,28.503747042986852,26.71120641646098,30.829481880836788,15.62013810660094,STEADY,OK,30.1
6,581,54.25,86,MONITOR,28.152610056029374,26.3600694295035,30.47834489387931,15.270282177328525,STEADY,OK,29.75
6,582,54.31666666666667,86,MONITOR,28.084806402405242,26.29226577587937,30.410541240255178,15.203759581389441,STEADY,OK,29.68333333333333
6,583,54.38333333333333,86,MONITOR,28.01689543205213,26.224354805526257,30.342630269902067,15.13828402792361,STEADY,OK,29.616666666666667
6,584,54.45,86,MONITOR,27.948984461699,26.156443835173125,30.274719299548934,15.072808474457759,STEADY,OK,29.549999999999997
6,585,54.516666666666666,86,MONITOR,27.881457972137397,26.088917345611524,30.207192809987333,15.009138252984272,STEADY,OK,29.483333333333334
6,586,54.583333333333336,86,MONITOR,27.813931482575775,26.0213908560499,30.13966632042571,14.939475141124426,STEADY,OK,29.416666666666664
6,587,54.63333333333333,86,MONITOR,27.761420392168155,25.96887976564228,30.08715523001809,14.88828402792361,STEADY,OK,29.366666666666667
6,588,55.0,86,MONITOR,27.39224263509388,25.599702008568006,29.717977472943815,14.522808474457761,STEADY,OK,29.0
6,589,55.06666666666667,87,MONITOR,27.325491702705186,25.532951076179312,29.651226540555122,14.459138252984268,STEADY,OK,28.93333333333333
6,590,55.13333333333333,87,MONITOR,27.2587407703165,25.466200143790626,29.584475608166436,14.395468031510795,STEADY,OK,28.866666666666667
6,591,55.2,87,MONITOR,27.19140504815408,25.398864421628208,29.517139886004017,14.32883643575839,STEADY,OK,28.799999999999997
6,592,55.25,87,MONITOR,27.140735992658335,25.34819536613246,29.46647083050827,14.278871506672658,STEADY,OK,28.75
6,593,55.31666666666667,87,MONITOR,27.07204227090849,25.279501644382616,29.397777108758426,14.213606847706338,STEADY,OK,28.68333333333333
6,594,55.38333333333333,87,MONITOR,27.003348549158652,25.210807922632778,29.329083387008588,14.148342188740024,STEADY,OK,28.616666666666667
6,595,55.45,87,MONITOR,26.936597002573947,25.144056376048074,29.262331840423883,14.08173599408731,STEADY,OK,28.549999999999997
6,596,55.516666666666666,87,MONITOR,26.86984545598925,25.077304829463376,29.195580293839186,14.015129799434618,STEADY,OK,28.483333333333334
6,597,55.583333333333336,87,MONITOR,26.802303123140796,25.009762496614922,29.12803796099073,13.94849827523688,STEADY,OK,28.416666666666664
6,598,55.63333333333333,87,MONITOR,26.751427456959014,24.95888683043314,29.07716229480895,13.89846313276795,STEADY,OK,28.366666666666667
6,599,55.7,87,MONITOR,26.684664490876003,24.89212386435013,29.01039932872594,13.83173599408731,STEADY,OK,28.299999999999997
6,600,55.766666666666666,87,MONITOR,26.617901524792998,24.825360898267125,28.943636362642934,13.765008855406691,STEADY,OK,28.233333333333334
6,601,55.833333333333336,87,MONITOR,26.550608364320873,24.758067737795,28.87634320217081,13.696940181039672,STEADY,OK,28.166666666666664
6,602,56.166666666666664,87,MONITOR,26.21664853718209,24.424107910656215,28.542383375032024,13.365008855406693,STEADY,OK,27.833333333333336
6,603,56.233333333333334,87,MONITOR,26.14892131133948,24.356380684813605,28.474656149189414,13.298402660753979,STEADY,OK,27.766666666666666
6,604,56.28333333333333,87,MONITOR,26.09786075216354,24.305320125637667,28.423595590013477,13.248463132767952,STEADY,OK,27.71666666666667
6,605,56.35,87,MONITOR,26.027675019656336,24.235134393130462,28.35340985750627,13.181831608570214,STEADY,OK,27.65
6,606,56.416666666666664,87,MONITOR,25.957489287149137,24.164948660623264,28.283224124999073,13.115200084372482,STEADY,OK,27.583333333333336
6,607,56.483333333333334,87,MONITOR,25.888256969481475,24.0957163429556,28.21399180733141,13.049605285824853,STEADY,OK,27.516666666666666
6,608,56.55,87,MONITOR,25.81902465181382,24.026484025287946,28.144759489663755,12.984010487277246,STEADY,OK,27.450000000000003
6,609,56.61666666666667,87,MONITOR,25.752279155438963,23.95973852891309,28.0780139932889,12.918945063087229,STEADY,OK,27.383333333333333
6,610,56.95,88,MONITOR,25.41886699239744,23.626326365871567,27.744601830247376,12.587212972230546,STEADY,OK,27.049999999999997
6,611,57.016666666666666,88,MONITOR,25.351435389479647,23.558894762953773,27.677170227329583,12.521479730999602,STEADY,OK,26.983333333333334
6,612,57.083333333333336,88,MONITOR,25.284003786561847,23.491463160035973,27.609738624411783,12.45574648976865,STEADY,OK,26.916666666666664
6,613,57.15,88,MONITOR,25.2162142953512,23.423673668825327,27.541949133201136,12.389296106786084,STEADY,OK,26.85
6,614,57.2,88,MONITOR,25.165091470807226,23.372550844281353,27.490826308657162,12.33951239047019,STEADY,OK,26.799999999999997
6,615,57.266666666666666,88,MONITOR,25.097449731857452,23.30490910533158,27.423184569707388,12.272629440119417,STEADY,OK,26.733333333333334
6,616,57.333333333333336,88,MONITOR,25.02980799290767,23.237267366381797,27.355542830757607,12.20574648976865,STEADY,OK,26.666666666666664
6,617,57.7,88,MONITOR,24.65779521785744,22.865254591331567,26.983530055707377,11.83929610678608,STEADY,OK,26.299999999999997
6,618,57.766666666666666,88,MONITOR,24.58578244280723,22.793241816281355,26.911517280657165,11.772845723803528,STEADY,OK,26.233333333333334
6,619,57.81666666666667,88,MONITOR,24.535663551018736,22.743122924492862,26.861398388868672,11.72476309191503,STEADY,OK,26.18333333333333
6,620,57.88333333333333,88,MONITOR,24.468877992563584,22.67633736603771,26.79461283041352,11.660013793359887,STEADY,OK,26.116666666666667
6,621,57.95,88,MONITOR,24.401846688544282,22.60930606201841,26.727581526394218,11.593544578120898,STEADY,OK,26.049999999999997
6,622,58.016666666666666,88,MONITOR,24.334815384524987,22.542274757999113,26.660550222374923,11.52707536288193,STEADY,OK,25.983333333333334
6,623,58.083333333333336,88,MONITOR,24.267221176722565,22.47468055019669,26.5929560145725,11.46090888950797,STEADY,OK,25.916666666666664
6,624,58.13333333333333,88,MONITOR,24.2162936355868,22.423753009060928,26.542028473436737,11.411409082800681,STEADY,OK,25.866666666666667
6,625,58.2,88,MONITOR,24.147911223121397,22.355370596595524,26.473646060971333,11.345414194266965,STEADY,OK,25.799999999999997
6,626,58.266666666666666,88,MONITOR,24.079528810655987,22.286988184130113,26.405263648505922,11.279419305733256,STEADY,OK,25.733333333333334
6,627,58.333333333333336,88,MONITOR,24.012537660977763,22.21999703445189,26.3382724988277,11.21357810654964,STEADY,OK,25.666666666666664
6,628,58.4,88,MONITOR,23.945546511299547,22.153005884773673,26.271281349149483,11.146085972399923,STEADY,OK,25.6
6,629,58.46666666666667,88,MONITOR,23.878306123559923,22.08576549703405,26.20404096140986,11.0787475276003,STEADY,OK,25.53333333333333
6,630,58.53333333333333,88,MONITOR,23.811065735820293,22.01852510929442,26.13680057367023,11.01275263906659,STEADY,OK,25.46666666666667
6,631,58.86666666666667,88,MONITOR,23.47754504217341,21.685004415647537,25.803279880023346,10.680244773216309,STEADY,OK,25.133333333333333
6,632,58.916666666666664,88,MONITOR,23.42735768185988,21.634817055334008,25.753092519709817,10.631070240699366,STEADY,OK,25.083333333333336
6,633,58.983333333333334,88,MONITOR,23.359519336469816,21.566978709943943,25.685254174319752,10.564834008153511,STEADY,OK,25.016666666666666
6,634,59.05,88,MONITOR,23.291680991079758,21.499140364553885,25.617415828929694,10.498597775607678,STEADY,OK,24.950000000000003
6,635,59.11666666666667,89,MONITOR,23.223657352999602,21.43111672647373,25.549392190849538,10.43293418001928,STEADY,OK,24.883333333333333
6,636,59.18333333333333,89,MONITOR,23.15563371491944,21.363093088393565,25.481368552769375,10.36727058443089,STEADY,OK,24.81666666666667
6,637,59.25,89,MONITOR,23.088091254175595,21.29555062764972,25.41382609202553,10.30200047763421,STEADY,OK,24.75
6,638,59.3,89,MONITOR,23.03721546009841,21.244674833572535,25.362950297948345,10.253397037504186,STEADY,OK,24.700000000000003
6,639,59.65,89,MONITOR,22.68611898879616,20.893578362270286,25.011853826646096,9.903876748207857,STEADY,OK,24.35
6,640,59.71666666666667,89,MONITOR,22.618355850827243,20.82581522430137,24.94409068867718,9.83768979224486,STEADY,OK,24.28333333333333
6,641,59.766666666666666,89,MONITOR,22.568187536500076,20.775646909974203,24.893922374350012,9.78849322380276,STEADY,OK,24.233333333333334
6,642,59.833333333333336,89,MONITOR,22.501352555506237,20.708811928980364,24.827087393356173,9.722629988693988,STEADY,OK,24.166666666666664
6,643,59.9,89,MONITOR,22.434401045888073,20.6418604193622,24.76013588373801,9.66009248467089,STEADY,OK,24.1
6,644,59.96666666666667,89,MONITOR,22.367449536269902,20.57490890974403,24.693184374119838,9.589296655360656,STEADY,OK,24.03333333333333
6,645,60.03333333333333,89,MONITOR,22.300061966055893,20.50752133953002,24.62579680390583,9.521826557136094,STEADY,OK,23.96666666666667
6,646,60.38333333333333,89,MONITOR,21.949341062508545,20.15680043598267,24.27507590035848,9.172629988693991,STEADY,OK,23.616666666666667
6,647,60.45,89,MONITOR,21.88254267420649,20.090002047680617,24.208277512056426,9.110092484670886,STEADY,OK,23.549999999999997
6,648,60.516666666666666,89,MONITOR,21.815744285904444,20.02320365937857,24.14147912375438,9.047554980647774,STEADY,OK,23.483333333333334
6,649,60.583333333333336,89,MONITOR,21.748385613510827,19.955844986984953,24.074120451360763,8.980992614406667,STEADY,OK,23.416666666666664
6,650,60.65,89,MONITOR,21.681026941117217,19.888486314591344,24.006761778967153,8.91443024816558,STEADY,OK,23.35
6,651,60.71666666666667,89,MONITOR,21.614318317388282,19.821777690862408,23.940053155238218,8.847659281073334,STEADY,OK,23.28333333333333
6,652,60.766666666666666,89,MONITOR,21.56427636032602,19.771735733800146,23.890011198175955,8.797554980647774,STEADY,OK,23.233333333333334
6,653,60.833333333333336,89,MONITOR,21.497299245495007,19.704758618969134,23.823034083344943,8.726759151337554,STEADY,OK,23.166666666666664
6,654,60.9,89,MONITOR,21.430322130664003,19.63778150413813,23.75605696851394,8.655963322027326,STEADY,OK,23.1
6,655,60.96666666666667,89,MONITOR,21.363617881941323,19.57107725541545,23.68935271979126,8.588493223802757,STEADY,OK,23.03333333333333
6,656,61.03333333333333,89,MONITOR,21.29691363321865,19.504373006692777,23.622648471068587,8.521023125578196,STEADY,OK,22.96666666666667
6,657,61.1,89,MONITOR,21.228343354622346,19.435802728096473,23.554078192472282,8.453876748207854,STEADY,OK,22.9
6,658,61.15,89,MONITOR,21.17643974269273,19.383899116166855,23.502174580542665,8.403397037504185,STEADY,OK,22.85
6,659,61.21666666666667,89,MONITOR,21.10765548429842,19.315114857772546,23.433390322148355,8.33533381096754,STEADY,OK,22.78333333333333
6,660,61.55,90,MONITOR,20.772204559237437,18.979663932711563,23.097939397087373,8.000603917764224,STEADY,OK,22.450000000000003
6,661,61.61666666666667,90,MONITOR,20.705517821147176,18.912977194621302,23.03125265899711,7.932934180019281,STEADY,OK,22.383333333333333
6,662,61.68333333333333,90,MONITOR,20.63883108305692,18.846290456531047,22.964565920906857,7.865264442274345,STEADY,OK,22.31666666666667
6,663,61.75,90,MONITOR,20.571814441789655,18.77927381526378,22.89754927963959,7.798167341486845,STEADY,OK,22.25
6,664,61.81666666666667,90,MONITOR,20.50479780052239,18.712257173996516,22.830532638372325,7.73107024069936,STEADY,OK,22.18333333333333
6,665,61.86666666666667,90,MONITOR,20.453748495753466,18.661207869227592,22.7794833336034,7.680244773216309,STEADY,OK,22.133333333333333
6,666,61.93333333333333,90,MONITOR,20.386032524317876,18.593491897792003,22.711767362167812,7.612752639066592,STEADY,OK,22.06666666666667
6,667,62.0,90,MONITOR,20.31929854645375,18.526757919927878,22.645033384303687,7.545414194266968,STEADY,OK,22.0
6,668,62.36666666666667,90,MONITOR,19.95256456858963,18.204185846716662,22.25447595444372,7.179419305733255,STEADY,OK,21.633333333333333
6,669,62.43333333333333,90,MONITOR,19.885338676579728,18.13695995470676,22.18725006243382,7.113578106549646,STEADY,OK,21.56666666666667
6,670,62.5,90,MONITOR,19.81811278456982,18.069734062696853,22.12002417042391,7.04773690736603,STEADY,OK,21.5
6,671,62.56666666666667,90,MONITOR,19.751354091050764,18.002975369177797,22.053265476904855,6.980244773216306,STEADY,OK,21.43333333333333
6,672,62.63333333333333,90,MONITOR,19.684595397531716,17.93621667565875,21.986506783385806,6.912752639066589,STEADY,OK,21.366666666666667
6,673,62.68333333333333,90,MONITOR,19.633829578128903,17.885450856255936,21.935740963982994,6.862080860933638,STEADY,OK,21.31666666666667
6,674,62.75,90,MONITOR,19.566397092059418,17.81801837018645,21.86830847791351,6.794742416134014,STEADY,OK,21.25
6,675,63.11666666666667,90,MONITOR,19.199146725246628,17.45076800337366,21.50105811110072,6.428747527600301,STEADY,OK,20.883333333333333
6,676,63.18333333333333,90,MONITOR,19.131896358433842,17.383517636560875,21.433807744287932,6.362752639066592,STEADY,OK,20.81666666666667
6,677,63.25,90,MONITOR,19.062943973848107,17.31456525197514,21.364855359702197,6.296911439882976,STEADY,OK,20.75
6,678,63.3,90,MONITOR,19.010658255929044,17.262279534056077,21.312569641783135,6.246085972399925,STEADY,OK,20.700000000000003
6,679,63.36666666666667,90,MONITOR,18.94385635411414,17.19547763224117,21.24576773996823,6.178747527600301,STEADY,OK,20.633333333333333
6,680,63.43333333333333,90,MONITOR,18.877054452299227,17.12867573042626,21.178965838153317,6.111409082800684,STEADY,OK,20.56666666666667
6,681,63.5,90,MONITOR,18.810296411112176,17.06191768923921,21.112207796966267,6.044242222841305,STEADY,OK,20.5
6,682,63.56666666666667,90,MONITOR,18.74353836992514,16.995159648052173,21.04544975577923,5.977075362881926,STEADY,OK,20.43333333333333
6,683,63.63333333333333,90,MONITOR,18.67670692893895,16.92832820706598,20.97861831479304,5.910211244787568,STEADY,OK,20.366666666666667
6,684,63.68333333333333,90,MONITOR,18.626542154619436,16.87816343274647,20.928453540473527,5.86001379335989,STEADY,OK,20.31666666666667
6,685,63.75,90,MONITOR,18.55756645065287,16.809187728779904,20.85947783650696,5.792376127904475,STEADY,OK,20.25
6,686,63.81666666666667,90,MONITOR,18.48859074668629,16.740212024813324,20.790502132540382,5.7247384624490465,STEADY,OK,20.18333333333333
6,687,63.88333333333333,90,MONITOR,18.42146944900815,16.673090727135182,20.72338083486224,5.657125426459622,STEADY,OK,20.116666666666667
6,688,63.95,90,MONITOR,18.354348151330015,16.605969429457048,20.656259537184106,5.58951239047019,STEADY,OK,20.049999999999997
6,689,64.28333333333333,90,MONITOR,18.02089574081215,16.272517018939183,20.32280712666624,5.255962773452751,STEADY,OK,19.71666666666667
6,690,64.35,90,MONITOR,17.954109996960952,16.205731275087984,20.256021382815042,5.1890798231019915,STEADY,OK,19.650000000000006
6,691,64.4,90,MONITOR,17.90248691420186,16.15410819232889,20.20439830005595,5.138146397666262,STEADY,OK,19.599999999999994
6,692,64.46666666666667,90,MONITOR,17.8341971647761,16.085818442903133,20.13610855063019,5.07054630556388,STEADY,OK,19.53333333333333
6,693,64.53333333333333,90,MONITOR,17.764984241722388,16.01660551984942,20.06689562757648,5.002596945518576,STEADY,OK,19.46666666666667
6,694,64.6,90,MONITOR,17.695771318668676,15.947392596795709,19.997682704522767,4.934647585473286,STEADY,OK,19.400000000000006
6,695,64.66666666666667,90,MONITOR,17.628220607616285,15.879841885743318,19.930131993470376,4.867662369708583,STEADY,OK,19.33333333333333
6,696,64.73333333333333,90,MONITOR,17.56066989656391,15.812291174690941,19.862581282418,4.800677153943909,STEADY,OK,19.266666666666666
6,697,65.08333333333333,90,MONITOR,17.211553940949628,15.46317521907666,19.51346532680372,4.450995703041926,STEADY,OK,18.91666666666667
6,698,65.13333333333334,90,MONITOR,17.160669896563903,15.412291174690935,19.462581282417993,4.40131425213994,STEADY,OK,18.86666666666666
6,699,65.2,91,MONITOR,17.091871187224157,15.34349246535119,19.393782573078248,4.3359302788519045,STEADY,OK,18.799999999999997
6,700,65.26666666666667,91,MONITOR,17.023072477884398,15.27469375601143,19.32498386373849,4.270546305563883,STEADY,OK,18.733333333333334
6,701,65.33333333333333,91,MONITOR,16.955484930271155,15.207106208398187,19.257396316125245,4.204813064332939,STEADY,OK,18.66666666666667
6,702,65.4,91,MONITOR,16.887897382657897,15.13951866078493,19.189808768511988,4.13907982310198,STEADY,OK,18.599999999999994
6,703,65.46666666666667,91,MONITOR,16.820161317417643,15.071782595544676,19.122072703271733,4.072629440119414,STEADY,OK,18.53333333333333
6,704,65.81666666666666,92,MONITOR,16.47123071599124,14.722851994118273,18.77314210184533,3.7228457238035304,STEADY,OK,18.183333333333337
6,705,65.88333333333334,92,MONITOR,16.40349465075097,14.655115928878004,18.705406036605062,3.657125426459615,STEADY,OK,18.11666666666666
6,706,65.95,93,MONITOR,16.33575858551073,14.587379863637764,18.637669971364822,3.5914051291157136,STEADY,OK,18.049999999999997
6,707,66.01666666666667,93,MONITOR,16.269001929034104,14.520623207161137,18.570913314888195,3.5257094612378097,STEADY,OK,17.983333333333334
6,708,66.06666666666666,93,MONITOR,16.218911939224128,14.47053321735116,18.52082332507822,3.4766804600265573,STEADY,OK,17.933333333333337
6,709,66.13333333333334,93,MONITOR,16.151674195239096,14.403295473366128,18.453585581093186,3.410211244787561,STEADY,OK,17.86666666666666
6,710,66.2,93,MONITOR,16.084436451254092,14.336057729381125,18.386347837108183,3.3437420295485936,STEADY,OK,17.799999999999997
6,711,66.26666666666667,93,MONITOR,16.017435361039134,14.269056639166166,18.319346746893224,3.2775755561746394,STEADY,OK,17.733333333333334
6,712,66.33333333333333,93,MONITOR,15.950434270824175,14.202055548951208,18.252345656678266,3.211409082800685,STEADY,OK,17.66666666666667
6,713,66.4,94,MONITOR,15.883420603670231,14.135041881797264,18.18533198952432,3.1454141942669622,STEADY,OK,17.599999999999994
6,714,66.45,94,MONITOR,15.833073603182967,14.08469488131,18.134984989037058,3.0960859723999192,STEADY,OK,17.549999999999997
6,715,66.51666666666667,94,MONITOR,15.766322965360459,14.017944243487491,18.06823435121455,3.0302447732163103,STEADY,OK,17.483333333333334
6,716,66.58333333333333,94,MONITOR,15.69957232753795,13.951193605664983,18.00148371339204,2.9644035740327013,STEADY,OK,17.41666666666667
6,717,66.65,94,MONITOR,15.6318698638499,13.883491141976933,17.93378124970399,2.8981673414868396,STEADY,OK,17.349999999999994
6,718,66.98333333333333,95,MONITOR,15.297500733495198,13.54912201162223,17.59941211934929,2.5652644422743407,STEADY,OK,17.016666666666666
6,719,67.05,95,MONITOR,15.230567610288688,13.48218888841572,17.53247899614278,2.4996008466859507,STEADY,OK,16.950000000000003
6,720,67.11666666666666,95,MONITOR,15.163634487082177,13.41525576520921,17.465545872936268,2.4339372510975608,STEADY,OK,16.88333333333334
6,721,67.16666666666667,96,MONITOR,15.113521665357453,13.365142943484486,17.415433051211544,2.3853338109675377,STEADY,OK,16.83333333333333
6,722,67.23333333333333,96,MONITOR,15.046742176966063,13.298363455093096,17.348653562820154,2.320063704170849,STEADY,OK,16.766666666666666
6,723,67.3,96,MONITOR,14.979730020091537,13.269211157685126,17.271533964997143,2.2538767482078583,STEADY,OK,16.700000000000003
6,724,67.36666666666666,96,MONITOR,14.912717863217026,13.202199000810614,17.20452180812263,2.1876897922448677,STEADY,OK,16.63333333333334
6,725,67.43333333333334,96,MONITOR,14.846029016703199,13.135510154296787,17.137832961608805,2.121826557136089,STEADY,OK,16.566666666666663
6,726,67.75,97,MONITOR,14.529340170189386,12.818821307782974,16.82114411509499,1.8059633220273241,STEADY,OK,16.25
6,727,67.81666666666666,97,MONITOR,14.462569625387346,12.752050762980934,16.75437357029295,1.7401124684379425,STEADY,OK,16.183333333333337
6,728,67.88333333333334,97,MONITOR,14.395799080585292,12.68528021817888,16.687603025490898,1.6742616148485467,STEADY,OK,16.11666666666666
6,729,67.95,97,MONITOR,14.328681002772512,12.6181621403661,16.62048494767812,1.6094700264294062,STEADY,OK,16.049999999999997
6,730,68.01666666666667,98,MONITOR,14.261562924959733,12.551044062553322,16.55336686986534,1.5446784380102656,STEADY,OK,15.983333333333334
6,731,68.08333333333333,98,MONITOR,14.194736151451181,12.48421728904477,16.486540096356787,1.47945004266235,STEADY,OK,15.916666666666671
6,732,68.13333333333334,98,MONITOR,14.144576044609295,12.434057182202883,16.4363799895149,1.4308883139811002,STEADY,OK,15.86666666666666
6,733,68.5,99,MONITOR,13.776247373364043,12.065728510957632,16.06805131826965,1.0643259477400022,STEADY,OK,15.5
6,734,68.56666666666666,99,MONITOR,13.707918702118775,11.997399839712363,15.999722647024381,0.9977635814989156,STEADY,OK,15.433333333333337
6,735,68.63333333333334,99,MONITOR,13.640968413375035,11.930449550968623,15.93277235828064,0.9321054079575362,STEADY,OK,15.36666666666666
6,736,68.7,99,MONITOR,13.574018124631323,11.863499262224911,15.865822069536929,0.8664472344161567,STEADY,OK,15.299999999999997
6,737,68.75,99,MONITOR,13.523471511923134,11.812952649516722,15.81527545682874,0.8166266426085258,STEADY,OK,15.25
6,738,68.81666666666666,99,MONITOR,13.45625823254828,11.745739370141868,15.748062177453885,0.7501393841342292,STEADY,OK,15.183333333333337
6,739,68.88333333333334,99,MONITOR,13.389024049666816,11.678505187260404,15.680827994572422,0.6837002580903118,STEADY,OK,15.11666666666666
6,740,68.95,100,MONITOR,13.32178986678538,11.611271004378969,15.613593811690986,0.6172611320464085,STEADY,OK,15.049999999999997
6,741,69.01666666666667,100,MONITOR,13.254204210942163,11.543685348535751,15.546008155847769,0.5507396701296301,STEADY,OK,14.983333333333334
6,742,69.08333333333333,100,MONITOR,13.186618555098946,11.476099692692534,15.478422500004552,0.48421820821283745,STEADY,OK,14.916666666666671
6,743,69.13333333333334,100,MONITOR,13.136611662769837,11.426092800363426,15.428415607675444,0.43451852920053113,STEADY,OK,14.86666666666666
6,744,69.2,100,MONITOR,13.069938103774078,11.359419241367666,15.361742048679684,0.3681521835215875,STEADY,OK,14.799999999999997
6,745,69.26666666666667,100,MONITOR,13.001822981997762,11.29130411959135,15.293626926903368,0.3020859767303392,STEADY,OK,14.733333333333334
6,746,69.33333333333333,100,MONITOR,12.933707860221446,11.223188997815035,15.225511805127052,0.23601976993910512,STEADY,OK,14.666666666666671
6,747,69.66666666666667,101,MONITOR,12.600248170143033,10.889729307736621,14.892052115048639,0.0,ACCELERATED,WATCH,14.333333333333329
6,748,69.73333333333333,101,MONITOR,12.5334551467313,10.822936284324888,14.825259091636905,0.0,ACCELERATED,WATCH,14.266666666666666
6,749,69.8,101,MONITOR,12.464369834857578,10.753850972451167,14.756173779763184,0.0,ACCELERATED,WATCH,14.200000000000003
6,750,69.85,101,MONITOR,12.411951189650509,10.701432327244097,14.703755134556115,0.0,ACCELERATED,WATCH,14.150000000000006
6,751,69.91666666666667,102,MONITOR,12.344052210124332,10.63353334771792,14.635856155029938,0.0,ACCELERATED,WATCH,14.083333333333329
6,752,69.98333333333333,102,MONITOR,12.276153230598155,10.565634368191743,14.56795717550376,0.0,ACCELERATED,WATCH,14.016666666666666
6,753,70.05,102,MONITOR,12.209128143666135,10.498609281259723,14.50093208857174,0.0,ACCELERATED,WATCH,13.950000000000003
6,754,70.11666666666666,102,MONITOR,12.142103056734115,10.431584194327703,14.43390700163972,0.0,ACCELERATED,WATCH,13.88333333333334
6,755,70.46666666666667,103,MONITOR,11.791935954253375,10.081417091846964,14.083739899158982,0.0,ACCELERATED,WATCH,13.533333333333331
6,756,70.51666666666667,103,MONITOR,11.741768851772648,10.031249989366236,14.033572796678254,0.0,ACCELERATED,WATCH,13.483333333333334
6,757,70.58333333333333,103,MONITOR,11.67408541848748,9.963566556081068,13.965889363393085,0.0,ACCELERATED,WATCH,13.416666666666671
6,758,70.65,103,MONITOR,11.606401985202282,9.89588312279587,13.898205930107888,0.0,ACCELERATED,WATCH,13.349999999999994
6,759,70.71666666666667,103,MONITOR,11.539650184663344,9.829131322256933,13.83145412956895,0.0,ACCELERATED,WATCH,13.283333333333331
6,760,70.78333333333333,103,MONITOR,11.472898384124392,9.76237952171798,13.764702329029998,0.0,ACCELERATED,WATCH,13.216666666666669
6,761,70.85,103,MONITOR,11.406109910015545,9.695591047609133,13.69791385492115,0.0,ACCELERATED,WATCH,13.150000000000006
6,762,71.2,103,MONITOR,11.055988102573352,9.34546924016694,13.347792047478958,0.0,ACCELERATED,WATCH,12.799999999999997
6,763,71.26666666666667,103,MONITOR,10.988775691799944,9.278256829393532,13.28057963670555,0.0,ACCELERATED,WATCH,12.733333333333334
6,764,71.33333333333333,103,MONITOR,10.92156328102655,9.211044418620139,13.213367225932156,0.0,ACCELERATED,WATCH,12.666666666666671
6,765,71.4,103,MONITOR,10.854624599856578,9.144105737450166,13.146428544762184,0.0,ACCELERATED,WATCH,12.599999999999994
6,766,71.45,104,MONITOR,10.8043525853533,9.093833722946888,13.096156530258906,0.0,ACCELERATED,WATCH,12.549999999999997
6,767,71.51666666666667,104,MONITOR,10.737041473310185,9.026522610903774,13.028845418215791,0.0,ACCELERATED,WATCH,12.483333333333334
6,768,71.58333333333333,104,MONITOR,10.669730361267057,8.959211498860645,12.961534306172663,0.0,ACCELERATED,WATCH,12.416666666666671
6,769,71.65,104,MONITOR,10.602814501469524,8.892295639063112,12.89461844637513,0.0,ACCELERATED,WATCH,12.349999999999994
6,770,71.71666666666667,104,MONITOR,10.535898641672006,8.825379779265594,12.827702586577612,0.0,ACCELERATED,WATCH,12.283333333333331
6,771,71.78333333333333,104,MONITOR,10.468862634940422,8.75834377253401,12.760666579846028,0.0,ACCELERATED,WATCH,12.216666666666669
6,772,71.85,104,MONITOR,10.401826628208823,8.691307765802412,12.69363057311443,0.0,ACCELERATED,WATCH,12.150000000000006
6,773,71.9,104,MONITOR,10.350521338586518,8.640002476180106,12.642325283492124,0.0,ACCELERATED,WATCH,12.099999999999994
6,774,71.96666666666667,104,MONITOR,10.28254938229756,8.572030519891149,12.574353327203166,0.0,ACCELERATED,WATCH,12.033333333333331
6,775,72.03333333333333,104,MONITOR,10.214993268402381,8.50447440599597,12.506797213307987,0.0,ACCELERATED,WATCH,11.966666666666669
6,776,72.36666666666666,104,MONITOR,9.880770487840536,8.194237767910522,12.195725423550162,0.0,ACCELERATED,PLAN_REPLACEMENT,11.63333333333334
6,777,72.43333333333334,104,MONITOR,9.813936999727687,8.127404279797673,12.128891935437313,0.0,ACCELERATED,PLAN_REPLACEMENT,11.566666666666663
6,778,72.5,105,MONITOR,9.747103511614853,8.060570791684839,12.062058447324478,0.0,ACCELERATED,PLAN_REPLACEMENT,11.5
6,779,72.56666666666666,105,MONITOR,9.68040270749151,7.993869987561496,11.995357643201135,0.0,ACCELERATED,PLAN_REPLACEMENT,11.433333333333337
6,780,72.61666666666666,105,MONITOR,9.630368570034832,7.9438358501048185,11.945323505744458,0.0,ACCELERATED,PLAN_REPLACEMENT,11.38333333333334
6,781,72.68333333333334,105,MONITOR,9.563526927016241,7.876994207086227,11.878481862725867,0.0,ACCELERATED,PLAN_REPLACEMENT,11.316666666666663
6,782,72.75,105,MONITOR,9.496685283997664,7.81015256406765,11.81164021970729,0.0,ACCELERATED,PLAN_REPLACEMENT,11.25
6,783,72.81666666666666,105,MONITOR,9.429424267759003,7.7428915478289895,11.744379203468629,0.0,ACCELERATED,PLAN_REPLACEMENT,11.183333333333337
6,784,73.16666666666667,106,MONITOR,9.078829918187012,7.392297198256998,11.393784853896637,0.0,ACCELERATED,PLAN_REPLACEMENT,10.833333333333329
6,785,73.23333333333333,106,MONITOR,9.011910705527512,7.325377985597498,11.326865641237138,0.0,ACCELERATED,PLAN_REPLACEMENT,10.766666666666666
6,786,73.3,106,MONITOR,8.944991492868027,7.258458772938013,11.259946428577653,0.0,ACCELERATED,PLAN_REPLACEMENT,10.700000000000003
6,787,73.35,107,MONITOR,8.894588218950332,7.208055499020318,11.209543154659958,0.0,ACCELERATED,PLAN_REPLACEMENT,10.650000000000006
6,788,73.41666666666667,107,MONITOR,8.827518278365943,7.140985558435929,11.142473214075569,0.0,ACCELERATED,PLAN_REPLACEMENT,10.583333333333329
6,789,73.48333333333333,107,MONITOR,8.760168478541985,7.073635758611971,11.07512341425161,0.0,ACCELERATED,PLAN_REPLACEMENT,10.516666666666666
6,790,73.55,107,MONITOR,8.692818678718012,7.006285958787998,11.007773614427638,0.0,ACCELERATED,PLAN_REPLACEMENT,10.450000000000003
6,791,73.91666666666667,109,MONITOR,8.325690737048731,6.639158017118717,10.640645672758357,0.0,ACCELERATED,PLAN_REPLACEMENT,10.083333333333329
6,792,73.96666666666667,109,MONITOR,8.275229462046127,6.588696742116113,10.590184397755753,0.0,ACCELERATED,PLAN_REPLACEMENT,10.033333333333331
6,793,74.03333333333333,110,MONITOR,8.208476846130822,6.5219441262008075,10.523431781840447,0.0,ACCELERATED,PLAN_REPLACEMENT,9.966666666666669
6,794,74.1,110,MONITOR,8.141724230215516,6.455191510285502,10.456679165925141,0.0,ACCELERATED,PLAN_REPLACEMENT,9.900000000000006
6,795,74.16666666666667,110,MONITOR,8.074928942677673,6.388396222747659,10.389883878387298,0.0,ACCELERATED,PLAN_REPLACEMENT,9.833333333333329
6,796,74.23333333333333,110,MONITOR,8.008133655139844,6.32160093520983,10.32308859084947,0.0,ACCELERATED,PLAN_REPLACEMENT,9.766666666666666
6,797,74.3,111,MONITOR,7.941056767157363,6.254524047227349,10.256011702866989,0.0,ACCELERATED,PLAN_REPLACEMENT,9.700000000000003
6,798,74.35,111,MONITOR,7.890646545841548,6.204113825911534,10.205601481551174,0.0,ACCELERATED,PLAN_REPLACEMENT,9.650000000000006
6,799,74.41666666666667,111,MONITOR,7.823706013690767,6.137173293760753,10.138660949400393,0.0,ACCELERATED,PLAN_REPLACEMENT,9.583333333333329
6,800,74.48333333333333,111,MONITOR,7.756765481539986,6.070232761609972,10.071720417249612,0.0,ACCELERATED,PLAN_REPLACEMENT,9.516666666666666
6,801,74.55,112,MONITOR,7.689512583128035,6.002979863198021,10.00446751883766,0.0,ACCELERATED,PLAN_REPLACEMENT,9.450000000000003
6,802,74.61666666666666,112,MONITOR,7.622259684716099,5.935726964786085,9.937214620425724,0.0,ACCELERATED,PLAN_REPLACEMENT,9.38333333333334
6,803,74.68333333333334,112,MONITOR,7.555403207552899,5.868870487622885,9.870358143262525,0.0,ACCELERATED,PLAN_REPLACEMENT,9.316666666666663
6,804,74.73333333333333,112,MONITOR,7.50521339705638,5.818680677126366,9.820168332766006,0.0,ACCELERATED,PLAN_REPLACEMENT,9.266666666666666
6,805,75.08333333333333,114,MONITOR,7.155112289561899,5.468579569631885,9.470067225271524,0.0,ACCELERATED,PLAN_REPLACEMENT,8.916666666666671
6,806,75.13333333333334,114,MONITOR,7.105011182067386,5.418478462137372,9.419966117777012,0.0,ACCELERATED,PLAN_REPLACEMENT,8.86666666666666
6,807,75.2,114,MONITOR,7.038113983551241,5.351581263621227,9.353068919260867,0.0,ACCELERATED,PLAN_REPLACEMENT,8.799999999999997
6,808,75.26666666666667,115,MONITOR,6.971216785035111,5.284684065105097,9.286171720744736,0.0,ACCELERATED,PLAN_REPLACEMENT,8.733333333333334
6,809,75.33333333333333,115,MONITOR,6.903137618696533,5.216604898766519,9.218092554406159,0.0,ACCELERATED,PLAN_REPLACEMENT,8.666666666666671
6,810,75.4,115,MONITOR,6.835058452357941,5.148525732427927,9.150013388067567,0.0,ACCELERATED,PLAN_REPLACEMENT,8.599999999999994
6,811,75.46666666666667,115,MONITOR,6.768072094369359,5.081539374439345,9.083027030078984,0.0,ACCELERATED,PLAN_REPLACEMENT,8.533333333333331
6,812,75.51666666666667,116,MONITOR,6.717752403047442,5.031219683117428,9.032707338757067,0.0,ACCELERATED,PLAN_REPLACEMENT,8.483333333333334
6,813,75.86666666666666,117,MONITOR,6.367455985922788,4.680923265992774,8.682410921632414,0.0,ACCELERATED,PLAN_REPLACEMENT,8.13333333333334
6,814,75.93333333333334,117,MONITOR,6.300492902131452,4.613960182201438,8.615447837841078,0.0,ACCELERATED,PLAN_REPLACEMENT,8.066666666666663
6,815,76.0,117,MONITOR,6.23341954216869,4.546886822238676,8.548374477878316,0.0,ACCELERATED,PLAN_REPLACEMENT,8.0
6,816,76.06666666666666,118,MONITOR,6.166346182205942,4.479813462275928,8.481301117915567,0.0,ACCELERATED,PLAN_REPLACEMENT,7.933333333333337
6,817,76.11666666666666,118,MONITOR,6.114503945932967,4.427971226002953,8.429458881642592,0.0,ACCELERATED,PLAN_REPLACEMENT,7.88333333333334
6,818,76.18333333333334,118,MONITOR,6.045995042993312,4.359462323063298,8.360949978702937,0.0,ACCELERATED,PLAN_REPLACEMENT,7.816666666666663
6,819,76.25,118,MONITOR,5.978979910388617,4.311274972135846,8.293440156156848,0.0,ACCELERATED,PLAN_REPLACEMENT,7.75
6,820,76.61666666666666,120,MONITOR,5.611964777783925,3.9442598395311537,7.926425023552156,0.0,ACCELERATED,PLAN_REPLACEMENT,7.38333333333334
6,821,76.68333333333334,120,MONITOR,5.544183225078285,3.876478286825514,7.858643470846516,0.0,ACCELERATED,PLAN_REPLACEMENT,7.316666666666663
6,822,76.75,120,MONITOR,5.476401672372674,3.808696734119903,7.790861918140905,0.0,ACCELERATED,PLAN_REPLACEMENT,7.25
6,823,76.8,120,MONITOR,5.42528678346973,3.7575818452169587,7.739747029237961,0.0,ACCELERATED,PLAN_REPLACEMENT,7.200000000000003
6,824,76.86666666666666,121,MONITOR,5.357505227900134,3.689800289647363,7.671965473668365,0.0,ACCELERATED,PLAN_REPLACEMENT,7.13333333333334
6,825,76.93333333333334,121,MONITOR,5.290411715162875,3.6227067769101042,7.604871960931106,0.0,ACCELERATED,PLAN_REPLACEMENT,7.066666666666663
6,826,77.0,121,MONITOR,5.223318202425631,3.5556132641728597,7.537778448193862,0.0,ACCELERATED,PLAN_REPLACEMENT,7.0
6,827,77.06666666666666,121,MONITOR,5.1560686530680755,3.4883637148153044,7.4705288988363066,0.0,ACCELERATED,PLAN_REPLACEMENT,6.933333333333337
6,828,77.13333333333334,121,MONITOR,5.088819103710492,3.4211141654577206,7.403279349478723,0.0,ACCELERATED,PLAN_REPLACEMENT,6.86666666666666
6,829,77.18333333333334,122,MONITOR,5.03842499823665,3.3707200599838787,7.352885244004881,0.0,ACCELERATED,PLAN_REPLACEMENT,6.816666666666663
6,830,77.25,122,MONITOR,4.971364226096142,3.303659287843371,7.285824471864373,0.0,ACCELERATED,PLAN_REPLACEMENT,6.75
6,831,77.31666666666666,122,MONITOR,4.903966053237326,3.236261114984555,7.218426299005557,0.0,ACCELERATED,PLAN_REPLACEMENT,6.683333333333337
6,832,77.38333333333334,122,MONITOR,4.836567880378496,3.168862942125725,7.151028126146727,0.0,ACCELERATED,PLAN_REPLACEMENT,6.61666666666666
6,833,77.45,123,MONITOR,4.769748803280635,3.1020438650278637,7.084209049048866,0.0,ACCELERATED,PLAN_REPLACEMENT,6.549999999999997
6,834,77.78333333333333,124,MONITOR,4.436263059516108,2.768558121263337,6.750723305284339,0.0,ACCELERATED,PLAN_REPLACEMENT,6.216666666666669
6,835,77.85,124,MONITOR,4.369410296556438,2.701705358303667,6.683870542324669,0.0,ACCELERATED,REPLACE_NOW,6.150000000000006
6,836,77.91666666666667,124,MONITOR,4.3025575335967545,2.6348525953439834,6.617017779364986,0.0,ACCELERATED,REPLACE_NOW,6.083333333333329
6,837,77.96666666666667,124,MONITOR,4.251952265336996,2.584247327084225,6.566412511105227,0.0,ACCELERATED,REPLACE_NOW,6.033333333333331
6,838,78.03333333333333,125,MONITOR,4.184680330410558,2.5169753921577867,6.499140576178789,0.0,ACCELERATED,REPLACE_NOW,5.966666666666669
6,839,78.1,125,MONITOR,4.117912453790325,2.450207515537554,6.432372699558556,0.0,ACCELERATED,REPLACE_NOW,5.900000000000006
6,840,78.16666666666667,125,MONITOR,4.051144577170064,2.3834396389172925,6.365604822938295,0.0,ACCELERATED,REPLACE_NOW,5.833333333333329
6,841,78.23333333333333,125,MONITOR,3.984254375868943,2.316549437616172,6.298714621637174,0.0,ACCELERATED,REPLACE_NOW,5.766666666666666
6,842,78.55,126,MONITOR,3.6673641745678225,1.9996592363150512,5.9818244203360535,0.0,ACCELERATED,REPLACE_NOW,5.450000000000003
6,843,78.61666666666666,126,MONITOR,3.5994167181577126,1.9317117799049413,5.913876963925944,0.0,ACCELERATED,REPLACE_NOW,5.38333333333334
6,844,78.68333333333334,127,MONITOR,3.5314692617475743,1.863764323494803,5.845929507515805,0.0,ACCELERATED,REPLACE_NOW,5.316666666666663
6,845,78.75,127,MONITOR,3.4643709532583955,1.7966660150056242,5.778831199026627,0.0,ACCELERATED,REPLACE_NOW,5.25
6,846,78.8,127,MONITOR,3.4139393114358967,1.7462343731831254,5.728399557204128,0.0,ACCELERATED,REPLACE_NOW,5.200000000000003
6,847,78.86666666666666,127,MONITOR,3.347147055550252,1.6794421172974807,5.661607301318483,0.0,ACCELERATED,REPLACE_NOW,5.13333333333334
6,848,78.93333333333334,127,MONITOR,3.280354799664593,1.6126498614118219,5.594815045432824,0.0,ACCELERATED,REPLACE_NOW,5.066666666666663
6,849,79.3,128,MONITOR,2.913620090858032,1.9315129538137596,5.169984019440963,0.0,ACCELERATED,REPLACE_NOW,4.700000000000003
6,850,79.36666666666666,128,MONITOR,2.846885382051454,1.8647782450071815,5.103249310634385,0.0,ACCELERATED,REPLACE_NOW,4.63333333333334
6,851,79.41666666666667,128,MONITOR,2.7965172933364073,1.8144101562921349,5.052881221919338,0.0,ACCELERATED,REPLACE_NOW,4.583333333333329
6,852,79.48333333333333,128,MONITOR,2.7294825379547234,1.747375400910451,4.985846466537654,0.0,ACCELERATED,REPLACE_NOW,4.516666666666666
6,853,79.55,129,MONITOR,2.662281537020945,1.6801743999766727,4.918645465603876,0.0,ACCELERATED,REPLACE_NOW,4.450000000000003
6,854,79.61666666666666,129,MONITOR,2.595080536087167,1.6129733990428945,4.851444464670098,0.0,ACCELERATED,REPLACE_NOW,4.38333333333334
6,855,79.68333333333334,129,MONITOR,2.528275439594779,1.5461683025505066,4.78463936817771,0.0,ACCELERATED,REPLACE_NOW,4.316666666666663
6,856,79.75,129,MONITOR,2.4614703431024054,1.479363206058133,4.717834271685336,0.0,ACCELERATED,REPLACE_NOW,4.25
6,857,79.8,129,MONITOR,2.4111151084088647,1.4290079713645922,4.667479036991796,0.0,ACCELERATED,REPLACE_NOW,4.200000000000003
6,858,79.86666666666666,129,MONITOR,2.344093207048658,1.3619860700043858,4.600457135631589,0.0,ACCELERATED,REPLACE_NOW,4.13333333333334
6,859,79.93333333333334,129,MONITOR,2.2770476120505663,1.2949404750062938,4.533411540633497,0.0,ACCELERATED,REPLACE_NOW,4.066666666666663
6,860,80.0,130,MONITOR,2.2100020170524886,1.2278948800082161,4.466365945635419,0.0,ACCELERATED,REPLACE_NOW,4.0
6,861,80.06666666666666,130,MONITOR,2.1430083027040183,1.1609011656597459,4.399372231286949,0.0,ACCELERATED,REPLACE_NOW,3.933333333333337
6,862,80.13333333333334,130,MONITOR,2.076014588355534,1.0939074513112614,4.332378516938465,0.0,ACCELERATED,REPLACE_NOW,3.86666666666666
6,863,80.46666666666667,131,MONITOR,1.7425572793112991,0.7604501422670268,3.99892120789423,0.0,ACCELERATED,REPLACE_NOW,3.5333333333333314
6,864,80.53333333333333,131,MONITOR,1.67576663693373,0.6936594998894577,3.932130565516661,0.0,ACCELERATED,REPLACE_NOW,3.4666666666666686
6,865,80.58333333333333,131,MONITOR,1.625540779072395,0.6434336420281227,3.881904707655326,0.0,ACCELERATED,REPLACE_NOW,3.4166666666666714
6,866,80.65,131,MONITOR,1.55864825454438,0.5765411175001077,3.815012183127311,0.0,ACCELERATED,REPLACE_NOW,3.3499999999999943
6,867,80.71666666666667,131,MONITOR,1.4917765968759369,0.5096694598316646,3.7481405254588678,0.0,ACCELERATED,REPLACE_NOW,3.2833333333333314
6,868,80.78333333333333,131,MONITOR,1.4249049392074937,0.4427978021632214,3.6812688677904246,0.0,ACCELERATED,REPLACE_NOW,3.2166666666666686
6,869,80.85,131,MONITOR,1.3580858391230919,0.37597870207881956,3.6144497677060228,0.0,ACCELERATED,REPLACE_NOW,3.1500000000000057
6,870,80.91666666666667,132,MONITOR,1.2912667390386758,0.3091596019944035,3.5476306676216067,0.0,ACCELERATED,REPLACE_NOW,3.0833333333333286
6,871,81.26666666666667,133,MONITOR,0.9412046091228916,0.0,3.1975685377058225,0.0,ACCELERATED,REPLACE_NOW,2.7333333333333343
6,872,81.33333333333333,133,MONITOR,0.8744758125404388,0.0,3.1308397411233697,0.0,ACCELERATED,REPLACE_NOW,2.6666666666666714
6,873,81.4,133,MONITOR,0.8068872065499306,0.0,3.0632511351328615,0.0,ACCELERATED,REPLACE_NOW,2.5999999999999943
6,874,81.46666666666667,133,MONITOR,0.7392986005594366,0.0,2.9956625291423675,0.0,ACCELERATED,REPLACE_NOW,2.5333333333333314
6,875,81.53333333333333,133,MONITOR,0.6714306302360313,0.0,2.9277945588189622,0.0,ACCELERATED,REPLACE_NOW,2.4666666666666686
6,876,81.6,133,MONITOR,0.6059652672261109,0.0,2.8623291958090418,0.0,ACCELERATED,REPLACE_NOW,2.4000000000000057
6,877,81.66666666666667,134,MONITOR,0.5402205398832649,0.0,2.796584468466196,0.0,ACCELERATED,REPLACE_NOW,2.3333333333333286
6,878,82.01666666666667,135,MONITOR,0.1911424792071017,0.0,2.4475064077900326,0.0,ACCELERATED,REPLACE_NOW,1.9833333333333343
6,879,82.08333333333333,135,MONITOR,0.12453794245622873,0.0,2.3809018710391596,0.0,ACCELERATED,REPLACE_NOW,1.9166666666666714
6,880,82.15,135,MONITOR,0.057933405705341556,0.0,2.3142973342882724,0.0,ACCELERATED,REPLACE_NOW,1.8499999999999943
6,881,82.21666666666667,135,MONITOR,0.0,0.0,2.256363928582931,0.0,END_OF_LIFE,REPLACE_NOW,1.7833333333333314
6,882,82.28333333333333,135,MONITOR,0.0,0.0,2.256363928582931,0.0,END_OF_LIFE,REPLACE_NOW,1.7166666666666686
6,883,82.33333333333333,136,MONITOR,0.0,0.0,2.256363928582931,0.0,END_OF_LIFE,REPLACE_NOW,1.6666666666666714
6,884,82.4,136,MONITOR,0.0,0.0,2.256363928582931,0.0,END_OF_LIFE,REPLACE_NOW,1.5999999999999943
6,885,82.46666666666667,136,MONITOR,0.0,0.0,2.256363928582931,0.0,END_OF_LIFE,REPLACE_NOW,1.5333333333333314
6,886,82.53333333333333,136,MONITOR,0.0,0.0,2.256363928582931,0.0,END_OF_LIFE,REPLACE_NOW,1.4666666666666686
6,887,82.6,136,MONITOR,0.0,0.0,2.256363928582931,0.0,END_OF_LIFE,REPLACE_NOW,1.4000000000000057
6,888,82.66666666666667,137,MONITOR,0.0,0.0,2.256363928582931,0.0,END_OF_LIFE,REPLACE_NOW,1.3333333333333286
6,889,82.71666666666667,137,MONITOR,0.0,0.0,2.256363928582931,0.0,END_OF_LIFE,REPLACE_NOW,1.2833333333333314
6,890,82.78333333333333,137,MONITOR,0.0,0.0,2.256363928582931,0.0,END_OF_LIFE,REPLACE_NOW,1.2166666666666686
6,891,82.85,137,MONITOR,0.0,0.0,2.256363928582931,0.0,END_OF_LIFE,REPLACE_NOW,1.1500000000000057
6,892,83.18333333333334,138,MONITOR,0.0,0.0,2.256363928582931,0.0,END_OF_LIFE,REPLACE_NOW,0.8166666666666629
6,893,83.25,138,MONITOR,0.0,0.0,2.256363928582931,0.0,END_OF_LIFE,REPLACE_NOW,0.75
6,894,83.31666666666666,138,MONITOR,0.0,0.0,2.256363928582931,0.0,END_OF_LIFE,REPLACE_NOW,0.6833333333333371
6,895,83.38333333333334,139,MONITOR,0.0,0.0,2.256363928582931,0.0,END_OF_LIFE,REPLACE_NOW,0.61666666666666
6,896,83.45,139,MONITOR,0.0,0.0,2.256363928582931,0.0,END_OF_LIFE,REPLACE_NOW,0.5499999999999972
6,897,83.5,139,MONITOR,0.0,0.0,2.256363928582931,0.0,END_OF_LIFE,REPLACE_NOW,0.5
6,898,83.56666666666666,139,MONITOR,0.0,0.0,2.256363928582931,0.0,END_OF_LIFE,REPLACE_NOW,0.4333333333333371
6,899,83.63333333333334,139,MONITOR,0.0,0.0,2.256363928582931,0.0,END_OF_LIFE,REPLACE_NOW,0.36666666666666003
6,900,84.0,140,MONITOR,0.0,0.0,2.256363928582931,0.0,END_OF_LIFE,REPLACE_NOW,0.0
6,901,84.05,140,MONITOR,0.0,0.0,2.256363928582931,0.0,END_OF_LIFE,REPLACE_NOW,0.0
6,902,84.11666666666666,141,MONITOR,0.0,0.0,2.256363928582931,0.0,END_OF_LIFE,REPLACE_NOW,0.0
6,903,84.18333333333334,141,MONITOR,0.0,0.0,2.256363928582931,0.0,END_OF_LIFE,REPLACE_NOW,0.0
6,904,84.25,141,MONITOR,0.0,0.0,2.256363928582931,0.0,END_OF_LIFE,REPLACE_NOW,0.0
6,905,84.31666666666666,141,MONITOR,0.0,0.0,2.256363928582931,0.0,END_OF_LIFE,REPLACE_NOW,0.0
6,906,84.38333333333334,141,MONITOR,0.0,0.0,2.256363928582931,0.0,END_OF_LIFE,REPLACE_NOW,0.0
6,907,84.73333333333333,142,MONITOR,0.0,0.0,2.256363928582931,0.0,END_OF_LIFE,REPLACE_NOW,0.0
6,908,84.8,142,MONITOR,0.0,0.0,2.256363928582931,0.0,END_OF_LIFE,REPLACE_NOW,0.0
6,909,84.86666666666666,143,MONITOR,0.0,0.0,2.256363928582931,0.0,END_OF_LIFE,REPLACE_NOW,0.0
6,910,84.93333333333334,143,MONITOR,0.0,0.0,2.256363928582931,0.0,END_OF_LIFE,REPLACE_NOW,0.0
6,911,85.0,143,MONITOR,0.0,0.0,2.256363928582931,0.0,END_OF_LIFE,REPLACE_NOW,0.0
6,912,85.05,143,MONITOR,0.0,0.0,2.256363928582931,0.0,END_OF_LIFE,REPLACE_NOW,0.0
6,913,85.11666666666666,143,MONITOR,0.0,0.0,2.256363928582931,0.0,END_OF_LIFE,REPLACE_NOW,0.0
6,914,85.18333333333334,144,MONITOR,0.0,0.0,2.256363928582931,0.0,END_OF_LIFE,REPLACE_NOW,0.0
6,915,85.25,144,MONITOR,0.0,0.0,2.256363928582931,0.0,END_OF_LIFE,REPLACE_NOW,0.0
6,916,85.31666666666666,144,MONITOR,0.0,0.0,2.256363928582931,0.0,END_OF_LIFE,REPLACE_NOW,0.0
6,917,85.38333333333334,144,MONITOR,0.0,0.0,2.256363928582931,0.0,END_OF_LIFE,REPLACE_NOW,0.0
6,918,85.45,144,MONITOR,0.0,0.0,2.256363928582931,0.0,END_OF_LIFE,REPLACE_NOW,0.0
6,919,85.5,144,MONITOR,0.0,0.0,2.256363928582931,0.0,END_OF_LIFE,REPLACE_NOW,0.0
6,920,85.56666666666666,145,MONITOR,0.0,0.0,2.256363928582931,0.0,END_OF_LIFE,REPLACE_NOW,0.0
6,921,85.9,145,MONITOR,0.0,0.0,2.256363928582931,0.0,END_OF_LIFE,REPLACE_NOW,0.0
6,922,85.96666666666667,146,MONITOR,0.0,0.0,2.256363928582931,0.0,END_OF_LIFE,REPLACE_NOW,0.0
6,923,86.03333333333333,146,MONITOR,0.0,0.0,2.256363928582931,0.0,END_OF_LIFE,REPLACE_NOW,0.0
6,924,86.1,146,MONITOR,0.0,0.0,2.256363928582931,0.0,END_OF_LIFE,REPLACE_NOW,0.0
6,925,86.16666666666667,146,MONITOR,0.0,0.0,2.256363928582931,0.0,END_OF_LIFE,REPLACE_NOW,0.0
6,926,86.23333333333333,146,MONITOR,0.0,0.0,2.256363928582931,0.0,END_OF_LIFE,REPLACE_NOW,0.0
6,927,86.28333333333333,146,MONITOR,0.0,0.0,2.256363928582931,0.0,END_OF_LIFE,REPLACE_NOW,0.0
6,928,86.35,147,MONITOR,0.0,0.0,2.256363928582931,0.0,END_OF_LIFE,REPLACE_NOW,0.0
9,1,0.2,3,BREAK_IN,,,,,,,53.3
9,2,0.25,4,BREAK_IN,,,,,,,53.25
9,3,0.31666666666666665,4,BREAK_IN,,,,,,,53.18333333333333
9,4,0.38333333333333336,5,BREAK_IN,,,,,,,53.11666666666667
9,5,0.45,6,BREAK_IN,,,,,,,53.05
9,6,0.5166666666666667,7,BREAK_IN,,,,,,,52.983333333333334
9,7,0.5833333333333334,8,BREAK_IN,,,,,,,52.916666666666664
9,8,0.9333333333333333,13,BREAK_IN,,,,,,,52.56666666666667
9,9,1.0,14,BREAK_IN,,,,,,,52.5
9,10,1.0666666666666667,15,BREAK_IN,,,,,,,52.43333333333333
9,11,1.1333333333333333,16,BREAK_IN,,,,,,,52.36666666666667
9,12,1.1833333333333333,16,BREAK_IN,,,,,,,52.31666666666667
9,13,1.25,17,BREAK_IN,,,,,,,52.25
9,14,1.3166666666666667,18,BREAK_IN,,,,,,,52.18333333333333
9,15,1.3833333333333333,19,BREAK_IN,,,,,,,52.11666666666667
9,16,1.45,20,BREAK_IN,,,,,,,52.05
9,17,1.5166666666666666,21,BREAK_IN,,,,,,,51.983333333333334
9,18,1.5666666666666667,22,BREAK_IN,,,,,,,51.93333333333333
9,19,1.6333333333333333,23,BREAK_IN,,,,,,,51.86666666666667
9,20,1.7,24,BREAK_IN,,,,,,,51.8
9,21,1.7666666666666666,24,BREAK_IN,,,,,,,51.733333333333334
9,22,2.1,29,BREAK_IN,,,,,,,51.4
9,23,2.1666666666666665,30,BREAK_IN,,,,,,,51.333333333333336
9,24,2.2333333333333334,31,BREAK_IN,,,,,,,51.266666666666666
9,25,2.3,32,BREAK_IN,,,,,,,51.2
9,26,2.3666666666666667,33,BREAK_IN,,,,,,,51.13333333333333
9,27,2.4166666666666665,34,BREAK_IN,,,,,,,51.083333333333336
9,28,2.4833333333333334,34,BREAK_IN,,,,,,,51.016666666666666
9,29,2.55,35,BREAK_IN,,,,,,,50.95
9,30,2.933333333333333,38,BASELINE,,,,,,,50.56666666666667
9,31,3.0,38,BASELINE,,,,,,,50.5
9,32,3.066666666666667,38,BASELINE,,,,,,,50.43333333333333
9,33,3.1333333333333333,38,BASELINE,,,,,,,50.36666666666667
9,34,3.2,38,BASELINE,,,,,,,50.3
9,35,3.25,38,BASELINE,,,,,,,50.25
9,36,3.316666666666667,38,BASELINE,,,,,,,50.18333333333333
9,37,3.683333333333333,39,BASELINE,,,,,,,49.81666666666667
9,38,3.7333333333333334,39,BASELINE,,,,,,,49.766666666666666
9,39,3.8,39,BASELINE,,,,,,,49.7
9,40,3.8666666666666667,39,BASELINE,,,,,,,49.63333333333333
9,41,3.933333333333333,39,BASELINE,,,,,,,49.56666666666667
9,42,4.0,39,BASELINE,,,,,,,49.5
9,43,4.066666666666666,40,BASELINE,,,,,,,49.43333333333334
9,44,4.133333333333334,40,BASELINE,,,,,,,49.36666666666667
9,45,4.183333333333334,40,BASELINE,,,,,,,49.31666666666666
9,46,4.25,40,BASELINE,,,,,,,49.25
9,47,4.316666666666666,40,BASELINE,,,,,,,49.18333333333334
9,48,4.383333333333334,40,BASELINE,,,,,,,49.11666666666667
9,49,4.45,40,BASELINE,,,,,,,49.05
9,50,4.516666666666667,40,BASELINE,,,,,,,48.983333333333334
9,51,4.85,41,BASELINE,,,,,,,48.65
9,52,4.916666666666667,41,BASELINE,,,,,,,48.583333333333336
9,53,4.966666666666667,41,BASELINE,,,,,,,48.53333333333333
9,54,5.033333333333333,41,BASELINE,,,,,,,48.46666666666667
9,55,5.1,42,BASELINE,,,,,,,48.4
9,56,5.166666666666667,42,BASELINE,,,,,,,48.333333333333336
9,57,5.233333333333333,42,BASELINE,,,,,,,48.266666666666666
9,58,5.3,42,MONITOR,48.952121170723025,46.87054168260453,51.87193898078162,38.364699587947555,STEADY,OK,48.2
9,59,5.683333333333334,43,MONITOR,48.70219209852458,46.620612610406084,51.62200990858317,38.095391267212705,STEADY,OK,47.81666666666666
9,60,5.75,43,MONITOR,48.71022045389928,46.62864096578079,51.63003826395788,38.02708036435708,STEADY,OK,47.75
9,61,5.8,43,MONITOR,48.617283821377995,46.5357043332595,51.53710163143659,37.920889976152324,STEADY,OK,47.7
9,62,5.866666666666666,43,MONITOR,48.507680522190036,46.42610103407154,51.42749833224863,37.798032921280885,STEADY,OK,47.63333333333333
9,63,5.933333333333334,44,MONITOR,48.40988360663965,46.32830411852116,51.32970141669825,37.71165112745551,STEADY,OK,47.56666666666666
9,64,6.0,44,MONITOR,48.31208669108927,46.23050720297078,51.231904501147866,37.62526933363014,STEADY,OK,47.5
9,65,6.066666666666666,44,MONITOR,48.22504534842233,46.143465860303834,51.14486315848092,37.50408132317243,STEADY,OK,47.43333333333334
9,66,6.416666666666667,45,MONITOR,47.895420024422606,45.81384053630411,50.8152378344812,37.20860266696348,STEADY,OK,47.083333333333336
9,67,6.483333333333333,45,MONITOR,47.859883606639656,45.77830411852116,50.77970141669825,37.11869960812247,STEADY,OK,47.016666666666666
9,68,6.55,45,MONITOR,47.824347188856706,45.74276770073821,50.7441649989153,37.028796549281466,STEADY,OK,46.95
9,69,6.616666666666666,46,MONITOR,47.762374469386025,45.68079498126753,50.68219227944462,36.930844930998084,STEADY,OK,46.88333333333333
9,70,6.683333333333334,46,MONITOR,47.691013855523366,45.60943436740487,50.61083166558196,36.8328933127147,STEADY,OK,46.81666666666666
9,71,6.75,46,MONITOR,47.62209175675753,45.540512268639034,50.54190956681612,36.764060763271175,STEADY,OK,46.75
9,72,6.8,46,MONITOR,47.569836324658354,45.48825683653986,50.48965413471695,36.71189488049432,STEADY,OK,46.7
9,73,6.866666666666666,46,MONITOR,47.50295189900101,45.42137241088252,50.42276970905961,36.63153013570855,STEADY,OK,46.63333333333333
9,74,6.933333333333334,47,MONITOR,47.436067473343684,45.35448798522519,50.35588528340228,36.55116539092279,STEADY,OK,46.56666666666666
9,75,7.0,47,MONITOR,47.35598455753656,45.274405069418066,50.275802367595155,36.4843556239353,STEADY,OK,46.5
9,76,7.066666666666666,47,MONITOR,47.27590164172943,45.19432215361094,50.19571945178803,36.41754585694781,STEADY,OK,46.43333333333334
9,77,7.133333333333334,47,MONITOR,47.19548028395078,45.113900795832286,50.115298094009376,36.34839635255824,STEADY,OK,46.36666666666667
9,78,7.2,47,MONITOR,47.11505892617213,45.03347943805364,50.03487673623073,36.27924684816867,STEADY,OK,46.3
9,79,7.25,47,MONITOR,47.0635728086307,44.98199332051221,49.9833906186893,36.22307246518454,STEADY,OK,46.25
9,80,7.6,48,MONITOR,46.715058926172134,44.63347943805364,49.63487673623073,35.87924684816867,STEADY,OK,45.9
9,81,7.65,49,MONITOR,46.67881361728411,44.59723412916562,49.59863142734271,35.831729685891574,STEADY,OK,45.85
9,82,7.716666666666667,49,MONITOR,46.62590164172943,44.544322153610935,49.545719451788024,35.767545856947805,STEADY,OK,45.78333333333333
9,83,7.783333333333333,49,MONITOR,46.57265122420323,44.491071736084734,49.49246903426182,35.70102229060197,STEADY,OK,45.71666666666667
9,84,7.85,49,MONITOR,46.51940080667701,44.43782131855852,49.43921861673561,35.634498724256126,STEADY,OK,45.65
9,85,7.916666666666667,49,MONITOR,46.452951899001015,44.37137241088252,49.37276970905961,35.581530135708554,STEADY,OK,45.583333333333336
9,86,7.983333333333333,50,MONITOR,46.38606747334368,44.30448798522519,49.305885283402276,35.519257437472035,STEADY,OK,45.516666666666666
9,87,8.033333333333333,50,MONITOR,46.32265122420323,44.241071736084734,49.24246903426182,35.46231189299165,STEADY,OK,45.46666666666667
9,88,8.433333333333334,50,MONITOR,45.936067473343684,43.85448798522519,48.85588528340228,35.06925743747203,STEADY,OK,45.06666666666666
9,89,8.483333333333333,50,MONITOR,45.886285232334345,43.80470574421585,48.80610304239294,35.023909492316506,STEADY,OK,45.016666666666666
9,90,8.55,50,MONITOR,45.819836324658354,43.73825683653986,48.73965413471695,34.95843346139644,STEADY,OK,44.95
9,91,8.616666666666667,50,MONITOR,45.75295189900101,43.67137241088252,48.67276970905961,34.888845449434235,STEADY,OK,44.88333333333333
9,92,8.683333333333334,51,MONITOR,45.686067473343684,43.60448798522519,48.60588528340228,34.81925743747203,STEADY,OK,44.81666666666666
9,93,8.75,51,MONITOR,45.60598455753656,43.524405069418066,48.525802367595155,34.74564522632498,STEADY,OK,44.75
9,94,8.816666666666666,51,MONITOR,45.52590164172943,43.44432215361094,48.44571945178803,34.67203301517792,STEADY,OK,44.68333333333334
9,95,9.166666666666666,51,MONITOR,45.189317890869894,43.1077384027514,48.10913570092849,34.32897855965832,STEADY,OK,44.333333333333336
9,96,9.233333333333333,51,MONITOR,45.13606747334368,43.05448798522519,48.055885283402276,34.269257437472035,STEADY,OK,44.266666666666666
9,97,9.3,51,MONITOR,45.06961856566768,42.98803907754919,47.98943637572628,34.195645226324984,STEADY,OK,44.2
9,98,9.366666666666667,51,MONITOR,45.00273414001035,42.921154651891854,47.92255195006894,34.12203301517792,STEADY,OK,44.13333333333333
9,99,9.416666666666666,51,MONITOR,44.939317890869894,42.8577384027514,47.85913570092849,34.069932536383696,STEADY,OK,44.083333333333336
9,100,9.483333333333333,51,MONITOR,44.85923497506276,42.77765548694427,47.77905278512136,34.00116539092279,STEADY,OK,44.016666666666666
9,101,9.55,51,MONITOR,44.79152833491938,42.709948846800884,47.71134614497797,33.9343556239353,STEADY,OK,43.95
9,102,9.616666666666667,51,MONITOR,44.72382169477599,42.6422422066575,47.64363950483459,33.86754585694781,STEADY,OK,43.88333333333333
9,103,9.683333333333334,51,MONITOR,44.6526751953634,42.57109570724491,47.572493005422,33.79839635255824,STEADY,OK,43.81666666666666
9,104,9.75,51,MONITOR,44.58152869595082,42.49994920783233,47.50134650600942,33.72924684816867,STEADY,OK,43.75
9,105,9.816666666666666,51,MONITOR,44.512313687592695,42.4307341994742,47.43213149765129,33.661950112775585,STEADY,OK,43.68333333333334
9,106,9.866666666666667,51,MONITOR,44.45976534590123,42.37818585778274,47.37958315595983,33.61132004404916,STEADY,OK,43.63333333333333
9,107,9.933333333333334,51,MONITOR,44.38741213603669,42.305832647918194,47.30722994609528,33.53910906312478,STEADY,OK,43.56666666666666
9,108,10.0,52,MONITOR,44.315058926172135,42.23347943805364,47.23487673623073,33.466898082200416,STEADY,OK,43.5
9,109,10.333333333333334,52,MONITOR,43.98741213603668,41.90583264791819,46.90722994609528,33.139109063124785,STEADY,OK,43.166666666666664
9,110,10.4,52,MONITOR,43.91712918783004,41.83554969971155,46.83694699788864,33.07798671071583,STEADY,OK,43.1
9,111,10.466666666666667,52,MONITOR,43.84942739033442,41.76784790221593,46.769245200393016,33.01195011277558,STEADY,OK,43.03333333333333
9,112,10.533333333333333,52,MONITOR,43.781725592838804,41.70014610472031,46.7015434028974,32.94591351483534,STEADY,OK,42.96666666666667
9,113,10.6,52,MONITOR,43.7135728086307,41.63199332051221,46.6333906186893,32.88172968589157,STEADY,OK,42.9
9,114,10.65,52,MONITOR,43.66208669108927,41.58050720297078,46.58190450114787,32.834212523614475,STEADY,OK,42.85
9,115,10.716666666666667,52,MONITOR,43.5919019883997,41.510322500281205,46.511719798458294,32.76768895726863,STEADY,OK,42.78333333333333
9,116,10.783333333333333,52,MONITOR,43.52171728571013,41.44013779759164,46.44153509576873,32.701165390922796,STEADY,OK,42.71666666666667
9,117,11.166666666666666,52,MONITOR,43.1419019883997,41.06032250028121,46.0617197984583,32.319932536383696,STEADY,OK,42.333333333333336
9,118,11.233333333333333,53,MONITOR,43.078753357755936,40.99717386963744,45.99857116781453,32.25536634851125,STEADY,OK,42.266666666666666
9,119,11.3,53,MONITOR,43.00856865506637,40.92698916694788,45.928386465124966,32.195645226324984,STEADY,OK,42.2
9,120,11.366666666666667,53,MONITOR,42.938383952376796,40.8568044642583,45.85820176243539,32.12203301517792,STEADY,OK,42.13333333333333
9,121,11.433333333333334,53,MONITOR,42.86925175859898,40.787672270480485,45.789069568657574,32.05326586971702,STEADY,OK,42.06666666666666
9,122,11.483333333333333,53,MONITOR,42.81678623148783,40.73520674336934,45.73660404154643,32.00116539092279,STEADY,OK,42.016666666666666
9,123,11.55,53,MONITOR,42.74713537974128,40.66555589162279,45.66695318979988,31.9343556239353,STEADY,OK,41.95
9,124,11.916666666666666,53,MONITOR,42.3834528981545,40.30187341003601,45.3032707082131,31.567832057589463,STEADY,OK,41.583333333333336
9,125,11.983333333333333,53,MONITOR,42.31925175859898,40.23767227048049,45.23906956865758,31.503265869717026,STEADY,OK,41.516666666666666
9,126,12.033333333333333,53,MONITOR,42.266786231487835,40.18520674336934,45.18660404154643,31.451165390922796,STEADY,OK,41.46666666666667
9,127,12.1,53,MONITOR,42.197135379741276,40.11555589162278,45.11695318979987,31.3843556239353,STEADY,OK,41.4
9,128,12.166666666666666,53,MONITOR,42.12748452799473,40.04590503987624,45.04730233805333,31.31754585694781,STEADY,OK,41.333333333333336
9,129,12.233333333333333,53,MONITOR,42.06043073930324,39.97885125118475,44.98024854936184,31.248396352558238,STEADY,OK,41.266666666666666
9,130,12.3,53,MONITOR,41.99337695061175,39.911797462493254,44.91319476067034,31.17924684816867,STEADY,OK,41.2
9,131,12.366666666666667,53,MONITOR,41.92623083551249,39.844651347394,44.84604864557109,31.11195011277558,STEADY,OK,41.13333333333333
9,132,12.416666666666666,53,MONITOR,41.8757513870799,39.79417189896141,44.7955691971385,31.06132004404916,STEADY,OK,41.083333333333336
9,133,12.483333333333333,53,MONITOR,41.808865980515364,39.72728649239687,44.72868379057396,30.989109063124786,STEADY,OK,41.016666666666666
9,134,12.55,54,MONITOR,41.74198057395084,39.66040108583235,44.66179838400944,30.916898082200415,STEADY,OK,40.95
9,135,12.616666666666667,54,MONITOR,41.67292676989716,39.59134728177867,44.592744579955756,30.83958155479911,STEADY,OK,40.88333333333333
9,136,12.683333333333334,54,MONITOR,41.60387296584348,39.522293477724986,44.523690775902075,30.762265027397806,STEADY,OK,40.81666666666666
9,137,12.75,54,MONITOR,41.53651003227671,39.454930544158216,44.456327842335305,30.689839177594195,STEADY,OK,40.75
9,138,13.083333333333334,54,MONITOR,41.20387296584348,39.12229347772499,44.12369077590208,30.362265027397804,STEADY,OK,40.416666666666664
9,139,13.15,54,MONITOR,41.137239592968506,39.05566010485001,44.0570574030271,30.300235184101943,STEADY,OK,40.35
9,140,13.2,54,MONITOR,41.08720629917681,39.00562681105832,44.00702410923541,30.254872007472752,STEADY,OK,40.3
9,141,13.266666666666667,54,MONITOR,41.01984336561004,38.93826387749155,43.93966117566864,30.191358339884488,STEADY,OK,40.233333333333334
9,142,13.333333333333334,54,MONITOR,40.95248043204327,38.870900943924774,43.87229824210186,30.12784467229622,STEADY,OK,40.166666666666664
9,143,13.4,54,MONITOR,40.88493488454358,38.80335539642509,43.80475269460218,30.058025006551155,STEADY,OK,40.1
9,144,13.466666666666667,54,MONITOR,40.81738933704389,38.7358098489254,43.73720714710249,29.988205340806083,STEADY,OK,40.03333333333333
9,145,13.533333333333333,54,MONITOR,40.7495150906097,38.667935602491205,43.669332900668294,29.918064431665087,STEADY,OK,39.96666666666667
9,146,13.916666666666666,55,MONITOR,40.367389337043896,38.2858098489254,43.28720714710249,29.538205340806087,STEADY,OK,39.583333333333336
9,147,13.983333333333333,55,MONITOR,40.30160155121025,38.220022063091754,43.22141936126884,29.47469167321782,STEADY,OK,39.516666666666666
9,148,14.033333333333333,55,MONITOR,40.25072267037723,38.169143182258736,43.170540480435825,29.42153867413942,STEADY,OK,39.46666666666667
9,149,14.1,55,MONITOR,40.18284842394303,38.101268935824535,43.102666234001624,29.351397764998417,STEADY,OK,39.4
9,150,14.166666666666666,55,MONITOR,40.114974177508834,38.03339468939034,43.03479198756743,29.281256855857414,STEADY,OK,39.333333333333336
9,151,14.233333333333333,55,MONITOR,40.04808794306918,37.966508454950684,42.96790575312777,29.213427608294275,STEADY,OK,39.266666666666666
9,152,14.3,55,MONITOR,39.98120170862953,37.899622220511034,42.90101951868812,29.14559836073114,STEADY,OK,39.2
9,153,14.65,56,MONITOR,39.63142127640251,37.54984178828402,42.55123908646111,28.79676094162761,STEADY,OK,38.85
9,154,14.716666666666667,56,MONITOR,39.564535041962856,37.48295555384436,42.48435285202145,28.72893169406447,STEADY,OK,38.78333333333333
9,155,14.783333333333333,56,MONITOR,39.49741789828576,37.41583841016727,42.41723570834436,28.656505844260863,STEADY,OK,38.71666666666667
9,156,14.85,56,MONITOR,39.43030075460866,37.348721266490166,42.350118564667255,28.584079994457248,STEADY,OK,38.65
9,157,14.916666666666666,56,MONITOR,39.36346983744334,37.28189034932485,42.283287647501936,28.51583549078213,STEADY,OK,38.583333333333336
9,158,14.983333333333333,57,MONITOR,39.29663892027801,37.21505943215952,42.21645673033661,28.447590987107013,STEADY,OK,38.516666666666666
9,159,15.033333333333333,57,MONITOR,39.24243770540333,37.16085821728484,42.16225551546193,28.396744247357503,STEADY,OK,38.46666666666667
9,160,15.1,57,MONITOR,39.17156982386197,37.08999033574348,42.09138763392057,28.329230840941314,STEADY,OK,38.4
9,161,15.166666666666666,57,MONITOR,39.10478691480868,37.023207426690185,42.024604724867274,28.262127981215663,STEADY,OK,38.333333333333336
9,162,15.233333333333333,57,MONITOR,39.03800400575537,36.956424517636876,41.957821815813965,28.195025121490012,STEADY,OK,38.266666666666666
9,163,15.3,57,MONITOR,38.96984372367554,36.888264235557045,41.889661533734134,28.126527204246127,STEADY,OK,38.2
9,164,15.366666666666667,57,MONITOR,38.901683441595694,36.8201039534772,41.82150125165429,28.05802928700225,STEADY,OK,38.13333333333333
9,165,15.416666666666666,57,MONITOR,38.8516547102193,36.77007522210081,41.7714725202779,28.007146851192196,STEADY,OK,38.083333333333336
9,166,15.483333333333333,57,MONITOR,38.78495931217624,36.70337982405775,41.70477712223484,27.939597748715464,STEADY,OK,38.016666666666666
9,167,15.833333333333334,58,MONITOR,38.43044686958395,36.34886738146546,41.35026467964255,27.588437272229065,STEADY,OK,37.666666666666664
9,168,15.9,58,MONITOR,38.359267760325004,36.27768827220651,41.2790855703836,27.52061012907601,STEADY,OK,37.6
9,169,15.95,58,MONITOR,38.30569446552401,36.22411497740552,41.22551227558261,27.470449151589452,STEADY,OK,37.55
9,170,16.016666666666666,58,MONITOR,38.23545450405636,36.153875015937864,41.15527231411495,27.403621507436235,STEADY,OK,37.483333333333334
9,171,16.083333333333332,58,MONITOR,38.168685842523246,36.08710635440475,41.08850365258184,27.336511583870884,STEADY,OK,37.41666666666667
9,172,16.15,58,MONITOR,38.10191718099013,36.020337692871635,41.021734991048724,27.269401660305533,STEADY,OK,37.35
9,173,16.216666666666665,58,MONITOR,38.03505086207613,35.95347137395764,40.95486867213473,27.202273511865545,STEADY,OK,37.28333333333333
9,174,16.283333333333335,59,MONITOR,37.96818454316215,35.88660505504366,40.88800235322075,27.13514536342556,STEADY,OK,37.21666666666667
9,175,16.666666666666668,59,MONITOR,37.58505086207613,35.50347137395764,40.50486867213473,26.752273511865543,STEADY,OK,36.83333333333333
9,176,16.716666666666665,59,MONITOR,37.534851209828815,35.45327172171032,40.45466901988741,26.702734993638867,STEADY,OK,36.78333333333333
9,177,16.783333333333335,59,MONITOR,37.466971143872655,35.38539165575416,40.38678895393125,26.635606845198875,STEADY,OK,36.71666666666667
9,178,16.85,59,MONITOR,37.3990910779165,35.31751158979801,40.3189088879751,26.568478696758895,STEADY,OK,36.65
9,179,16.916666666666668,60,MONITOR,37.33140796495093,35.249828476832434,40.25122577500952,26.501368331910275,STEADY,OK,36.58333333333333
9,180,16.983333333333334,60,MONITOR,37.263724851985344,35.18214536386685,40.18354266204394,26.434257967061647,STEADY,OK,36.516666666666666
9,181,17.05,60,MONITOR,37.194236915386185,35.11265742726769,40.11405472544478,26.366680772832037,STEADY,OK,36.45
9,182,17.4,60,MONITOR,36.84141564545369,34.759836157335194,39.76123345551228,26.017167138488922,STEADY,OK,36.1
9,183,17.466666666666665,60,MONITOR,36.772562366736096,34.6909828786176,39.69238017679469,25.949802025212346,STEADY,OK,36.03333333333333
9,184,17.533333333333335,61,MONITOR,36.7037090880185,34.622129599900006,39.623526898077095,25.882436911935766,STEADY,OK,35.96666666666667
9,185,17.6,61,MONITOR,36.635951132871334,34.55437164475284,39.55576894292993,25.815046819455937,STEADY,OK,35.9
9,186,17.666666666666668,61,MONITOR,36.56819317772417,34.486613689605676,39.488010987782765,25.7476567269761,STEADY,OK,35.83333333333333
9,187,17.733333333333334,61,MONITOR,36.50094462545445,34.41936513733596,39.42076243551305,25.67888691462062,STEADY,OK,35.766666666666666
9,188,17.783333333333335,61,MONITOR,36.450362739851386,34.36878325173289,39.37018054990998,25.626783768931812,STEADY,OK,35.71666666666667
9,189,17.85,61,MONITOR,36.38353741455335,34.30195792643486,39.30335522461195,25.55856542836522,STEADY,OK,35.65
9,190,17.916666666666668,61,MONITOR,36.31671208925532,34.235132601136826,39.236529899313915,25.490347087798636,STEADY,OK,35.58333333333333
9,191,17.983333333333334,61,MONITOR,36.24971261843423,34.16813313031574,39.16953042849283,25.418781851632986,STEADY,OK,35.516666666666666
9,192,18.05,61,MONITOR,36.18271314761314,34.10113365949465,39.10253095767174,25.347216615467328,STEADY,OK,35.45
9,193,18.116666666666667,61,MONITOR,36.113934361239586,34.03235487312109,39.03375217129818,25.27997252836456,STEADY,OK,35.38333333333333
9,194,18.166666666666668,62,MONITOR,36.061822241532695,33.9802427534142,38.98164005159129,25.22939510792845,STEADY,OK,35.33333333333333
9,195,18.233333333333334,62,MONITOR,35.994777280856404,33.91319779273791,38.914595090915,25.162168685515695,STEADY,OK,35.266666666666666
9,196,18.566666666666666,62,MONITOR,35.66106565351345,33.579486165394954,38.58088346357204,24.828275596436267,STEADY,OK,34.93333333333334
9,197,18.633333333333333,62,MONITOR,35.59208849260603,33.51050900448754,38.51190630266463,24.761185338514515,STEADY,OK,34.86666666666667
9,198,18.7,62,MONITOR,35.5231113316986,33.44153184358011,38.4429291417572,24.694095080592763,STEADY,OK,34.8
9,199,18.766666666666666,63,MONITOR,35.45521139097633,33.37363190285784,38.37502920103493,24.62662573071883,STEADY,OK,34.733333333333334
9,200,18.833333333333332,63,MONITOR,35.38731145025406,33.30573196213557,38.30712926031266,24.559156380844893,STEADY,OK,34.66666666666667
9,201,18.9,63,MONITOR,35.32020279846663,33.23862331034814,38.24002060852523,24.491033758095014,STEADY,OK,34.6
9,202,18.966666666666665,63,MONITOR,35.2530941466792,33.17151465856071,38.1729119567378,24.422911135345135,STEADY,OK,34.53333333333333
9,203,19.016666666666666,63,MONITOR,35.20200563755775,33.120426149439254,38.12182344761634,24.370409733087186,STEADY,OK,34.483333333333334
9,204,19.4,63,MONITOR,34.818784107857695,32.7372046197392,37.73860191791629,23.9895778020118,STEADY,OK,34.1
9,205,19.466666666666665,63,MONITOR,34.75151728481366,32.669937796695166,37.671335094872255,23.924367091428348,STEADY,OK,34.03333333333333
9,206,19.533333333333335,63,MONITOR,34.68425046176961,32.602670973651115,37.604068271828204,23.856244468678465,STEADY,OK,33.96666666666667
9,207,19.6,63,MONITOR,34.61742452101152,32.53584503289303,37.53724233107012,23.78707639975385,STEADY,OK,33.9
9,208,19.666666666666668,63,MONITOR,34.550598580253435,32.46901909213494,37.47041639031203,23.717908330829236,STEADY,OK,33.83333333333333
9,209,19.733333333333334,64,MONITOR,34.48342800962761,32.401848521509116,37.403245819686205,23.646548353897117,STEADY,OK,33.766666666666666
9,210,19.783333333333335,64,MONITOR,34.43292410566845,32.351344617549955,37.352741915727044,23.59185504363167,STEADY,OK,33.71666666666667
9,211,20.15,64,MONITOR,34.05994038065065,31.978360892532162,36.97975819070925,23.224868453135535,STEADY,OK,33.35
9,212,20.216666666666665,64,MONITOR,33.98695665563285,31.905377167514363,36.90677446569145,23.157881862639403,STEADY,OK,33.28333333333333
9,213,20.283333333333335,64,MONITOR,33.92028880974081,31.83870932162232,36.84010661979941,23.09114140245327,STEADY,OK,33.21666666666667
9,214,20.35,64,MONITOR,33.85362096384876,31.772041475730273,36.77343877390736,23.024400942267143,STEADY,OK,33.15
9,215,20.416666666666668,64,MONITOR,33.78544637921904,31.70386689110055,36.705264189277635,22.957668044075763,STEADY,OK,33.08333333333333
9,216,20.466666666666665,64,MONITOR,33.733938461255974,31.652358973137485,36.65375627131457,22.907601812551054,STEADY,OK,33.03333333333333
9,217,20.533333333333335,64,MONITOR,33.666656420413176,31.585076932294687,36.58647423047177,22.840862423566204,STEADY,OK,32.96666666666667
9,218,20.6,64,MONITOR,33.59937437957038,31.51779489145189,36.519192189628974,22.774123034581365,STEADY,OK,32.9
9,219,20.666666666666668,64,MONITOR,33.53179933251339,31.450219844394898,36.45161714257198,22.70737216625597,STEADY,OK,32.83333333333333
9,220,20.733333333333334,64,MONITOR,33.464224285456396,31.382644797337907,36.38404209551499,22.64062129793058,STEADY,OK,32.766666666666666
9,221,20.8,64,MONITOR,33.39238165725325,31.310802169134764,36.31219946731185,22.5707781553679,STEADY,OK,32.7
9,222,20.85,64,MONITOR,33.33720569571678,31.255626207598294,36.25702350577538,22.517601679471888,STEADY,OK,32.65
9,223,20.916666666666668,64,MONITOR,33.26796947430864,31.186389986190154,36.18778728436724,22.450393081388686,STEADY,OK,32.58333333333333
9,224,20.983333333333334,64,MONITOR,33.198733252900496,31.117153764782007,36.11855106295909,22.38318448330549,STEADY,OK,32.516666666666666
9,225,21.316666666666666,65,MONITOR,32.864414929649314,30.782835441530825,35.78423273970791,22.045463338715276,STEADY,OK,32.18333333333334
9,226,21.383333333333333,65,MONITOR,32.79676327306479,30.7151837849463,35.71658108312339,21.974408860791726,STEADY,OK,32.11666666666667
9,227,21.45,65,MONITOR,32.73006117651525,30.64848168839676,35.649878986573846,21.907563137131465,STEADY,OK,32.05
9,228,21.516666666666666,65,MONITOR,32.66335907996571,30.58177959184722,35.583176890024305,21.84071741347121,STEADY,OK,31.983333333333334
9,229,21.583333333333332,65,MONITOR,32.59627599359851,30.51469650548002,35.51609380365711,21.77330498342295,STEADY,OK,31.916666666666668
9,230,21.65,65,MONITOR,32.5291929072313,30.44761341911281,35.449010717289895,21.70589255337469,STEADY,OK,31.85
9,231,21.7,65,MONITOR,32.47798826275937,30.39640877464088,35.397806072817964,21.65514529141453,STEADY,OK,31.8
9,232,21.766666666666666,65,MONITOR,32.410116951620765,30.328537463502276,35.32993476167936,21.5877313627877,STEADY,OK,31.733333333333334
9,233,22.15,65,MONITOR,32.02651714541967,29.94493765730118,34.946334955478264,21.20514529141453,STEADY,OK,31.35
9,234,22.216666666666665,65,MONITOR,31.959584005885244,29.878004517766755,34.87940181594384,21.139225886708022,STEADY,OK,31.283333333333335
9,235,22.283333333333335,65,MONITOR,31.892818590912082,29.811239102793593,34.812636400970675,21.071811958081195,STEADY,OK,31.216666666666665
9,236,22.35,65,MONITOR,31.826053175938917,29.744473687820427,34.74587098599751,21.004398029454364,STEADY,OK,31.15
9,237,22.416666666666668,66,MONITOR,31.757376873858323,29.675797385739834,34.677194683916916,20.936614411314043,STEADY,OK,31.083333333333332
9,238,22.483333333333334,66,MONITOR,31.688700571777737,29.607121083659248,34.60851838183633,20.86883079317373,STEADY,OK,31.016666666666666
9,239,22.533333333333335,66,MONITOR,31.638081949611287,29.556502461492798,34.55789975966988,20.81783621131898,STEADY,OK,30.966666666666665
9,240,22.9,66,MONITOR,31.27079666077818,29.189217172659692,34.19061447083678,20.45017496279757,STEADY,OK,30.6
9,241,22.966666666666665,66,MONITOR,31.203768807577976,29.122189319459487,34.12358661763657,20.382093886382645,STEADY,OK,30.533333333333335
9,242,23.033333333333335,66,MONITOR,31.13674095437776,29.05516146625927,34.05655876443635,20.314012809967718,STEADY,OK,30.466666666666665
9,243,23.1,66,MONITOR,31.06997741397341,28.988397925854922,33.98979522403201,20.246409190442222,STEADY,OK,30.4
9,244,23.15,66,MONITOR,31.019880540235732,28.938301052117243,33.93969835029433,20.195472237583395,STEADY,OK,30.35
9,245,23.216666666666665,66,MONITOR,30.951629082711694,28.870049594593205,33.87144689277029,20.127179077612464,STEADY,OK,30.283333333333335
9,246,23.283333333333335,66,MONITOR,30.883377625187645,28.801798137069156,33.80319543524624,20.05888591764153,STEADY,OK,30.216666666666665
9,247,23.35,66,MONITOR,30.81590396261455,28.73432447449606,33.735721772673145,19.99211073385429,STEADY,OK,30.15
9,248,23.416666666666668,66,MONITOR,30.74843030004146,28.66685081192297,33.66824811010005,19.92533555006705,STEADY,OK,30.083333333333332
9,249,23.483333333333334,66,MONITOR,30.679935936356294,28.598356448237805,33.59975374641489,19.85860602071054,STEADY,OK,30.016666666666666
9,250,23.533333333333335,66,MONITOR,30.628108239337795,28.546528751219306,33.54792604939639,19.808543158020694,STEADY,OK,29.966666666666665
9,251,23.6,66,MONITOR,30.5570419530603,28.47546246494181,33.476859763118895,19.74145794089467,STEADY,OK,29.9
9,252,23.666666666666668,66,MONITOR,30.485975666782796,28.404396178664307,33.40579347684139,19.674372723768645,STEADY,OK,29.833333333333332
9,253,23.733333333333334,66,MONITOR,30.415872580849253,28.334293092730764,33.33569039090785,19.606516588881,STEADY,OK,29.766666666666666
9,254,24.066666666666666,67,MONITOR,30.079102828249045,27.997523340130556,32.99892063830764,19.27199378732669,STEADY,OK,29.433333333333334
9,255,24.133333333333333,67,MONITOR,30.0121432595544,27.93056377143591,32.931961069612996,19.205190899910754,STEADY,OK,29.366666666666667
9,256,24.2,67,MONITOR,29.945183690859754,28.15264306433388,32.270918528709686,19.13838801249481,STEADY,OK,29.3
9,257,24.266666666666666,67,MONITOR,29.87808813278494,28.085547506259065,32.203822970634874,19.071056476785913,STEADY,OK,29.233333333333334
9,258,24.333333333333332,67,MONITOR,29.810992574710124,28.01845194818425,32.13672741256006,19.00372494107702,STEADY,OK,29.166666666666668
9,259,24.383333333333333,67,MONITOR,29.75963634494581,27.967095718419937,32.08537118279575,18.953257851675993,STEADY,OK,29.116666666666667
9,260,24.45,67,MONITOR,29.69161344851484,27.899072821988966,32.01734828636478,18.8861240956083,STEADY,OK,29.05
9,261,24.516666666666666,67,MONITOR,29.62273161849774,27.830190991971865,31.948466456347674,18.818568940014593,STEADY,OK,28.983333333333334
9,262,24.9,68,MONITOR,29.237183121813963,27.44464249528809,31.5629179596639,18.4361240956083,STEADY,OK,28.6
9,263,24.966666666666665,68,MONITOR,29.17049246175866,27.377951835232786,31.496227299608595,18.36992451834266,STEADY,OK,28.533333333333335
9,264,25.033333333333335,68,MONITOR,29.10380180170336,27.311261175177485,31.429536639553294,18.302790762274963,STEADY,OK,28.466666666666665
9,265,25.1,68,MONITOR,29.035774737658834,27.24323411113296,31.36150957550877,18.235235606681258,STEADY,OK,28.4
9,266,25.15,68,MONITOR,28.984414340280985,27.19187371375511,31.31014917813092,18.18434711775422,STEADY,OK,28.35
9,267,25.216666666666665,68,MONITOR,28.916124319617833,27.12358369309196,31.24185915746777,18.11636973835972,STEADY,OK,28.283333333333335
9,268,25.283333333333335,68,MONITOR,28.847834298954677,27.055293672428803,31.173569136804613,18.048392358965213,STEADY,OK,28.216666666666665
9,269,25.65,69,MONITOR,28.480352889803278,26.687812263277404,30.806087727653214,17.683036405026385,STEADY,OK,27.85
9,270,25.7,69,MONITOR,28.42953814731855,26.636997520792676,30.755272985168485,17.63172569229855,STEADY,OK,27.8
9,271,25.766666666666666,69,MONITOR,28.361489540985787,26.568948914459913,30.687224378835722,17.564350237682348,STEADY,OK,27.733333333333334
9,272,25.833333333333332,69,MONITOR,28.293440934653017,26.500900308127143,30.619175772502953,17.496974783066147,STEADY,OK,27.666666666666668
9,273,25.9,69,MONITOR,28.226124025903836,26.433583399377962,30.551858863753772,17.42999426946357,STEADY,OK,27.6
9,274,25.966666666666665,69,MONITOR,28.158807117154655,26.36626649062878,30.48454195500459,17.363013755860994,STEADY,OK,27.533333333333335
9,275,26.033333333333335,69,MONITOR,28.090570827020276,26.298030200494402,30.41630566487021,17.295523647341017,STEADY,OK,27.466666666666665
9,276,26.1,69,MONITOR,28.0223345368859,26.229793910360026,30.348069374735836,17.228033538821045,STEADY,OK,27.4
9,277,26.15,70,MONITOR,27.971786016978605,26.17924539045273,30.29752085482854,17.175816665312624,STEADY,OK,27.35
9,278,26.216666666666665,70,MONITOR,27.90457083040464,26.112030203878767,30.230305668254577,17.106933125137534,STEADY,OK,27.283333333333335
9,279,26.283333333333335,70,MONITOR,27.837660284714946,26.045119658189073,30.163395122564882,17.039358420946254,STEADY,OK,27.216666666666665
9,280,26.35,70,MONITOR,27.770749739025256,25.978209112499382,30.09648457687519,16.971783716754977,STEADY,OK,27.15
9,281,26.416666666666668,70,MONITOR,27.703000692960547,25.910460066434673,30.028735530810483,16.904838195699885,STEADY,OK,27.083333333333332
9,282,26.483333333333334,70,MONITOR,27.63525164689584,25.842711020369965,29.960986484745774,16.8378926746448,STEADY,OK,27.016666666666666
9,283,26.816666666666666,71,MONITOR,27.301715870393938,25.509175243868064,29.627450708243874,16.50411057776139,STEADY,OK,26.683333333333334
9,284,26.883333333333333,71,MONITOR,27.234846760558703,25.44230613403283,29.56058159840864,16.436995147544657,STEADY,OK,26.616666666666667
9,285,26.933333333333334,71,MONITOR,27.184829994054052,25.39228936752818,29.510564831903988,16.387443911094724,STEADY,OK,26.566666666666666
9,286,27.0,71,MONITOR,27.118146560882735,25.32560593435686,29.44388139873267,16.321226007978133,STEADY,OK,26.5
9,287,27.066666666666666,71,MONITOR,27.04888513171652,25.256344505190647,29.374619969566456,16.254838195699886,STEADY,OK,26.433333333333334
9,288,27.133333333333333,71,MONITOR,26.979623702550306,25.187083076024432,29.305358540400242,16.188450383421646,STEADY,OK,26.366666666666667
9,289,27.2,71,MONITOR,26.912755973032564,25.12021534650669,29.2384908108825,16.12269175427959,STEADY,OK,26.3
9,290,27.266666666666666,71,MONITOR,26.84588824351482,25.053347616988948,29.171623081364757,16.056933125137533,STEADY,OK,26.233333333333334
9,291,27.65,72,MONITOR,26.462316323453834,24.66977569692796,28.78805116130377,15.675816665312624,STEADY,OK,25.85
9,292,27.716666666666665,72,MONITOR,26.395411070059513,24.60287044353364,28.72114590790945,15.611366872154381,STEADY,OK,25.783333333333335
9,293,27.766666666666666,72,MONITOR,26.343937655794164,24.55139702926829,28.6696724936441,15.562190314007687,STEADY,OK,25.733333333333334
9,294,27.833333333333332,72,MONITOR,26.27579757486215,24.483256948336276,28.601532412712086,15.494700205487714,STEADY,OK,25.666666666666668
9,295,27.9,72,MONITOR,26.207211123048616,24.414670496522742,28.53294596089855,15.425816665312624,STEADY,OK,25.6
9,296,27.966666666666665,72,MONITOR,26.13862467123509,24.346084044709215,28.464359509085025,15.356933125137534,STEADY,OK,25.533333333333335
9,297,28.033333333333335,73,MONITOR,26.07117370955346,24.278633083027586,28.396908547403395,15.289358420946254,STEADY,OK,25.466666666666665
9,298,28.383333333333333,73,MONITOR,25.720389414538502,23.92784878801263,28.046124252388438,14.938450383421646,STEADY,OK,25.116666666666667
9,299,28.45,73,MONITOR,25.652763409910367,23.860222783384494,27.978498247760303,14.871504862366553,STEADY,OK,25.05
9,300,28.516666666666666,73,MONITOR,25.58513740528224,23.792596778756366,27.910872243132175,14.804559341311467,STEADY,OK,24.983333333333334
9,301,28.583333333333332,73,MONITOR,25.518146130447935,23.72560550392206,27.84388096829787,14.737443911094726,STEADY,OK,24.916666666666668
9,302,28.65,74,MONITOR,25.45115485561363,23.658614229087757,27.776889693463566,14.670328480877991,STEADY,OK,24.85
9,303,28.716666666666665,74,MONITOR,25.38256739783885,23.590026771312978,27.708302235688787,14.603112742305488,STEADY,OK,24.783333333333335
9,304,28.766666666666666,74,MONITOR,25.33064660673074,23.538105980204865,27.656381444580674,14.552563670399657,STEADY,OK,24.733333333333334
9,305,28.833333333333332,74,MONITOR,25.260882396367922,23.46834176984205,27.586617234217858,14.484275674235374,STEADY,OK,24.666666666666668
9,306,28.9,74,MONITOR,25.191118186005106,23.398577559479232,27.51685302385504,14.415987678071097,STEADY,OK,24.6
9,307,28.966666666666665,74,MONITOR,25.123896388839544,23.33135576231367,27.44963122668948,14.349305660210664,STEADY,OK,24.533333333333335
9,308,29.033333333333335,74,MONITOR,25.056674591673985,23.264133965148112,27.38240942952392,14.282623642350227,STEADY,OK,24.466666666666665
9,309,29.1,74,MONITOR,24.988954832882875,23.196414206357,27.31468967073281,14.21433749861464,STEADY,OK,24.4
9,310,29.166666666666668,74,MONITOR,24.921235074091772,23.1286944475659,27.246969911941708,14.146051354879052,STEADY,OK,24.333333333333332
9,311,29.216666666666665,74,MONITOR,24.86980957609048,23.077268949564605,27.195544413940414,14.095788270208363,STEADY,OK,24.283333333333335
9,312,29.566666666666666,75,MONITOR,24.518384078089174,22.7258434515633,26.84411891593911,13.74552518553767,STEADY,OK,23.933333333333334
9,313,29.616666666666667,75,MONITOR,24.466060684845324,22.67352005831945,26.79179552269526,13.693823828999875,STEADY,OK,23.883333333333333
9,314,29.683333333333334,75,MONITOR,24.397070624934802,22.60452999840893,26.722805462784738,13.625455805795415,STEADY,OK,23.816666666666666
9,315,29.75,75,MONITOR,24.32690558408754,22.534364957561667,26.652640421937477,13.558778036954777,STEADY,OK,23.75
9,316,29.816666666666666,75,MONITOR,24.256740543240273,22.4641999167144,26.58247538109021,13.492100268114132,STEADY,OK,23.683333333333334
9,317,29.883333333333333,76,MONITOR,24.18869095987592,22.396150333350047,26.514425797725856,13.42326119359442,STEADY,OK,23.616666666666667
9,318,29.95,76,MONITOR,24.12064137651156,22.328100749985687,26.446376214361496,13.354422119074709,STEADY,OK,23.55
9,319,30.0,76,MONITOR,24.069210101428503,22.27666947490263,26.39494493927844,13.304233699665005,STEADY,OK,23.5
9,320,30.4,76,MONITOR,23.667778826345447,21.875238199819574,25.993513664195383,12.90442211907471,STEADY,OK,23.1
9,321,30.45,76,MONITOR,23.61770468232581,21.825164055799938,25.943439520175748,12.856594526927754,STEADY,OK,23.05
9,322,30.516666666666666,76,MONITOR,23.550963871639517,21.758423245113644,25.876698709489453,12.787755452408042,STEADY,OK,22.983333333333334
9,323,30.583333333333332,77,MONITOR,23.48379261126996,21.691251984744085,25.809527449119894,12.720900366331673,STEADY,OK,22.916666666666668
9,324,30.65,77,MONITOR,23.416621350900392,21.62408072437452,25.74235618875033,12.654045280255296,STEADY,OK,22.85
9,325,30.716666666666665,77,MONITOR,23.349931888319954,21.55739126179408,25.67566672616989,12.586510349602438,STEADY,OK,22.783333333333335
9,326,30.783333333333335,77,MONITOR,23.283242425739513,21.49070179921364,25.60897726358945,12.518975418949584,STEADY,OK,22.716666666666665
9,327,31.133333333333333,77,MONITOR,22.933265221653286,21.140724595127413,25.259000059503222,12.165901397678333,STEADY,OK,22.366666666666667
9,328,31.2,77,MONITOR,22.86657575907285,21.074035132546975,25.192310596922784,12.096160709740406,STEADY,OK,22.3
9,329,31.266666666666666,78,MONITOR,22.799821005333484,21.00728037880761,25.12555584318342,12.029323173464455,STEADY,OK,22.233333333333334
9,330,31.333333333333332,78,MONITOR,22.73306625159412,20.940525625068247,25.058801089444056,11.962485637188504,STEADY,OK,22.166666666666668
9,331,31.4,78,MONITOR,22.665260456586672,20.8727198300608,24.99099529443661,11.894021557080343,STEADY,OK,22.1
9,332,31.45,78,MONITOR,22.61412132824589,20.821580701720016,24.939856166095826,11.842224143638841,STEADY,OK,22.05
9,333,31.516666666666666,78,MONITOR,22.546366707450822,20.75382608092495,24.872101545300758,11.774937644224408,STEADY,OK,21.983333333333334
9,334,31.583333333333332,78,MONITOR,22.478612086655755,20.68607146012988,24.80434692450569,11.707651144809969,STEADY,OK,21.916666666666668
9,335,31.65,78,MONITOR,22.411836129036594,20.61929550251072,24.73757096688653,11.640412637373359,STEADY,OK,21.85
9,336,31.716666666666665,78,MONITOR,22.34506017141744,20.552519544891567,24.670795009267376,11.57317412993675,STEADY,OK,21.783333333333335
9,337,31.783333333333335,78,MONITOR,22.277933000661353,20.48539237413548,24.60366783851129,11.505997699711639,STEADY,OK,21.716666666666665
9,338,31.85,78,MONITOR,22.21080582990527,20.418265203379395,24.536540667755204,11.438821269486532,STEADY,OK,21.65
9,339,31.9,78,MONITOR,22.15888893729582,20.366348310769947,24.484623775145756,11.388277692015528,STEADY,OK,21.6
9,340,31.966666666666665,79,MONITOR,22.090305378019696,20.297764751493823,24.416040215869632,11.321067447877848,STEADY,OK,21.533333333333335
9,341,32.3,79,MONITOR,21.755147769414293,19.96260714288842,24.08088260726423,10.986323876572712,STEADY,OK,21.200000000000003
9,342,32.36666666666667,79,MONITOR,21.686656827475545,19.89411620094967,24.01239166532548,10.91824697193423,STEADY,OK,21.133333333333333
9,343,32.43333333333333,79,MONITOR,21.619781644758667,19.827241018232794,23.945516482608603,10.851229997231442,STEADY,OK,21.06666666666667
9,344,32.5,79,MONITOR,21.55290646204179,19.760365835515916,23.878641299891726,10.784213022528647,STEADY,OK,21.0
9,345,32.56666666666667,79,MONITOR,21.485467072478343,19.69292644595247,23.81120191032828,10.71732503212462,STEADY,OK,20.93333333333333
9,346,32.63333333333333,79,MONITOR,21.418027682914904,19.62548705638903,23.74376252076484,10.6504370417206,STEADY,OK,20.866666666666667
9,347,32.7,80,MONITOR,21.348902819125072,19.5563621925992,23.67463765697501,10.580612220710563,STEADY,OK,20.799999999999997
9,348,32.75,80,MONITOR,21.296444622001914,19.50390399547604,23.62217945985185,10.527454066367198,STEADY,OK,20.75
9,349,33.13333333333333,80,MONITOR,20.910126363869963,19.11758573734409,23.2358612017199,10.147278887377233,STEADY,OK,20.366666666666667
9,350,33.2,80,MONITOR,20.840474772404676,19.047934145878802,23.16620961025461,10.077454066367196,STEADY,OK,20.299999999999997
9,351,33.266666666666666,80,MONITOR,20.772727335991974,18.9801867094661,23.09846217384191,10.010211174277536,STEADY,OK,20.233333333333334
9,352,33.333333333333336,80,MONITOR,20.704979899579257,18.912439273053383,23.030714737429193,9.94296828218787,STEADY,OK,20.166666666666664
9,353,33.4,81,MONITOR,20.63823250435275,18.845691877826876,22.963967342202686,9.875927320468385,STEADY,OK,20.1
9,354,33.46666666666667,81,MONITOR,20.571485109126243,18.77894448260037,22.89721994697618,9.808886358748893,STEADY,OK,20.03333333333333
9,355,33.516666666666666,81,MONITOR,20.519619661254268,18.727079034728394,22.845354499104204,9.758405140910654,STEADY,OK,19.983333333333334
9,356,33.88333333333333,81,MONITOR,20.151087546715623,18.35854692018975,22.47682238456556,9.391257256405744,STEADY,OK,19.616666666666667
9,357,33.95,81,MONITOR,20.083526194098184,18.29098556757231,22.40926103194812,9.324264629695541,STEADY,OK,19.549999999999997
9,358,34.016666666666666,81,MONITOR,20.015964841480752,18.22342421495488,22.341699679330688,9.257272002985346,STEADY,OK,19.483333333333334
9,359,34.083333333333336,82,MONITOR,19.947595334723644,18.199216612850677,22.249506720577735,9.18904190166063,STEADY,OK,19.416666666666664
9,360,34.15,82,MONITOR,19.879225827966543,18.130847106093576,22.181137213820634,9.120811800335922,STEADY,OK,19.35
9,361,34.21666666666667,82,MONITOR,19.811902875443096,18.06352415357013,22.113814261297186,9.05261483480433,STEADY,OK,19.28333333333333
9,362,34.266666666666666,82,MONITOR,19.761246589586314,18.012867867713346,22.063157975440404,9.001084535939405,STEADY,OK,19.233333333333334
9,363,34.333333333333336,82,MONITOR,19.694567486013135,17.946188764140167,21.996478871867225,8.932944740621572,STEADY,OK,19.166666666666664
9,364,34.4,82,MONITOR,19.62788838243997,17.879509660567003,21.92979976829406,8.864804945303753,STEADY,OK,19.1
9,365,34.46666666666667,82,MONITOR,19.559449516621697,17.81107079474873,21.861360902475788,8.796902098535305,STEADY,OK,19.03333333333333
9,366,34.53333333333333,82,MONITOR,19.49101065080344,17.74263192893047,21.79292203665753,8.728999251766865,STEADY,OK,18.96666666666667
9,367,34.6,82,MONITOR,19.422670457380157,17.67429173550719,21.724581843234247,8.66215736767817,STEADY,OK,18.9
9,368,34.65,82,MONITOR,19.370996930623548,17.62261820875058,21.67290831647764,8.61198215025614,STEADY,OK,18.85
9,369,34.71666666666667,82,MONITOR,19.303945592748732,17.555566870875765,21.605856978602823,8.544279074149763,STEADY,OK,18.78333333333333
9,370,35.06666666666667,83,MONITOR,18.95356092154058,17.20518219966761,21.25547230739467,8.193242664710056,STEADY,OK,18.43333333333333
9,371,35.11666666666667,83,MONITOR,18.902105507716655,17.153726785843688,21.204016893570746,8.141954957610984,STEADY,OK,18.383333333333333
9,372,35.18333333333333,83,MONITOR,18.833983427226066,17.0856047053531,21.135894813080156,8.074000583845248,STEADY,OK,18.31666666666667
9,373,35.25,83,MONITOR,18.76698222522805,17.01860350335508,21.06889361108214,8.00543353788246,STEADY,OK,18.25
9,374,35.31666666666667,83,MONITOR,18.69998102323003,16.951602301357063,21.00189240908412,7.936866491919673,STEADY,OK,18.18333333333333
9,375,35.38333333333333,83,MONITOR,18.632994963448915,16.884616241575948,20.934906349303006,7.869874327034182,STEADY,OK,18.116666666666667
9,376,35.45,84,MONITOR,18.566008903667793,16.817630181794826,20.867920289521884,7.802882162148684,STEADY,OK,18.049999999999997
9,377,35.516666666666666,84,MONITOR,18.497529547701333,16.749150825828366,20.799440933555424,7.734410183786679,STEADY,OK,17.983333333333334
9,378,35.9,85,MONITOR,18.116008903667797,16.36763018179483,20.417920289521888,7.3492715387580105,STEADY,OK,17.6
9,379,35.95,85,MONITOR,18.064196214367996,16.31581749249503,20.366107600222087,7.298783664088582,STEADY,OK,17.549999999999997
9,380,36.016666666666666,85,MONITOR,17.99571685840153,16.247338136528562,20.29762824425562,7.231629122752494,STEADY,OK,17.483333333333334
9,381,36.083333333333336,85,MONITOR,17.927625115819367,16.1792463939464,20.229536501673458,7.164375797727189,STEADY,OK,17.416666666666664
9,382,36.15,86,MONITOR,17.859533373237213,16.111154651364245,20.161444759091303,7.097122472701891,STEADY,OK,17.35
9,383,36.21666666666667,86,MONITOR,17.79072294446827,16.042344222595304,20.092634330322362,7.028652680098702,STEADY,OK,17.28333333333333
9,384,36.28333333333333,86,MONITOR,17.72191251569933,15.973533793826363,20.02382390155342,6.96018288749552,STEADY,OK,17.21666666666667
9,385,36.63333333333333,87,MONITOR,17.374056277801607,15.62567755592864,19.675967663655697,6.60995286016162,STEADY,OK,16.866666666666667
9,386,36.7,87,MONITOR,17.307467100627782,15.559088378754815,19.609378486481873,6.543056166161044,STEADY,OK,16.799999999999997
9,387,36.766666666666666,88,MONITOR,17.23968980816356,15.491311086290594,19.54160119401765,6.4763146612173585,STEADY,OK,16.733333333333334
9,388,36.833333333333336,88,MONITOR,17.171912515699326,15.423533793826358,19.473823901553416,6.409573156273673,STEADY,OK,16.666666666666664
9,389,36.9,88,MONITOR,17.104925803134712,15.356547081261745,19.406837188988803,6.341959293981226,STEADY,OK,16.6
9,390,36.95,88,MONITOR,17.05460575723675,15.306227035363783,19.35651714309084,6.291012098355438,STEADY,OK,16.549999999999997
9,391,37.016666666666666,89,MONITOR,16.986528173226162,15.238149451353195,19.288439559080253,6.224196672130262,STEADY,OK,16.483333333333334
9,392,37.083333333333336,89,MONITOR,16.918450589215574,15.170071867342607,19.220361975069665,6.157381245905086,STEADY,OK,16.416666666666664
9,393,37.15,89,MONITOR,16.850852439476988,15.10247371760402,19.15276382533108,6.089328753560004,STEADY,OK,16.35
9,394,37.21666666666667,89,MONITOR,16.7832542897384,15.034875567865434,19.085165675592492,6.021276261214908,STEADY,OK,16.28333333333333
9,395,37.28333333333333,89,MONITOR,16.71417906991212,14.965800348039153,19.01609045576621,5.952690515361439,STEADY,OK,16.21666666666667
9,396,37.333333333333336,90,MONITOR,16.66177051675249,14.913391794879523,18.96368190260658,5.9007714361746295,STEADY,OK,16.166666666666664
9,397,37.4,90,MONITOR,16.595085027832923,14.846706305959955,18.896996413687013,5.832736884571794,STEADY,OK,16.1
9,398,37.46666666666667,90,MONITOR,16.528399538913348,14.78002081704038,18.83031092476744,5.764702332968959,STEADY,OK,16.03333333333333
9,399,37.8,91,MONITOR,16.194115903449315,14.445737181576348,18.496027289303406,5.4307737104128435,STEADY,OK,15.700000000000003
9,400,37.86666666666667,92,MONITOR,16.12649893465194,14.378120212778974,18.428410320506032,5.363511754523387,STEADY,OK,15.633333333333333
9,401,37.93333333333333,92,MONITOR,16.058749637150534,14.310370915277566,18.360661023004624,5.296230351486756,STEADY,OK,15.56666666666667
9,402,38.0,92,MONITOR,15.99100033964912,14.242621617776152,18.29291172550321,5.2289489484501175,STEADY,OK,15.5
9,403,38.06666666666667,92,MONITOR,15.924138996438835,14.175760274565867,18.226050382292925,5.161744440363343,STEADY,OK,15.43333333333333
9,404,38.13333333333333,92,MONITOR,15.85727765322855,14.108898931355583,18.15918903908264,5.094539932276582,STEADY,OK,15.366666666666667
9,405,38.18333333333333,93,MONITOR,15.807117419263257,14.05873869739029,18.109028805117347,5.043153736056446,STEADY,OK,15.31666666666667
9,406,38.25,93,MONITOR,15.740290518631298,13.99191179675833,18.04220190448539,4.9751008731696444,STEADY,OK,15.25
9,407,38.63333333333333,94,MONITOR,15.356472475338379,13.608093753465411,17.65838386119247,4.593153736056443,STEADY,OK,14.866666666666667
9,408,38.7,94,MONITOR,15.289321098712122,13.540942376839155,17.591232484566213,4.525100873169642,STEADY,OK,14.799999999999997
9,409,38.766666666666666,95,MONITOR,15.21861452109534,13.470235799222372,17.52052590694943,4.455095828394306,STEADY,OK,14.733333333333334
9,410,38.833333333333336,95,MONITOR,15.14790794347855,13.399529221605583,17.44981932933264,4.385090783618956,STEADY,OK,14.666666666666664
9,411,38.9,95,MONITOR,15.081216661161243,13.332837939288275,17.383128047015333,4.317700070915784,STEADY,OK,14.600000000000001
9,412,38.96666666666667,95,MONITOR,15.014525378843928,13.26614665697096,17.316436764698018,4.250309358212604,STEADY,OK,14.533333333333331
9,413,39.016666666666666,96,MONITOR,14.964454342369862,13.25393547996345,17.256258287275468,4.198445475027071,STEADY,OK,14.483333333333334
9,414,39.38333333333333,97,MONITOR,14.597858712177263,12.887339849770852,16.88966265708287,3.83364269154594,STEADY,OK,14.116666666666667
9,415,39.45,97,MONITOR,14.531121009036525,12.820602146630113,16.82292495394213,3.7677000709157795,STEADY,OK,14.049999999999997
9,416,39.516666666666666,97,MONITOR,14.464383305895794,12.753864443489382,16.7561872508014,3.700309358212607,STEADY,OK,13.983333333333334
9,417,39.56666666666667,97,MONITOR,14.411782780931894,12.701263918525482,16.7035867258375,3.648445475027067,STEADY,OK,13.93333333333333
9,418,39.63333333333333,98,MONITOR,14.342515589301335,12.631996726894924,16.63431953420694,3.5799149251748688,STEADY,OK,13.866666666666667
9,419,39.7,98,MONITOR,14.275646976696628,12.565128114290216,16.567450921602234,3.512491320640464,STEADY,OK,13.799999999999997
9,420,39.766666666666666,98,MONITOR,14.208778364091927,12.498259501685515,16.500582308997533,3.4450677161060668,STEADY,OK,13.733333333333334
9,421,39.833333333333336,98,MONITOR,14.141690844388613,12.431171981982201,16.43349478929422,3.376603722141631,STEADY,OK,13.666666666666664
9,422,39.9,99,MONITOR,14.074603324685306,12.364084462278894,16.366407269590912,3.3081397281772027,STEADY,OK,13.600000000000001
9,423,39.96666666666667,99,MONITOR,14.007132009973098,12.296613147566687,16.298935954878704,3.2407775367626215,STEADY,OK,13.533333333333331
9,424,40.016666666666666,99,MONITOR,13.956327361927563,12.245808499521152,16.24813130683317,3.190082012014713,STEADY,OK,13.483333333333334
9,425,40.083333333333336,99,MONITOR,13.88894317198654,12.178424309580128,16.180747116892146,3.1229613951341975,STEADY,OK,13.416666666666664
9,426,40.15,99,MONITOR,13.821558982045524,12.111040119639112,16.11336292695113,3.055840778253689,STEADY,OK,13.350000000000001
9,427,40.21666666666667,100,MONITOR,13.753454984502476,12.042936122096064,16.04525892940808,2.9889813717972586,STEADY,OK,13.283333333333331
9,428,40.55,101,MONITOR,13.418684320292769,11.708165457886357,15.710488265198375,2.6558407782536904,STEADY,OK,12.950000000000003
9,429,40.61666666666667,101,MONITOR,13.351885962101996,11.641367099695584,15.643689907007602,2.589628061800866,STEADY,OK,12.883333333333333
9,430,40.68333333333333,101,MONITOR,13.28508760391123,11.574568741504818,15.576891548816835,2.523415345348049,STEADY,OK,12.81666666666667
9,431,40.75,101,MONITOR,13.215600705012399,11.505081842605987,15.507404649918005,2.45744420342929,STEADY,OK,12.75
9,432,40.81666666666667,102,MONITOR,13.146113806113569,11.435594943707157,15.437917751019175,2.3914730615105313,STEADY,OK,12.68333333333333
9,433,40.86666666666667,102,MONITOR,13.095457387987658,11.384938525581246,15.387261332893264,2.3432703888082997,STEADY,OK,12.633333333333333
9,434,40.93333333333333,102,MONITOR,13.028134303195081,11.31761544078867,15.319938248100687,2.2784010494394025,STEADY,OK,12.56666666666667
9,435,41.0,102,MONITOR,12.96090424425931,11.2503853818529,15.252708189164917,2.212491320640467,STEADY,OK,12.5
9,436,41.38333333333333,103,MONITOR,12.577007518656885,10.866488656250473,14.86881146356249,1.8299149251748688,STEADY,OK,12.116666666666667
9,437,41.45,103,MONITOR,12.509811324682758,10.799292462276346,14.801615269588364,1.7651121416937343,STEADY,OK,12.049999999999997
9,438,41.516666666666666,103,MONITOR,12.442615130708639,10.732096268302227,14.734419075614245,1.700309358212607,STEADY,OK,11.983333333333334
9,439,41.583333333333336,104,MONITOR,12.375621665685053,10.665102803278641,14.667425610590659,1.6343667375824467,STEADY,OK,11.916666666666664
9,440,41.65,104,MONITOR,12.308628200661481,10.59810933825507,14.600432145567087,1.5684241169522934,STEADY,OK,11.850000000000001
9,441,41.7,104,MONITOR,12.257492185908632,10.54697332350222,14.549296130814238,1.521762495060969,STEADY,OK,11.799999999999997
9,442,41.766666666666666,104,MONITOR,12.189689504489124,10.479170642082712,14.48149344939473,1.4584342065029787,STEADY,OK,11.733333333333334
9,443,42.13333333333333,105,MONITOR,11.822605309268575,10.112086446862163,14.11440925417418,1.0931537360564434,STEADY,OK,11.366666666666667
9,444,42.2,105,MONITOR,11.755521114048022,10.04500225164161,14.047325058953628,1.0278732656099123,STEADY,OK,11.299999999999997
9,445,42.25,105,MONITOR,11.705345058877732,9.99482619647132,13.997149003783338,0.9784111070300128,STEADY,OK,11.25
9,446,42.31666666666667,105,MONITOR,11.63850233704077,9.927983474634358,13.930306281946375,0.9122822817834475,STEADY,OK,11.18333333333333
9,447,42.38333333333333,105,MONITOR,11.571811366045225,9.861292503638813,13.86361531095083,0.8462303514867529,STEADY,OK,11.116666666666667
9,448,42.45,105,MONITOR,11.505120395049673,9.794601532643261,13.796924339955279,0.7801784211900511,STEADY,OK,11.049999999999997
9,449,42.516666666666666,105,MONITOR,11.43801287825756,9.727494015851148,13.729816823163166,0.714107043746175,STEADY,OK,10.983333333333334
9,450,42.583333333333336,105,MONITOR,11.37090536146544,9.660386499059028,13.662709306371045,0.6480356663022917,STEADY,OK,10.916666666666664
9,451,42.63333333333333,105,MONITOR,11.320099140118927,9.609580277712515,13.611903085024533,0.5994035512384599,STEADY,OK,10.866666666666667
9,452,42.7,105,MONITOR,11.252626252105742,9.54210738969933,13.544430197011348,0.5341047695079624,STEADY,OK,10.799999999999997
9,453,42.766666666666666,106,MONITOR,11.18285925602973,9.472340393623318,13.474663200935336,0.4681635036544378,STEADY,OK,10.733333333333334
9,454,42.833333333333336,106,MONITOR,11.113092259953717,9.402573397547306,13.404896204859323,0.40222223780089905,STEADY,OK,10.666666666666664
9,455,42.9,106,MONITOR,11.045523329281131,9.33500446687472,13.337327274186737,0.33629201620090043,STEADY,OK,10.600000000000001
9,456,42.96666666666667,106,MONITOR,10.977954398608532,9.26743553620212,13.269758343514138,0.2703617946008947,STEADY,OK,10.533333333333331
9,457,43.3,106,MONITOR,10.644574808424501,8.93405594601809,12.936378753330107,0.0,ACCELERATED,WATCH,10.200000000000003
9,458,43.36666666666667,107,MONITOR,10.57786188490713,8.867343022500718,12.869665829812735,0.0,ACCELERATED,WATCH,10.133333333333333
9,459,43.43333333333333,107,MONITOR,10.51026854287825,8.79974968047184,12.802072487783857,0.0,ACCELERATED,WATCH,10.06666666666667
9,460,43.483333333333334,107,MONITOR,10.45934186751603,8.74882300510962,12.751145812421637,0.0,ACCELERATED,WATCH,10.016666666666666
9,461,43.55,107,MONITOR,10.387711720773481,8.67719285836707,12.679515665679087,0.0,ACCELERATED,WATCH,9.950000000000003
9,462,43.61666666666667,107,MONITOR,10.316081574030925,8.605562711624513,12.60788551893653,0.0,ACCELERATED,WATCH,9.883333333333333
9,463,43.68333333333333,107,MONITOR,10.248280487714666,8.537761625308255,12.540084432620272,0.0,ACCELERATED,WATCH,9.81666666666667
9,464,43.75,107,MONITOR,10.1804794013984,8.46996053899199,12.472283346304007,0.0,ACCELERATED,WATCH,9.75
9,465,44.13333333333333,108,MONITOR,9.796135763662583,8.10960304373257,12.111090699372209,0.0,ACCELERATED,PLAN_REPLACEMENT,9.366666666666667
9,466,44.2,108,MONITOR,9.728458792593422,8.041926072663408,12.043413728303047,0.0,ACCELERATED,PLAN_REPLACEMENT,9.299999999999997
9,467,44.25,108,MONITOR,9.67738090997463,7.990848190044616,11.992335845684256,0.0,ACCELERATED,PLAN_REPLACEMENT,9.25
9,468,44.31666666666667,108,MONITOR,9.609636360689173,7.923103640759159,11.924591296398798,0.0,ACCELERATED,PLAN_REPLACEMENT,9.18333333333333
9,469,44.38333333333333,108,MONITOR,9.542566860904536,7.856034140974522,11.857521796614162,0.0,ACCELERATED,PLAN_REPLACEMENT,9.116666666666667
9,470,44.45,108,MONITOR,9.475497361119892,7.788964641189878,11.790452296829518,0.0,ACCELERATED,PLAN_REPLACEMENT,9.049999999999997
9,471,44.516666666666666,109,MONITOR,9.408725909909805,7.722193189979791,11.72368084561943,0.0,ACCELERATED,PLAN_REPLACEMENT,8.983333333333334
9,472,44.86666666666667,109,MONITOR,9.058621125366379,7.372088405436365,11.373576061076005,0.0,ACCELERATED,PLAN_REPLACEMENT,8.633333333333333
9,473,44.93333333333333,109,MONITOR,8.990629560595849,7.304096840665835,11.305584496305475,0.0,ACCELERATED,PLAN_REPLACEMENT,8.56666666666667
9,474,45.0,109,MONITOR,8.922637995825312,7.236105275895298,11.237592931534937,0.0,ACCELERATED,PLAN_REPLACEMENT,8.5
9,475,45.06666666666667,109,MONITOR,8.855851001553084,7.16931828162307,11.17080593726271,0.0,ACCELERATED,PLAN_REPLACEMENT,8.43333333333333
9,476,45.13333333333333,110,MONITOR,8.789064007280864,7.10253128735085,11.10401894299049,0.0,ACCELERATED,PLAN_REPLACEMENT,8.366666666666667
9,477,45.2,110,MONITOR,8.720883284952507,7.034350565022493,11.035838220662132,0.0,ACCELERATED,PLAN_REPLACEMENT,8.299999999999997
9,478,45.266666666666666,110,MONITOR,8.652702562624157,6.966169842694143,10.967657498333782,0.0,ACCELERATED,PLAN_REPLACEMENT,8.233333333333334
9,479,45.31666666666667,110,MONITOR,8.602071642985912,6.915538923055898,10.917026578695538,0.0,ACCELERATED,PLAN_REPLACEMENT,8.18333333333333
9,480,45.38333333333333,110,MONITOR,8.534774056681009,6.848241336750995,10.849728992390634,0.0,ACCELERATED,PLAN_REPLACEMENT,8.116666666666667
9,481,45.45,110,MONITOR,8.467661781845635,6.781129061915621,10.78261671755526,0.0,ACCELERATED,PLAN_REPLACEMENT,8.049999999999997
9,482,45.516666666666666,110,MONITOR,8.400549507010268,6.714016787080254,10.715504442719894,0.0,ACCELERATED,PLAN_REPLACEMENT,7.983333333333334
9,483,45.583333333333336,110,MONITOR,8.333239916557616,6.646707196627602,10.648194852267242,0.0,ACCELERATED,PLAN_REPLACEMENT,7.916666666666664
9,484,45.65,110,MONITOR,8.265930326104971,6.5793976061749575,10.580885261814597,0.0,ACCELERATED,PLAN_REPLACEMENT,7.850000000000001
9,485,45.7,110,MONITOR,8.215263287121587,6.528730567191573,10.530218222831213,0.0,ACCELERATED,PLAN_REPLACEMENT,7.799999999999997
9,486,46.05,111,MONITOR,7.864596248138213,6.178063528208199,10.179551183847838,0.0,ACCELERATED,PLAN_REPLACEMENT,7.450000000000003
9,487,46.1,111,MONITOR,7.814461616344552,6.127928896414538,10.129416552054177,0.0,ACCELERATED,PLAN_REPLACEMENT,7.399999999999999
9,488,46.166666666666664,111,MONITOR,7.747660317884225,6.061127597954211,10.062615253593851,0.0,ACCELERATED,PLAN_REPLACEMENT,7.333333333333336
9,489,46.233333333333334,111,MONITOR,7.680943063146202,5.994410343216188,9.995897998855828,0.0,ACCELERATED,PLAN_REPLACEMENT,7.266666666666666
9,490,46.3,111,MONITOR,7.614225808408179,5.927693088478165,9.929180744117804,0.0,ACCELERATED,PLAN_REPLACEMENT,7.200000000000003
9,491,46.36666666666667,112,MONITOR,7.545516838467883,5.858984118537869,9.860471774177508,0.0,ACCELERATED,PLAN_REPLACEMENT,7.133333333333333
9,492,46.43333333333333,112,MONITOR,7.476807868527594,5.79027514859758,9.79176280423722,0.0,ACCELERATED,PLAN_REPLACEMENT,7.06666666666667
9,493,46.5,112,MONITOR,7.408110089668021,5.721577369738007,9.723065025377647,0.0,ACCELERATED,PLAN_REPLACEMENT,7.0
9,494,46.88333333333333,113,MONITOR,7.022745644141786,5.336212924211772,9.337700579851411,0.0,ACCELERATED,PLAN_REPLACEMENT,6.616666666666667
9,495,46.95,113,MONITOR,6.95541820986157,5.268885489931556,9.270373145571195,0.0,ACCELERATED,PLAN_REPLACEMENT,6.549999999999997
9,496,47.0,114,MONITOR,6.904757442248027,5.218224722318013,9.219712377957652,0.0,ACCELERATED,PLAN_REPLACEMENT,6.5
9,497,47.06666666666667,114,MONITOR,6.838028893841653,5.151496173911639,9.152983829551278,0.0,ACCELERATED,PLAN_REPLACEMENT,6.43333333333333
9,498,47.13333333333333,114,MONITOR,6.771300345435286,5.084767625505272,9.086255281144911,0.0,ACCELERATED,PLAN_REPLACEMENT,6.366666666666667
9,499,47.2,115,MONITOR,6.703170370292426,5.016637650362412,9.018125306002052,0.0,ACCELERATED,PLAN_REPLACEMENT,6.299999999999997
9,500,47.266666666666666,115,MONITOR,6.635040395149581,4.948507675219567,8.949995330859206,0.0,ACCELERATED,PLAN_REPLACEMENT,6.233333333333334
9,501,47.61666666666667,116,MONITOR,6.284414746024588,4.597882026094574,8.599369681734213,0.0,ACCELERATED,PLAN_REPLACEMENT,5.883333333333333
9,502,47.68333333333333,117,MONITOR,6.217122430232941,4.530589710302927,8.532077365942566,0.0,ACCELERATED,PLAN_REPLACEMENT,5.81666666666667
9,503,47.75,117,MONITOR,6.149740610611438,4.463207890681424,8.464695546321064,0.0,ACCELERATED,PLAN_REPLACEMENT,5.75
9,504,47.81666666666667,117,MONITOR,6.082358790989936,4.395826071059922,8.397313726699561,0.0,ACCELERATED,PLAN_REPLACEMENT,5.68333333333333
9,505,47.88333333333333,117,MONITOR,6.014599066424182,4.328066346494168,8.329554002133808,0.0,ACCELERATED,PLAN_REPLACEMENT,5.616666666666667
9,506,47.95,118,MONITOR,5.946839341858421,4.27913440360565,8.261299587626652,0.0,ACCELERATED,PLAN_REPLACEMENT,5.549999999999997
9,507,48.0,118,MONITOR,5.896213255246224,4.2285083169934525,8.210673501014455,0.0,ACCELERATED,PLAN_REPLACEMENT,5.5
9,508,48.06666666666667,118,MONITOR,5.828920501967346,4.161215563714575,8.143380747735577,0.0,ACCELERATED,PLAN_REPLACEMENT,5.43333333333333
9,509,48.13333333333333,119,MONITOR,5.761940780942261,4.09423584268949,8.076401026710492,0.0,ACCELERATED,PLAN_REPLACEMENT,5.366666666666667
9,510,48.2,119,MONITOR,5.694961059917169,4.027256121664398,8.0094213056854,0.0,ACCELERATED,PLAN_REPLACEMENT,5.299999999999997
9,511,48.266666666666666,119,MONITOR,5.627934822322587,3.9602298840698156,7.942395068090818,0.0,ACCELERATED,PLAN_REPLACEMENT,5.233333333333334
9,512,48.333333333333336,119,MONITOR,5.560908584728004,3.893203646475233,7.875368830496235,0.0,ACCELERATED,PLAN_REPLACEMENT,5.166666666666664
9,513,48.38333333333333,120,MONITOR,5.510345122320878,3.842640184068107,7.824805368089109,0.0,ACCELERATED,PLAN_REPLACEMENT,5.116666666666667
9,514,48.45,120,MONITOR,5.443114993247072,3.7754100549943006,7.757575239015303,0.0,ACCELERATED,PLAN_REPLACEMENT,5.049999999999997
9,515,48.78333333333333,121,MONITOR,5.1097789681916055,3.4420740299388344,7.4242392139598365,0.0,ACCELERATED,PLAN_REPLACEMENT,4.716666666666669
9,516,48.85,122,MONITOR,5.043109609802798,3.3754046715500268,7.357569855571029,0.0,ACCELERATED,PLAN_REPLACEMENT,4.649999999999999
9,517,48.916666666666664,122,MONITOR,4.9753048588752975,3.3075999206225264,7.289765104643529,0.0,ACCELERATED,PLAN_REPLACEMENT,4.583333333333336
9,518,48.983333333333334,122,MONITOR,4.90750010794779,3.239795169695019,7.221960353716021,0.0,ACCELERATED,PLAN_REPLACEMENT,4.516666666666666
9,519,49.05,122,MONITOR,4.840327253864672,3.1726223156119007,7.154787499632903,0.0,ACCELERATED,PLAN_REPLACEMENT,4.450000000000003
9,520,49.11666666666667,123,MONITOR,4.7731543997815535,3.1054494615287824,7.087614645549785,0.0,ACCELERATED,PLAN_REPLACEMENT,4.383333333333333
9,521,49.18333333333333,123,MONITOR,4.706480131285339,3.038775193032568,7.02094037705357,0.0,ACCELERATED,PLAN_REPLACEMENT,4.31666666666667
9,522,49.233333333333334,123,MONITOR,4.656472529455783,2.988767591203012,6.970932775224014,0.0,ACCELERATED,PLAN_REPLACEMENT,4.266666666666666
9,523,49.61666666666667,125,MONITOR,4.273101100204329,2.6053961619515578,6.58756134597256,0.0,ACCELERATED,REPLACE_NOW,3.883333333333333
9,524,49.68333333333333,125,MONITOR,4.206396337619545,2.5386913993667735,6.520856583387776,0.0,ACCELERATED,REPLACE_NOW,3.81666666666667
9,525,49.75,125,MONITOR,4.139441935991655,2.4717369977388843,6.4539021817598865,0.0,ACCELERATED,REPLACE_NOW,3.75
9,526,49.81666666666667,125,MONITOR,4.072487534363766,2.404782596110995,6.386947780131997,0.0,ACCELERATED,REPLACE_NOW,3.68333333333333
9,527,49.88333333333333,125,MONITOR,4.00241799659419,2.3347130583414186,6.316878242362421,0.0,ACCELERATED,REPLACE_NOW,3.616666666666667
9,528,49.95,126,MONITOR,3.932348458824606,2.264643520571835,6.246808704592837,0.0,ACCELERATED,REPLACE_NOW,3.549999999999997
9,529,50.016666666666666,126,MONITOR,3.8655499796567696,2.1978450414039985,6.180010225425001,0.0,ACCELERATED,REPLACE_NOW,3.4833333333333343
9,530,50.36666666666667,127,MONITOR,3.5154181671555946,1.8477132289028233,5.829878412923826,0.0,ACCELERATED,REPLACE_NOW,3.133333333333333
9,531,50.43333333333333,127,MONITOR,3.4468466201260597,1.7791416818732884,5.761306865894291,0.0,ACCELERATED,REPLACE_NOW,3.06666666666667
9,532,50.5,127,MONITOR,3.3782750730965176,1.7105701348437463,5.692735318864749,0.0,ACCELERATED,REPLACE_NOW,3.0
9,533,50.56666666666667,127,MONITOR,3.3115979666140234,1.643893028361252,5.6260582123822545,0.0,ACCELERATED,REPLACE_NOW,2.93333333333333
9,534,50.63333333333333,127,MONITOR,3.2449208601315362,1.577215921878765,5.559381105899767,0.0,ACCELERATED,REPLACE_NOW,2.866666666666667
9,535,50.7,128,MONITOR,3.1779112307773403,1.510206292524569,5.492371476545571,0.0,ACCELERATED,REPLACE_NOW,2.799999999999997
9,536,50.75,128,MONITOR,3.127568268089817,1.4598633298370458,5.442028513858048,0.0,ACCELERATED,REPLACE_NOW,2.75
9,537,50.81666666666667,128,MONITOR,3.059366800459088,1.3916618622063168,5.373827046227319,0.0,ACCELERATED,REPLACE_NOW,2.68333333333333
9,538,50.88333333333333,128,MONITOR,2.9911653328283663,2.009058195784094,5.247529261411297,0.0,ACCELERATED,REPLACE_NOW,2.616666666666667
9,539,50.95,128,MONITOR,2.9238163767348198,1.9417092396905473,5.180180305317751,0.0,ACCELERATED,REPLACE_NOW,2.549999999999997
9,540,51.016666666666666,129,MONITOR,2.8564674206412803,1.874360283597008,5.112831349224211,0.0,ACCELERATED,REPLACE_NOW,2.4833333333333343
9,541,51.083333333333336,129,MONITOR,2.7889886596702027,1.8068815226259303,5.045352588253134,0.0,ACCELERATED,REPLACE_NOW,2.4166666666666643
9,542,51.13333333333333,129,MONITOR,2.738176565365798,1.7560694283215255,4.994540493948729,0.0,ACCELERATED,REPLACE_NOW,2.366666666666667
9,543,51.2,129,MONITOR,2.6707075766862687,1.6886004396419962,4.9270715052692,0.0,ACCELERATED,REPLACE_NOW,2.299999999999997
9,544,51.55,130,MONITOR,2.319905254673415,1.3377981176291427,4.576269183256346,0.0,ACCELERATED,REPLACE_NOW,1.9500000000000028
9,545,51.6,130,MONITOR,2.2696610186835144,1.287553881639242,4.526024947266445,0.0,ACCELERATED,REPLACE_NOW,1.8999999999999986
9,546,51.666666666666664,130,MONITOR,2.202750116026948,1.2206429789826756,4.459114044609879,0.0,ACCELERATED,REPLACE_NOW,1.8333333333333357
9,547,51.733333333333334,131,MONITOR,2.1360090043379927,1.1539018672937202,4.392372932920924,0.0,ACCELERATED,REPLACE_NOW,1.7666666666666657
9,548,51.8,131,MONITOR,2.0692678926490515,1.087160755604779,4.325631821231982,0.0,ACCELERATED,REPLACE_NOW,1.7000000000000028
9,549,51.86666666666667,131,MONITOR,2.0022149110257104,1.020107773981438,4.258578839608641,0.0,ACCELERATED,REPLACE_NOW,1.6333333333333329
9,550,51.93333333333333,131,MONITOR,1.9351619294023834,0.9530547923581111,4.191525857985314,0.0,ACCELERATED,REPLACE_NOW,1.56666666666667
9,551,51.983333333333334,131,MONITOR,1.8843692372971788,0.9022621002529064,4.14073316588011,0.0,ACCELERATED,REPLACE_NOW,1.5166666666666657
9,552,52.38333333333333,133,MONITOR,1.4835765451919727,0.5014694081477004,3.7399404737749036,0.0,ACCELERATED,REPLACE_NOW,1.1166666666666671
9,553,52.43333333333333,134,MONITOR,1.433563075914691,0.45145593887041857,3.689927004497622,0.0,ACCELERATED,REPLACE_NOW,1.06666666666667
9,554,52.5,134,MONITOR,1.3668829399707363,0.38477580292646396,3.623246868553667,0.0,ACCELERATED,REPLACE_NOW,1.0
9,555,52.56666666666667,134,MONITOR,1.299930615131757,0.31782347808748457,3.556294543714688,0.0,ACCELERATED,REPLACE_NOW,0.93333333333333
9,556,52.63333333333333,135,MONITOR,1.2329782902927846,0.2508711532485123,3.4893422188757155,0.0,ACCELERATED,REPLACE_NOW,0.8666666666666671
9,557,52.7,135,MONITOR,1.164670302772123,0.1825631657278507,3.421034231355054,0.0,ACCELERATED,REPLACE_NOW,0.7999999999999972
9,558,52.766666666666666,135,MONITOR,1.0963623152514685,0.11425517820719622,3.3527262438343994,0.0,ACCELERATED,REPLACE_NOW,0.7333333333333343
9,559,53.11666666666667,137,MONITOR,0.7462258072095977,0.0,3.0025897357925286,0.0,ACCELERATED,REPLACE_NOW,0.38333333333333286
9,560,53.18333333333333,138,MONITOR,0.6796956485848042,0.0,2.936059577167735,0.0,ACCELERATED,REPLACE_NOW,0.31666666666667
9,561,53.25,138,MONITOR,0.6146703027721259,0.0,2.8710342313550568,0.0,ACCELERATED,REPLACE_NOW,0.25
9,562,53.31666666666667,138,MONITOR,0.5496449569594475,0.0,2.8060088855423784,0.0,ACCELERATED,REPLACE_NOW,0.18333333333333002
9,563,53.38333333333333,139,MONITOR,0.483263948465094,0.0,2.739627877048025,0.0,ACCELERATED,REPLACE_NOW,0.11666666666666714
9,564,53.43333333333333,139,MONITOR,0.43354960663740627,0.0,2.689913535220337,0.0,ACCELERATED,REPLACE_NOW,0.06666666666666998
9,565,53.5,140,MONITOR,0.3668964092480209,0.0,2.623260337830952,0.0,ACCELERATED,REPLACE_NOW,0.0
9,566,53.56666666666667,140,MONITOR,0.30024321185863556,0.0,2.5566071404415665,0.0,ACCELERATED,REPLACE_NOW,0.0
9,567,53.63333333333333,140,MONITOR,0.23436923729718018,0.0,2.490733165880111,0.0,ACCELERATED,REPLACE_NOW,0.0
9,568,53.7,141,MONITOR,0.16849526273571058,0.0,2.4248591913186415,0.0,ACCELERATED,REPLACE_NOW,0.0
9,569,53.766666666666666,141,MONITOR,0.10221491102571179,0.0,2.3585788396086427,0.0,ACCELERATED,REPLACE_NOW,0.0
9,570,53.81666666666667,141,MONITOR,0.05260122598237871,0.0,2.3089651545653096,0.0,ACCELERATED,REPLACE_NOW,0.0
9,571,53.88333333333333,142,MONITOR,0.0,0.0,2.256363928582931,0.0,END_OF_LIFE,REPLACE_NOW,0.0
9,572,53.95,142,MONITOR,0.0,0.0,2.256363928582931,0.0,END_OF_LIFE,REPLACE_NOW,0.0
9,573,54.28333333333333,144,MONITOR,0.0,0.0,2.256363928582931,0.0,END_OF_LIFE,REPLACE_NOW,0.0
9,574,54.35,144,MONITOR,0.0,0.0,2.256363928582931,0.0,END_OF_LIFE,REPLACE_NOW,0.0
9,575,54.416666666666664,145,MONITOR,0.0,0.0,2.256363928582931,0.0,END_OF_LIFE,REPLACE_NOW,0.0
9,576,54.483333333333334,145,MONITOR,0.0,0.0,2.256363928582931,0.0,END_OF_LIFE,REPLACE_NOW,0.0
9,577,54.55,145,MONITOR,0.0,0.0,2.256363928582931,0.0,END_OF_LIFE,REPLACE_NOW,0.0
9,578,54.61666666666667,146,MONITOR,0.0,0.0,2.256363928582931,0.0,END_OF_LIFE,REPLACE_NOW,0.0
9,579,54.666666666666664,146,MONITOR,0.0,0.0,2.256363928582931,0.0,END_OF_LIFE,REPLACE_NOW,0.0
9,580,54.733333333333334,146,MONITOR,0.0,0.0,2.256363928582931,0.0,END_OF_LIFE,REPLACE_NOW,0.0
9,581,55.11666666666667,148,MONITOR,0.0,0.0,2.256363928582931,0.0,END_OF_LIFE,REPLACE_NOW,0.0
9,582,55.18333333333333,149,MONITOR,0.0,0.0,2.256363928582931,0.0,END_OF_LIFE,REPLACE_NOW,0.0
9,583,55.25,149,MONITOR,0.0,0.0,2.256363928582931,0.0,END_OF_LIFE,REPLACE_NOW,0.0
9,584,55.31666666666667,149,MONITOR,0.0,0.0,2.256363928582931,0.0,END_OF_LIFE,REPLACE_NOW,0.0
9,585,55.38333333333333,150,MONITOR,0.0,0.0,2.256363928582931,0.0,END_OF_LIFE,REPLACE_NOW,0.0
9,586,55.45,150,MONITOR,0.0,0.0,2.256363928582931,0.0,END_OF_LIFE,REPLACE_NOW,0.0
9,587,55.5,150,MONITOR,0.0,0.0,2.256363928582931,0.0,END_OF_LIFE,REPLACE_NOW,0.0
9,588,55.86666666666667,152,MONITOR,0.0,0.0,2.256363928582931,0.0,END_OF_LIFE,REPLACE_NOW,0.0
9,589,55.93333333333333,152,MONITOR,0.0,0.0,2.256363928582931,0.0,END_OF_LIFE,REPLACE_NOW,0.0
9,590,56.0,153,MONITOR,0.0,0.0,2.256363928582931,0.0,END_OF_LIFE,REPLACE_NOW,0.0
9,591,56.06666666666667,153,MONITOR,0.0,0.0,2.256363928582931,0.0,END_OF_LIFE,REPLACE_NOW,0.0
9,592,56.11666666666667,153,MONITOR,0.0,0.0,2.256363928582931,0.0,END_OF_LIFE,REPLACE_NOW,0.0
9,593,56.18333333333333,153,MONITOR,0.0,0.0,2.256363928582931,0.0,END_OF_LIFE,REPLACE_NOW,0.0
9,594,56.25,154,MONITOR,0.0,0.0,2.256363928582931,0.0,END_OF_LIFE,REPLACE_NOW,0.0
9,595,56.31666666666667,154,MONITOR,0.0,0.0,2.256363928582931,0.0,END_OF_LIFE,REPLACE_NOW,0.0
9,596,56.38333333333333,154,MONITOR,0.0,0.0,2.256363928582931,0.0,END_OF_LIFE,REPLACE_NOW,0.0
9,597,56.45,155,MONITOR,0.0,0.0,2.256363928582931,0.0,END_OF_LIFE,REPLACE_NOW,0.0
9,598,56.5,155,MONITOR,0.0,0.0,2.256363928582931,0.0,END_OF_LIFE,REPLACE_NOW,0.0
9,599,56.56666666666667,155,MONITOR,0.0,0.0,2.256363928582931,0.0,END_OF_LIFE,REPLACE_NOW,0.0
9,600,56.63333333333333,156,MONITOR,0.0,0.0,2.256363928582931,0.0,END_OF_LIFE,REPLACE_NOW,0.0
9,601,56.7,156,MONITOR,0.0,0.0,2.256363928582931,0.0,END_OF_LIFE,REPLACE_NOW,0.0
9,602,57.03333333333333,157,MONITOR,0.0,0.0,2.256363928582931,0.0,END_OF_LIFE,REPLACE_NOW,0.0
9,603,57.1,158,MONITOR,0.0,0.0,2.256363928582931,0.0,END_OF_LIFE,REPLACE_NOW,0.0
9,604,57.166666666666664,158,MONITOR,0.0,0.0,2.256363928582931,0.0,END_OF_LIFE,REPLACE_NOW,0.0
9,605,57.233333333333334,158,MONITOR,0.0,0.0,2.256363928582931,0.0,END_OF_LIFE,REPLACE_NOW,0.0
9,606,57.3,159,MONITOR,0.0,0.0,2.256363928582931,0.0,END_OF_LIFE,REPLACE_NOW,0.0
9,607,57.35,159,MONITOR,0.0,0.0,2.256363928582931,0.0,END_OF_LIFE,REPLACE_NOW,0.0
9,608,57.416666666666664,159,MONITOR,0.0,0.0,2.256363928582931,0.0,END_OF_LIFE,REPLACE_NOW,0.0
9,609,57.483333333333334,160,MONITOR,0.0,0.0,2.256363928582931,0.0,END_OF_LIFE,REPLACE_NOW,0.0
